13414,NO OF LATE,REMARKS,Ref# ID,Portals,Order No.,Buyer Name,Picture,Order Date,Quantity,COTTON/JUTE,SIZE,Tassel/Fringes,Expected date,Status,HOLD/ CANCELLED DATE,Dispatch Date,SKU,Photos,Delivery Date,Complete Name,street,Street2,City,State,Zip,Country,Phone,Email,Tags,Company,Company Type,GST Treatment,PRODUCTS,Size,Pcs.,Price,Column 2,HSN CODE,DTP PAYMENT RECEIVED,CHECK BY,SHIPPING DATE,STATUS,EST DATE 1,EST DATE 2,Rcvd. Date,Rcvd. Paper date,"SEND PAPER
DATE"
,,,RF-12289,ETSY-CASAVANI,4016428740,Callie Giovanna Shields,,1-Apr-2026,,COTTON DHURRIE,2 X 10 FT,No,6-Apr-2026,DISPATCHED,,6-Apr-2026,STK-82R,Dispatch,,Callie Giovanna Shields,660 Village Blvd,,Incline Village,NV,89451,United States,9175950974,,CUSTOMER,HETALLS GLOBAL PRIVATE LIMITED,Individual,Consumer,COTTON DHURRIE-STK-82R,2 X 10 FT,,$104.65,HANDMADE COTTON DHURRIE-STK-82R-2 X 10 FT,57050024,,,,,,,,,
,,,RF-12290,AMAZON,306-4299690-8171504,Kirstin,,1-Apr-2026,,CHINDI COTTON-JUTE,4 FT ROUND,Yes,7-Apr-2026,DISPATCHED,,7-Apr-2026,VI-79A,Dispatch,,"
Kirstin Knuschke",AM WALLER SEE 44,,BREMEN,,28219,Germany,0421/6169261,,CUSTOMER,HETALLS GLOBAL PRIVATE LIMITED,Individual,Consumer,CHINDI COTTON-JUTE-VI-79A,4 FT ROUND,,$78.74,HANDMADE CHINDI COTTON-JUTE-VI-79A-4 FT ROUND,57050039,,,,,,,5-Apr-2026,,
,,,RF-12291,AMAZON,111-4812052-1121061,Colleen,,1-Apr-2026,,COTTON DHURRIE,6 X 9 FT,Yes,6-Apr-2026,DISPATCHED,,9-Apr-2026,JHGD-02A,Dispatch,,Colleen Doyle,9 BAKER MOUNTAIN DR,,WINDHAM,ME,4062,United States,1 602-671-6610 ext. 05113,,CUSTOMER,HETALLS GLOBAL PRIVATE LIMITED,Individual,Consumer,COTTON DHURRIE-JHGD-02A,6 X 9 FT,,$280.00,HANDMADE COTTON DHURRIE-JHGD-02A-6 X 9 FT,57050024,,,,,,,,,
,,"Buyer cancellation
Cancellation reason: Item(s) Would Not Arrive on Time",RF-12292,AMAZON,111-4739419-9331461,"
Ronald Kovach",,1-Apr-2026,,COTTON DHURRIE,2.6 X 8 FT,Yes,6-Apr-2026,CANCELLED,"4/3/2026
cancelled",,HGD-129,Dispatch,,"
Ronald Kovach",16236 Cape Coral Dr,,Wimauma,FL,33598,United States,1 213-442-1463 ext. 21457,,CUSTOMER,HETALLS GLOBAL PRIVATE LIMITED,Individual,Consumer,COTTON DHURRIE-HGD-129,2.6 X 8 FT,,$96.00,HANDMADE COTTON DHURRIE-HGD-129-2.6 X 8 FT,57050024,,,,,,,,,
,,,RF-12293,AMAZON,113-8852879-6714605,STEVE TOWNSEND,,1-Apr-2026,,JUTE DHURRIE,2 X 3 FT,No,7-Apr-2026,DISPATCHED,,7-Apr-2026,VI-87E,Dispatch,,"
STEVE TOWNSEND",11 MANOR DR,,MILFORD,CT,6460,United States,1 207-835-4259 ext. 16750,,CUSTOMER,HETALLS GLOBAL PRIVATE LIMITED,Individual,Consumer,JUTE DHURRIE-VI-87E,2 X 3 FT,,$80.00,HANDMADE JUTE DHURRIE-VI-87E-2 X 3 FT,57050039,,,,,,,7-Apr-2026,,
,,,RF-12294,AMAZON,114-8570438-4001827,"
Stan Jackson",,1-Apr-2026,,COTTON DHURRIE,2 X 8 FT,No,6-Apr-2026,DISPATCHED,,6-Apr-2026,HP-259,Dispatch,,Stan Jackson,"Stan Jackson
73 IRON HILL WAY",,COLLEGEVILLE,PA,19426,United States,1 314-282-9402 ext. 31125,,CUSTOMER,HETALLS GLOBAL PRIVATE LIMITED,Individual,Consumer,COTTON DHURRIE-HP-259,2 X 8 FT,,$63.48,HANDMADE COTTON DHURRIE-HP-259-2 X 8 FT,57050024,,,,,,,,,
,,,RF-12295,AMAZON,114-3903370-0422665,deborah,,1-Apr-2026,,WOOL JUTE,2.6 X 4 FT,Yes,15-Apr-2026,DISPATCHED,,8-Apr-2026,WJRH-15,Dispatch,,deborah bergquist,"deborah bergquist
1009 ROSE RIVER CT",,HENDERSON,NV,89002,United States,1 480-618-5344 ext. 50084,,CUSTOMER,HETALLS GLOBAL PRIVATE LIMITED,Individual,Consumer,WOOL JUTE-WJRH-15,2.6 X 4 FT,,$70.00,HANDMADE WOOL JUTE-WJRH-15-2.6 X 4 FT,57050039,,,,,,,7-Apr-2026,8-Apr-2026,
,,,RF-12296,AMAZON,111-1944659-5127416,Kimber,,1-Apr-2026,,CHINDI COTTON-JUTE,2 X 3 FT,No,7-Apr-2026,DISPATCHED,,6-Apr-2026,NR-85,Dispatch,,Kimber,"Kimber
136 TURKEY CREEK RD",,GILA,NM,88038,United States,1 210-728-4548 ext. 98791,,CUSTOMER,HETALLS GLOBAL PRIVATE LIMITED,Individual,Consumer,CHINDI COTTON-JUTE-NR-85,2 X 3 FT,,$52.00,HANDMADE CHINDI COTTON-JUTE-NR-85-2 X 3 FT,57050039,,,,,,,5-Apr-2026,,
,,,RF-12297,ETSY-CASAVANI,4017097682,"	
Leah Sandman",,2-Apr-2026,,COTTON DHURRIE,18 X 55 Inch,No,7-Apr-2026,DISPATCHED,,7-Apr-2026,STK-26B,Dispatch,,"	
Leah Sandman","3825 S Peach Way
Denver, CO 80237
USA",,Denver,Colorado,80237,United States,,leah@sandgraphics.com,CUSTOMER,HETALLS GLOBAL PRIVATE LIMITED,Individual,Consumer,COTTON DHURRIE-CUSTOM SKU,18 X 55 Inch,1,$65.10,HANDMADE COTTON DHURRIE-CUSTOM SKU-18 X 55 Inch,57050024,,,,,,,,6-Apr-2026,
,TOP URGENT,TOP URGENT,RF-12298,AMAZON,111-4075949-0303418,Heather,,2-Apr-2026,,COTTON DHURRIE,4 X 6 FT,Yes,7-Apr-2026,DISPATCHED,,7-Apr-2026,HP-67E,Dispatch,,Heather Darcey,2521 GARNETFIELD LN,,FRIENDSWOOD,TX,77546,United States,1 929-436-4790 ext. 60641,,CUSTOMER,HETALLS GLOBAL PRIVATE LIMITED,Individual,Consumer,COTTON DHURRIE-HP-67E,4 X 6 FT,1,$155.00,HANDMADE COTTON DHURRIE-HP-67E-4 X 6 FT,57050024,,,,,,,,,
,TOP URGENT,TOP URGENT,RF-12299,AMAZON,702-5858017-1325005,Lisa,,2-Apr-2026,,COTTON DHURRIE,4 X 6 FT,Yes,7-Apr-2026,DISPATCHED,,8-Apr-2026,HGD-129,Dispatch,,Anaheim Realm LISA SET DEC,3500 Cornett Road,BLDG F LEVEL 3,Vancouver,British Columbia,V5M 2H5,Canada,6045008452,,CUSTOMER,HETALLS GLOBAL PRIVATE LIMITED,Individual,Consumer,COTTON DHURRIE-HGD-129,4 X 6 FT,2,$299.01,HANDMADE COTTON DHURRIE-HGD-129-4 X 6 FT,57050024,,,,,,,,8-Apr-2026,
,TOP URGENT,TOP URGENT,RF-12300-1/2,AMAZON,702-8450621-2240200,Lisa,,2-Apr-2026,,COTTON DHURRIE,4 X 6 FT,Yes,7-Apr-2026,DISPATCHED,,9-Apr-2026,HGD-N-138,Dispatch,,Anaheim Realm LISA SET DEC,3500 Cornett Road,BLDG F LEVEL 3,Vancouver,British Columbia,V5M 2H5,Canada,6045008452,,CUSTOMER,HETALLS GLOBAL PRIVATE LIMITED,Individual,Consumer,COTTON DHURRIE-HGD-N-138,4 X 6 FT,,$284.64,HANDMADE COTTON DHURRIE-HGD-N-138-4 X 6 FT,57050024,,,,,,,,9-Apr-2026,
,TOP URGENT,TOP URGENT,RF-12300-2/2,AMAZON,702-8450621-2240200,Lisa,,2-Apr-2026,,COTTON DHURRIE,4 X 6 FT,Yes,7-Apr-2026,DISPATCHED,,9-Apr-2026,HGD-125,Dispatch,,Anaheim Realm LISA SET DEC,3500 Cornett Road,BLDG F LEVEL 3,Vancouver,British Columbia,V5M 2H5,Canada,6045008452,,CUSTOMER,HETALLS GLOBAL PRIVATE LIMITED,Individual,Consumer,COTTON DHURRIE-HGD-125,4 X 6 FT,,$284.64,HANDMADE COTTON DHURRIE-HGD-125-4 X 6 FT,57050024,,,,,,,,9-Apr-2026,
,TOP URGENT,TOP URGENT,RF-12301,AMAZON,114-3553068-6692202,Adriana,,2-Apr-2026,,COTTON DHURRIE,4 X 6 FT,Yes,7-Apr-2026,DISPATCHED,,8-Apr-2026,HGD-129,Dispatch,,Adriana Escobar,Calle 18b sur #36-115,Apt 304,Medellin,Antioquia ,50021,Colombia,3133338427,,CUSTOMER,HETALLS GLOBAL PRIVATE LIMITED,Individual,Consumer,COTTON DHURRIE-HGD-129,4 X 6 FT,,$124.00,HANDMADE COTTON DHURRIE-HGD-129-4 X 6 FT,57050024,,,,,,,,7-Apr-2026,
,,,RF-12302,ETSY-RUGSFOREVER,4020084165,Joy Urban,,2-Apr-2026,,JUTE DHURRIE,9 FT SQUARE,No,8-Apr-2026,DISPATCHED,,9-Apr-2026,NR-153,Dispatch,,Joy Urban,8149 Westcott Ln SE,,Tumwater,WA ,98501,United States,3605567242,joyolympia@yahoo.com,CUSTOMER,HETALLS GLOBAL PRIVATE LIMITED,Individual,Consumer,JUTE DHURRIE-NR-153,9 FT SQUARE,,$419.25,HANDMADE JUTE DHURRIE-NR-153-9 FT SQUARE,57050039,,,,,,,7-Apr-2026,8-Apr-2026,
,,,RF-12303- 1/2,ETSY-RUGSFOREVER,4020329627,Zia,,2-Apr-2026,,CHINDI COTTON-JUTE,2.6 X 6 FT,No,7-Apr-2026,DISPATCHED,,10-Apr-2026,HW-51,Dispatch,,Zia Shepherd,503-415 MICHIGAN STREET,503,Victoria ,BC,V8V 1R8,Canada,2506865350,writelight@hotmail.com,CUSTOMER,HETALLS GLOBAL PRIVATE LIMITED,Individual,Consumer,CHINDI COTTON-JUTE-HW-51,2.6 X 6 FT,,$114.00,HANDMADE CHINDI COTTON-JUTE-HW-51-2.6 X 6 FT,57050039,,,,,,,,10-Apr-2026,
,,,RF-12303- 2/2,ETSY-RUGSFOREVER,4020329627,Zia,,2-Apr-2026,,CHINDI COTTON-JUTE,3 X 5 FT,No,7-Apr-2026,DISPATCHED,,10-Apr-2026,HW-51,Dispatch,,Zia Shepherd,503-415 MICHIGAN STREET,503,Victoria ,BC,V8V 1R8,Canada,2506865350,writelight@hotmail.com,CUSTOMER,HETALLS GLOBAL PRIVATE LIMITED,Individual,Consumer,CHINDI COTTON-JUTE-HW-51,3 X 5 FT,,$114.00,HANDMADE CHINDI COTTON-JUTE-HW-51-3 X 5 FT,57050039,,,,,,,,10-Apr-2026,
,,,RF-12304,ETSY-CASAVANI,4017165518,Alyssa Wahrman,,2-Apr-2026,,COTTON DHURRIE,2.6 X 22 FT,Yes,7-Apr-2026,DISPATCHED,,8-Apr-2026,HP-259A,Dispatch,,Alyssa Wahrman,3625 GLADSTONE BLVD,,KANSAS CITY,MO ,64123,United States,18167287901,alyssa.johnson0@gmail.com,CUSTOMER,HETALLS GLOBAL PRIVATE LIMITED,Individual,Consumer,COTTON DHURRIE-HP-259A,2.6 X 22 FT,,$278.20,HANDMADE COTTON DHURRIE-HP-259A-2.6 X 22 FT,57050024,,,,,,,,8-Apr-2026,
,,,RF-12305,ETSY-CASAVANI,4021050279,"	
Alison Jeannette",,3-Apr-2026,,COTTON DHURRIE,2.5 X 22 FT ,No,8-Apr-2026,DISPATCHED,,10-Apr-2026,HP-90R,Dispatch,,Alison Haigh,6501 Red Hook Plaza,Suite 201,St. Thomas,VI,802,United States,,alisonjeannette@gmail.com,CUSTOMER,HETALLS GLOBAL PRIVATE LIMITED,Individual,Consumer,COTTON DHURRIE-HP-90R,2.5 X 22 FT ,,$239.85,HANDMADE COTTON DHURRIE-HP-90R-2.5 X 22 FT ,57050024,,,,,,,,10-Apr-2026,
,,,RF-12306,ETSY-CASAVANI,4018515180,披田野芳美,,3-Apr-2026,,COTTON DHURRIE,2.6 X 8 FT,Yes,8-Apr-2026,DISPATCHED,,9-Apr-2026,HGD-129,Dispatch,,披田野芳美,〒362-0813,,埼玉県 北足立郡伊奈町 学園,Saitama,362-0813,Japan,9055804694,8grm6t9w6z@privaterelay.appleid.com,CUSTOMER,HETALLS GLOBAL PRIVATE LIMITED,Individual,Consumer,COTTON DHURRIE-HGD-129,2.6 X 8 FT,,$94.50,HANDMADE COTTON DHURRIE-HGD-129-2.6 X 8 FT,57050024,,,,,,,,9-Apr-2026,
,,QTY-1-(Set of 2),RF-12307,ETSY-RUGSFOREVER,4020997729,"	
Rachel Liners",,3-Apr-2026,,CHINDI COTTON-JUTE,13.50 X 30 INCH,No,9-Apr-2026,DISPATCHED,,7-Apr-2026,CSM-NR-33-Oval,Dispatch,,Rachel Liners,5221 37th Ave S,,Minneapolis,MN,55417,United States,,rachelliners@gmail.com,CUSTOMER,HETALLS GLOBAL PRIVATE LIMITED,Individual,Consumer,CHINDI COTTON-JUTE-CSM-NR-33-Oval,13.50 X 30 INCH,,$65.00,HANDMADE CHINDI COTTON-JUTE-CSM-NR-33-Oval-13.50 X 30 INCH,57050039,,,,,,,7-Apr-2026,7-Apr-2026,
,,QTY-1-(Set of 10),RF-12308,ETSY-RUGSFOREVER,4018378550,"	
Stacy",,3-Apr-2026,,JUTE DHURRIE,8 X 29 Inch,No,9-Apr-2026,DISPATCHED,,8-Apr-2026,NR-1100,Dispatch,,Stacy Skafas,19 Portsmouth Ave,,Seabrook,NH,3874,United States,,diburro1@aol.com,CUSTOMER,HETALLS GLOBAL PRIVATE LIMITED,Individual,Consumer,JUTE DHURRIE-NR-1100,8 X 29 Inch,,$126.75,HANDMADE JUTE DHURRIE-NR-1100-8 X 29 Inch,57050039,,,,,,,7-Apr-2026,7-Apr-2026,
,TOP URGENT,TOP URGENT,RF-12309,AMAZON,111-1816248-6677856,Tamika,,3-Apr-2026,,JUTE DHURRIE,2.6 X 4 FT SCALLOPED ,No,9-Apr-2026,DISPATCHED,,7-Apr-2026,NR-129,Dispatch,,April Scott,"April Scott
7861 GABLE DR",,DOUGLASVILLE,GA,30135,United States,1 415-851-9136 ext. 71309,,CUSTOMER,HETALLS GLOBAL PRIVATE LIMITED,Individual,Consumer,JUTE DHURRIE-NR-129,2.6 X 4 FT SCALLOPED ,,$128.00,HANDMADE JUTE DHURRIE-NR-129-2.6 X 4 FT SCALLOPED ,57050039,,,,,,,5-Apr-2026,6-Apr-2026,
,TOP URGENT,TOP URGENT,RF-12310,AMAZON,112-6153937-3913838,Lori,,3-Apr-2026,,COTTON DHURRIE,2.6 X 8 FT,Yes,8-Apr-2026,DISPATCHED,,9-Apr-2026,HP-253,Dispatch,,"
Lori Ripley",22714 SE 263rd Ct,,Maple Valley,WA ,98038,United States,1 415-851-9136 ext. 11705,,CUSTOMER,HETALLS GLOBAL PRIVATE LIMITED,Individual,Consumer,COTTON DHURRIE-HP-253,2.6 X 8 FT,,$96.00,HANDMADE COTTON DHURRIE-HP-253-2.6 X 8 FT,57050024,,,,,,,,,
,TOP URGENT,TOP URGENT,RF-12311,AMAZON,113-6155198-0017027,Robert,,4-Apr-2026,,WOOL JUTE,3 X 10 FT,Yes,18-Apr-2026,DISPATCHED,,16-Apr-2026,WJRH-21,Dispatch,,Cheryl Almy,31 S SHORE DR,,ORONDO,WA ,98843,United States,1 763-225-9463 ext. 19884,,CUSTOMER,HETALLS GLOBAL PRIVATE LIMITED,Individual,Consumer,WOOL JUTE-WJRH-21,3 X 10 FT,,$195.00,HANDMADE WOOL JUTE-WJRH-21-3 X 10 FT,57050039,,,,,,,14-Apr-2026,,
,TOP URGENT,TOP URGENT,RF-12312,AMAZON,114-5608931-1347435,Josiah,,4-Apr-2026,,COTTON DHURRIE,3 X 5 FT,Yes,9-Apr-2026,DISPATCHED,,9-Apr-2026,HP-271,Dispatch,,"
Mary Swanson",4621 HARRISON ST APT B,,KANSAS CITY,MO ,64110,United States,1 213-442-1463 ext. 7239,,CUSTOMER,HETALLS GLOBAL PRIVATE LIMITED,Individual,Consumer,COTTON DHURRIE-HP-271,3 X 5 FT,,$79.00,HANDMADE COTTON DHURRIE-HP-271-3 X 5 FT,57050024,,,,,,,,,
,TOP URGENT,TOP URGENT,RF-12313-1/2,AMAZON,112-8036931-8718658,Greg,,4-Apr-2026,,WOOL JUTE,4 FT SQUARE,Yes,18-Apr-2026,DISPATCHED,,15-Apr-2026,WJRH-13,Dispatch,,"
Greg Holland",803 BRASSIE WAY,,NEWPORT NEWS,VA,23602,United States,1 207-835-4259 ext. 50788,,CUSTOMER,HETALLS GLOBAL PRIVATE LIMITED,Individual,Consumer,WOOL JUTE-WJRH-13,4 FT SQUARE,,$82.50,HANDMADE WOOL JUTE-WJRH-13-4 FT SQUARE,57050039,,,,,,,14-Apr-2026,,
,TOP URGENT,TOP URGENT,RF-12313-2/2,AMAZON,112-8036931-8718658,Greg,,4-Apr-2026,,WOOL JUTE,2 X 6 FT,Yes,18-Apr-2026,DISPATCHED,,15-Apr-2026,WJRH-13,Dispatch,,"
Greg Holland",803 BRASSIE WAY,,NEWPORT NEWS,VA,23602,United States,1 207-835-4259 ext. 50788,,CUSTOMER,HETALLS GLOBAL PRIVATE LIMITED,Individual,Consumer,WOOL JUTE-WJRH-13,2 X 6 FT,,$63.75,HANDMADE WOOL JUTE-WJRH-13-2 X 6 FT,57050039,,,,,,,14-Apr-2026,,
,TOP URGENT,TOP URGENT,RF-12314,AMAZON,113-1051927-8953868,"
Elsie",,4-Apr-2026,,COTTON DHURRIE,2.6 X 10 FT,Yes,9-Apr-2026,DISPATCHED,,10-Apr-2026,HGD-129,Dispatch,,"
Elsie de los A Flores Vaca",19210 SW 30TH ST,,MIRAMAR,FL,33029,United States,1 602-671-6610 ext. 59499,,CUSTOMER,HETALLS GLOBAL PRIVATE LIMITED,Individual,Consumer,COTTON DHURRIE-HGD-129,2.6 X 10 FT,,$135.00,HANDMADE COTTON DHURRIE-HGD-129-2.6 X 10 FT,57050024,,,,,,,,9-Apr-2026,
,TOP URGENT,TOP URGENT,RF-12315,AMAZON,408-5456004-2843520,Patricia,,4-Apr-2026,,JUTE DHURRIE,4 X 6 FT,No,10-Apr-2026,DISPATCHED,,3-Apr-2026,HW-08E,Dispatch,,Patricia Solans,Avenida Alberto Alcocer 32,2º A,Madrid,Madrid,"Madrid
Madrid",Spain,34649862200,,CUSTOMER,HETALLS GLOBAL PRIVATE LIMITED,Individual,Consumer,JUTE DHURRIE-HW-08E,4 X 6 FT,,$248.49,HANDMADE JUTE DHURRIE-HW-08E-4 X 6 FT,57050039,,,,,,,10-Apr-2026,11-Apr-2026,
,TOP URGENT,TOP URGENT,RF-12316,AMAZON,305-5024876-5755555,Kyria,,4-Apr-2026,,JUTE DHURRIE,2.6 X 4 FT,No,10-Apr-2026,DISPATCHED,,7-Apr-2026,VI-87G,Dispatch,,"
kyria stilpnopulu",Bamberger Straße,9,Berlin,,10777,Germany,17655096548,,CUSTOMER,HETALLS GLOBAL PRIVATE LIMITED,Individual,Consumer,JUTE DHURRIE-VI-87G,2.6 X 4 FT,,$128.76,HANDMADE JUTE DHURRIE-VI-87G-2.6 X 4 FT,57050039,,,,,,,7-Apr-2026,7-Apr-2026,
,TOP URGENT,TOP URGENT,RF-12317,AMAZON,028-1278927-1094750,"
Tsedal",,4-Apr-2026,,WOOL JUTE,4 X 6 FT,Yes,18-Apr-2026,DISPATCHED,,16-Apr-2026,WJRH-13,Dispatch,,Tsedal Ghebremichael,Olgastraße 143,,"Olgastraße 143
Stuttgart",,70180,Germany,4917644430356,,CUSTOMER,HETALLS GLOBAL PRIVATE LIMITED,Individual,Consumer,WOOL JUTE-WJRH-13,4 X 6 FT,,$145.22,HANDMADE WOOL JUTE-WJRH-13-4 X 6 FT,57050039,,,,,,,14-Apr-2026,,
,,,RF-12318-1/2,ETSY-RUGSFOREVER,4021541029,Mary Fisher,,4-Apr-2026,,CHINDI COTTON-JUTE,2.6 X 8 FT,No,10-Apr-2026,DISPATCHED,,14-Apr-2026,HW-52,Dispatch,,Mary Fisher,44 Glasgow St,,Helensburgh,,G84 8YH,Scotland,,scarymary0@live.com,CUSTOMER,HETALLS GLOBAL PRIVATE LIMITED,Individual,Consumer,CHINDI COTTON-JUTE-HW-52,2.6 X 8 FT,,$135.00,HANDMADE CHINDI COTTON-JUTE-HW-52-2.6 X 8 FT,57050039,,,,,,,13-Apr-2026,14-Apr-2026,
,,,RF-12318-2/2,ETSY-RUGSFOREVER,4021541029,Mary Fisher,,4-Apr-2026,,CHINDI COTTON-JUTE,4 X 10 FT,No,10-Apr-2026,DISPATCHED,,14-Apr-2026,HW-52,Dispatch,,Mary Fisher,44 Glasgow St,,Helensburgh,,G84 8YH,Scotland,,scarymary0@live.com,CUSTOMER,HETALLS GLOBAL PRIVATE LIMITED,Individual,Consumer,CHINDI COTTON-JUTE-HW-52,4 X 10 FT,,$237.00,HANDMADE CHINDI COTTON-JUTE-HW-52-4 X 10 FT,57050039,,,,,,,13-Apr-2026,14-Apr-2026,
,,,RF-12319,ETSY-CASAVANI,4018808796,Jeanne Lombard,,4-Apr-2026,,COTTON DHURRIE,4 FT SQUARE,No,9-Apr-2026,DISPATCHED,,10-Apr-2026,STK-10A,Dispatch,,"Jeanne Lombard
",Apt 607 Tower 2 Porto Arabia,Zone 66,Doha,,,Qatar,974 6618 1929,jeanne.lombard@gmail.com,CUSTOMER,HETALLS GLOBAL PRIVATE LIMITED,Individual,Consumer,COTTON DHURRIE-STK-10A,4 FT SQUARE,,$77.00,HANDMADE COTTON DHURRIE-STK-10A-4 FT SQUARE,57050024,,,,,,,,9-Apr-2026,
,TOP URGENT,TOP URGENT,RF-12320,AMAZON,112-6939737-5044242,sarah,,4-Apr-2026,,JUTE DHURRIE,3 FT SQUARE,No,10-Apr-2026,DISPATCHED,,7-Apr-2026,NR-139,Dispatch,,"
sarah Manley",4376 KRAFT AVE,,STUDIO CITY,CA,91604,United States,1 480-618-5344 ext. 03350,,CUSTOMER,HETALLS GLOBAL PRIVATE LIMITED,Individual,Consumer,JUTE DHURRIE-NR-139,3 FT SQUARE,,$75.00,HANDMADE JUTE DHURRIE-NR-139-3 FT SQUARE,57050039,,,,,,,7-Apr-2026,7-Apr-2026,
,,,RF-12321,ETSY-CASAVANI,4023662343,Anne,,6-Apr-2026,,COTTON DHURRIE,2 X 6 FT,Yes,11-Apr-2026,DISPATCHED,,13-Apr-2026,STK-13D,Dispatch,,"Anne Paver
",La Biloterie Road,The Barn,St Saviour,Guernsey,GY7 9QY,Guernsey,44 7781 112180,anne.paver@permira.com,CUSTOMER,HETALLS GLOBAL PRIVATE LIMITED,Individual,Consumer,COTTON DHURRIE-STK-13D,2 X 6 FT,,$59.50,HANDMADE COTTON DHURRIE-STK-13D-2 X 6 FT,57050024,,,,,,,,11-Apr-2026,
,,,RF-12322,ETSY-CASAVANI,4020743120,"	
Alessandro Pettinelli",,6-Apr-2026,,COTTON DHURRIE,5 FT SQUARE,Yes,11-Apr-2026,DISPATCHED,,13-Apr-2026,STK-40S,Dispatch,,ALESSANDRO PETTINELLI c/o MBE,Viale dell'Aeronautica,53,Roma,RM,144,Italy,393396012759,alepet@gmail.com,CUSTOMER,HETALLS GLOBAL PRIVATE LIMITED,Individual,Consumer,COTTON DHURRIE-STK-40S,5 FT SQUARE,,$112.00,HANDMADE COTTON DHURRIE-STK-40S-5 FT SQUARE,57050024,,,,,,,,11-Apr-2026,
,TOP URGENT,TOP URGENT,RF-12323,AMAZON,112-1144360-2978634,"
Carol Nagourney",,6-Apr-2026,,JUTE DHURRIE,2 X 8 FT,No,12-Apr-2026,DISPATCHED,,10-Apr-2026,HW-45,Dispatch,,Carol Nagourney,58 EMBURY AVE,,OCEAN GROVE,NJ,7756,United States,1 619-854-2705 ext. 18122,,CUSTOMER,HETALLS GLOBAL PRIVATE LIMITED,Individual,Consumer,JUTE DHURRIE-HW-45,2 X 8 FT,,$146.00,HANDMADE JUTE DHURRIE-HW-45-2 X 8 FT,57050039,,,,,,,10-Apr-2026,10-Apr-2026,
,TOP URGENT,TOP URGENT,RF-12324-1/2,AMAZON,114-7259046-7501865, linda,,6-Apr-2026,,JUTE DHURRIE,4 X 10 FT,No,12-Apr-2026,DISPATCHED,,14-Apr-2026,NR-1055,Dispatch,,linda terry,"
2804 45TH ST S",,GULFPORT,FL,33711,United States,1 415-419-8616 ext. 74377,,CUSTOMER,HETALLS GLOBAL PRIVATE LIMITED,Individual,Consumer,JUTE DHURRIE-NR-1055,4 X 10 FT,,$224.25,HANDMADE JUTE DHURRIE-NR-1055-4 X 10 FT,57050039,,,,,,,13-Apr-2026,,
,TOP URGENT,TOP URGENT,RF-12324-2/2,AMAZON,114-7259046-7501865,linda,,6-Apr-2026,,JUTE DHURRIE,2.6 X 8 FT,No,12-Apr-2026,DISPATCHED,,14-Apr-2026,NR-1055,Dispatch,,linda terry,"
2804 45TH ST S",,GULFPORT,FL,33711,United States,1 415-419-8616 ext. 74377,,CUSTOMER,HETALLS GLOBAL PRIVATE LIMITED,Individual,Consumer,JUTE DHURRIE-NR-1055,2.6 X 8 FT,,$127.50,HANDMADE JUTE DHURRIE-NR-1055-2.6 X 8 FT,57050039,,,,,,,13-Apr-2026,,
,TOP URGENT,TOP URGENT,RF-12325-1/2,AMAZON,305-6467559-3060362,roxana,,6-Apr-2026,,JUTE DHURRIE,5 X 5 FT,No,12-Apr-2026,DISPATCHED,,16-Apr-2026, HW-15B,Dispatch,,Roxana LEIBELT,Am Hessenberg 5,,Hauneck,Hessen,36282,Germany,1749740134,,CUSTOMER,HETALLS GLOBAL PRIVATE LIMITED,Individual,Consumer,JUTE DHURRIE- HW-15B,5 X 5 FT,,$262.39,HANDMADE JUTE DHURRIE- HW-15B-5 X 5 FT,57050039,,,,,,,13-Apr-2026,15-Apr-2026,
,TOP URGENT,TOP URGENT,RF-12325-2/2,AMAZON,305-6467559-3060362,roxana,,6-Apr-2026,,JUTE DHURRIE,3 X 5 FT,No,12-Apr-2026,DISPATCHED,,16-Apr-2026, HW-13D,Dispatch,,Roxana LEIBELT,Am Hessenberg 5,,Hauneck,Hessen,36282,Germany,1749740134,,CUSTOMER,HETALLS GLOBAL PRIVATE LIMITED,Individual,Consumer,JUTE DHURRIE- HW-13D,3 X 5 FT,,$189.22,HANDMADE JUTE DHURRIE- HW-13D-3 X 5 FT,57050039,,,,,,,13-Apr-2026,15-Apr-2026,
,TOP URGENT,TOP URGENT,RF-12326,AMAZON,204-5318315-1708317,thaddeus,,6-Apr-2026,,WOOL JUTE,2 X 6 FT,Yes,20-Apr-2026,DISPATCHED,,17-Apr-2026,WJRH-15,Dispatch,,Thaddeus Hickman,22 YARDLEY STREET,,BRIGHTON,,BN1 4NU,United Kingdom,7540784533,,CUSTOMER,HETALLS GLOBAL PRIVATE LIMITED,Individual,Consumer,WOOL JUTE-WJRH-15,2 X 6 FT,,$70.49,HANDMADE WOOL JUTE-WJRH-15-2 X 6 FT,57050039,,,,,,,14-Apr-2026,17-Apr-2026,
,,QTY-1-(Set of 16),RF-12327,ETSY-RUGSFOREVER,4024779353,Chantal Bennett,,7-Apr-2026,,CHINDI COTTON-JUTE,9 X 28 Inch,No,13-Apr-2026,DISPATCHED,,14-Apr-2026,NR-1073,Dispatch,,Chantal Bennett,"26 Spring Street,",,Westport ,ON, K0G 1X0,Canada,,info@chantalbennett.com,CUSTOMER,HETALLS GLOBAL PRIVATE LIMITED,Individual,Consumer,CHINDI COTTON-JUTE-NR-1073,9 X 28 Inch,,$196.95,HANDMADE CHINDI COTTON-JUTE-NR-1073-9 X 28 Inch,57050039,,,,,,,10-Apr-2026,11-Apr-2026,
,TOP URGENT,TOP URGENT,RF-12328,AMAZON,205-9190915-0206723,MRS,,7-Apr-2026,,JUTE DHURRIE,2.6 X 10 FT,No,13-Apr-2026,CANCELLED,"""7/4/2026
cancelled""",,VI-25,Dispatch,,MRS A J LOWE,GARDEN LODGE,RABLEY HEATH,WELWYN,,AL6 9UB,United Kingdom,447775853441,,CUSTOMER,HETALLS GLOBAL PRIVATE LIMITED,Individual,Consumer,JUTE DHURRIE-VI-25,2.6 X 10 FT,,$112.44,HANDMADE JUTE DHURRIE-VI-25-2.6 X 10 FT,57050039,,,,,,,,,
,TOP URGENT,TOP URGENT,RF-12329,AMAZON,112-9994581-1852229,KRISTEL,,7-Apr-2026,,WOOL JUTE,2.6 X 10 FT,Yes,21-Apr-2026,DISPATCHED,,17-Apr-2026,WJRH-21,Dispatch,,Kristel I AZIZ,16250 PACIFIC HWY UNIT 56,,LAKE OSWEGO,OR,97034,United States,1 347-448-3190 ext. 22226,,CUSTOMER,HETALLS GLOBAL PRIVATE LIMITED,Individual,Consumer,WOOL JUTE-WJRH-21,2.6 X 10 FT,,$104.59,HANDMADE WOOL JUTE-WJRH-21-2.6 X 10 FT,57050039,,,,,,,14-Apr-2026,,
,TOP URGENT,TOP URGENT,RF-12330,AMAZON,112-6696418-7575461,Melissa,,7-Apr-2026,,JUTE DHURRIE,3 FT ROUND,No,13-Apr-2026,DISPATCHED,,17-Apr-2026,NR-139,Dispatch,,Melissa Pomerleau,638 CANTERBURY ST,,ROSLINDALE,MA,2131,United States,1 415-851-9136 ext. 78048,,CUSTOMER,HETALLS GLOBAL PRIVATE LIMITED,Individual,Consumer,JUTE DHURRIE-NR-139,3 FT ROUND,,$75.00,HANDMADE JUTE DHURRIE-NR-139-3 FT ROUND,57050039,,,,,,,17-Apr-2026,17-Apr-2026,
,TOP URGENT,TOP URGENT,RF-12331,AMAZON,114-8735905-1829826,Dora,,7-Apr-2026,,COTTON DHURRIE,2.6 X 4 FT,Yes,12-Apr-2026,DISPATCHED,,3-Apr-2026,STK-26B,Dispatch,,Dora I. Shoturma,1930 CATHEDRAL RD,,HUNTINGDON VALLEY,PA,19006,United States,1 480-618-5344 ext. 19446,,CUSTOMER,HETALLS GLOBAL PRIVATE LIMITED,Individual,Consumer,COTTON DHURRIE-STK-26B,2.6 X 4 FT,,$64.00,HANDMADE COTTON DHURRIE-STK-26B-2.6 X 4 FT,57050024,,,,,,,,11-Apr-2026,
,TOP URGENT,TOP URGENT,RF-12332,AMAZON,111-2753004-5401864,gregory,,7-Apr-2026,,WOOL JUTE,2.5 X 20 FT ,Yes,21-Apr-2026,DISPATCHED,,27-Apr-2026, DWJ-13,Dispatch,,greg gilmore,6030 PICKEREL DR NE,,ROCKFORD,MI,49341,United States,1 929-436-4790 ext. 75869,,CUSTOMER,HETALLS GLOBAL PRIVATE LIMITED,Individual,Consumer,WOOL JUTE- DWJ-13,2.5 X 20 FT ,,$449.00,HANDMADE WOOL JUTE- DWJ-13-2.5 X 20 FT ,57050039,,,,24-Apr-2026,20-Apr-2026,24-Apr-2026,24-Apr-2026,,
,,,RF-12333,ETSY-CASAVANI,4025410411,Robyn Leonard,,8-Apr-2026,,COTTON DHURRIE,2.5 X 25 FT ,No,13-Apr-2026,DISPATCHED,,15-Apr-2026,STK-82R,Dispatch,,Robyn Leonard,87 Water St,St. John's NL A1C 1A5,St. John’s,NL,A1C 1A5,Canada,709-765-3633,robyn.leonard@horizonmaritime.com,CUSTOMER,HETALLS GLOBAL PRIVATE LIMITED,Individual,Consumer,COTTON DHURRIE-STK-82R,2.5 X 25 FT ,,$568.75,HANDMADE COTTON DHURRIE-STK-82R-2.5 X 25 FT ,57050024,,,,,,,,14-Apr-2026,
,,,RF-12334,ETSY-CASAVANI,4025833069,Sarah,,8-Apr-2026,,COTTON DHURRIE,2.6 X 12 FT,Yes,13-Apr-2026,DISPATCHED,,15-Apr-2026,HP-259,Dispatch,,Sarah,360 Av. Victor-Hugo,Brossard QC J4W 1T5,Brossard,QC,J4W 1T5,Canada,5149130802,crfbnr947i@privaterelay.appleid.com,CUSTOMER,HETALLS GLOBAL PRIVATE LIMITED,Individual,Consumer,COTTON DHURRIE-HP-259,2.6 X 12 FT,,$129.35,HANDMADE COTTON DHURRIE-HP-259-2.6 X 12 FT,57050024,,,,,,,,14-Apr-2026,
,TOP URGENT,TOP URGENT,RF-12335,AMAZON,403-6338800-3117132,daifi,,8-Apr-2026,,COTTON DHURRIE,3 X 5 FT,No,13-Apr-2026,DISPATCHED,,13-Apr-2026,STK-109,Dispatch,,DAIFI Nabila,2 rue georges couthon,appartement 45,Aulnoy-lez-Valenciennes,Hauts-de-France,59300,France,605078150,,CUSTOMER,HETALLS GLOBAL PRIVATE LIMITED,Individual,Consumer,COTTON DHURRIE-STK-109,3 X 5 FT,,$102.16,HANDMADE COTTON DHURRIE-STK-109-3 X 5 FT,57050024,,,,,,,,13-Apr-2026,4/13/2026
,TOP URGENT,TOP URGENT,RF-12336,AMAZON,701-7610804-8937033,Sheri,,8-Apr-2026,,JUTE DHURRIE,3 FT ROUND,No,14-Apr-2026,DISPATCHED,,10-Apr-2026,NR-78,Dispatch,,Sheri Hatcher,1160 Blackhead Road,"St. John's, Newfoundland A1C 5H2",St. John’s,Newfoundland and Labrador,A1C 5H2,Canada,709 5791280,,CUSTOMER,HETALLS GLOBAL PRIVATE LIMITED,Individual,Consumer,JUTE DHURRIE-NR-78,3 FT ROUND,,$78.73,HANDMADE JUTE DHURRIE-NR-78-3 FT ROUND,57050039,,,,,,,10-Apr-2026,,
,TOP URGENT,TOP URGENT,RF-12337,AMAZON,113-0507084-3475445,Allison,,8-Apr-2026,,COTTON DHURRIE,2 X 10 FT,No,13-Apr-2026,DISPATCHED,,14-Apr-2026,STK-260,Dispatch,,Allison M Patel,56036 Erhart Dr,"MISHAWAKA, IN 46545-7905",Mishawaka,IN,46545-7905,United States, 415-851-9136 ext. 93433,,CUSTOMER,HETALLS GLOBAL PRIVATE LIMITED,Individual,Consumer,COTTON DHURRIE-STK-260,2 X 10 FT,,$140.00,HANDMADE COTTON DHURRIE-STK-260-2 X 10 FT,57050024,,,,,,,,,4/13/2026
,TOP URGENT,TOP URGENT,RF-12338,AMAZON,111-4381838-5150601,shelley,,8-Apr-2026,,JUTE DHURRIE,2 X 3 FT,No,14-Apr-2026,DISPATCHED,,14-Apr-2026,NR-185A,Dispatch,,shelley diment,1666 COFFMAN ST APT 101,"SAINT PAUL, MN 55108-1326",Saint Paul,MN,55108-1326,United States,619-854-2705 ext. 86390,,CUSTOMER,HETALLS GLOBAL PRIVATE LIMITED,Individual,Consumer,JUTE DHURRIE-NR-185A,2 X 3 FT,,$91.00,HANDMADE JUTE DHURRIE-NR-185A-2 X 3 FT,57050039,,,,,,,13-Apr-2026,,
,,,RF-12340,ETSY-CASAVANI,4022976626,DJ Maya B ,,8-Apr-2026,,COTTON DHURRIE,2 X 16 FT,Yes,13-Apr-2026,DISPATCHED,,15-Apr-2026,HGD-161E,Dispatch,,DJ Maya B,Stournari 45,106 82 Athens,Athens,,106 82,Greece,30 694 477 4506,mayab9473@gmail.com,CUSTOMER,HETALLS GLOBAL PRIVATE LIMITED,Individual,Consumer,COTTON DHURRIE-HGD-161E,2 X 16 FT,,$145.60,HANDMADE COTTON DHURRIE-HGD-161E-2 X 16 FT,57050024,,,,,,,,15-Apr-2026,
Buyer cancellation,TOP URGENT,TOP URGENT,RF-12341,PEPPERFRY,310764725_FU2033966,Mathangi Akhilesh,,8-Apr-2026,,COTTON DHURRIE,2 X 3 FT,Yes,13-Apr-2026,DISPATCHED,"""18/4/2026
cancelled""",16-Apr-2026,HGD-110,Dispatch,,Mathangi Akhilesh,"icc trade tower, shop no 10,11","Area- pepperfry.com, SB rd puneundefined Pune",Pune,Maharashtra,412115,India,,,CUSTOMER,HETALLS GLOBAL PRIVATE LIMITED,Individual,Consumer,COTTON DHURRIE-HGD-110,2 X 3 FT,,$13.61,HANDMADE COTTON DHURRIE-HGD-110-2 X 3 FT,57050024,,ROSHAN,,,,,,15-Apr-2026,
,,,RF-12342,ETSY-CASAVANI,4026795613,Kelsey Ryland,,9-Apr-2026,,COTTON DHURRIE,6.6 X 7 FT,No,14-Apr-2026,DISPATCHED,,17-Apr-2026,STK-26P,Dispatch,,Kelsey Ryland,3815 32nd St,,Mt Rainier,MD,20712,United States,,kelsrenee@gmail.com,CUSTOMER,HETALLS GLOBAL PRIVATE LIMITED,Individual,Consumer,COTTON DHURRIE-STK-26P,6.6 X 7 FT,,$219.70,HANDMADE COTTON DHURRIE-STK-26P-6.6 X 7 FT,57050024,,,,,,,,16-Apr-2026,
,,QTY-1(SET OF 12),RF-12343,ETSY-RUGSFOREVER,4026323099,Sybille Kleinschmitt,,9-Apr-2026,,JUTE DHURRIE,8 X 28 Inch,No,15-Apr-2026,DISPATCHED,,14-Apr-2026,NR-33-Oval,Dispatch,,Sybille Kleinschmitt,Hinter-den-Eichen 12/1,,Reute,Baden-Württemberg,79276,Germany,491734045666,billymeetsdave@web.de,CUSTOMER,HETALLS GLOBAL PRIVATE LIMITED,Individual,Consumer,JUTE DHURRIE-NR-33-Oval,8 X 28 Inch,,$126.75,HANDMADE JUTE DHURRIE-NR-33-Oval-8 X 28 Inch,57050039,,,,,,,13-Apr-2026,14-Apr-2026,Re
,,QTY-2(SET OF 7),RF-12344,ETSY-RUGSFOREVER,4023398502,Joanna Haggith,,9-Apr-2026,,JUTE DHURRIE,8.5 x 28 INCH,No,15-Apr-2026,DISPATCHED,,18-Apr-2026,NR-1100,Dispatch,,Joanna Haggith,250 Midbend Place SE,,Calgary,AB,T2X 1L8,Canada,,joannahaggith@gmail.com,CUSTOMER,HETALLS GLOBAL PRIVATE LIMITED,Individual,Consumer,JUTE DHURRIE-NR-1100,8.5 x 28 INCH,,$123.60,HANDMADE JUTE DHURRIE-NR-1100-8.5 x 28 INCH,57050039,,,,,,,13-Apr-2026,17-Apr-2026,
,,,RF-12345,WALMART,200014834340240,sheila goodwin,,9-Apr-2026,,COTTON DHURRIE,4 X 10 FT,Yes,14-Apr-2026,DISPATCHED,,15-Apr-2026,STK-26H-D1,Dispatch,,sheila goodwin,130 lantern ridge drive,,Easley,SC,29642,United States,(864) 449-9877,sheila@goodwinfoust.com,CUSTOMER,HETALLS GLOBAL PRIVATE LIMITED,Individual,Consumer,COTTON DHURRIE-STK-26H-D1,4 X 10 FT,,$299.00,HANDMADE COTTON DHURRIE-STK-26H-D1-4 X 10 FT,57050024,,,,,,,,15-Apr-2026,
,TOP URGENT,TOP URGENT,RF-12346,AMAZON,113-6868111-9332246,Nicole,,9-Apr-2026,,COTTON DHURRIE,2.6 X 4 FT,Yes,14-Apr-2026,DISPATCHED,,16-Apr-2026,HP-67B,Dispatch,,Nicole Toci,4803 N APPLE RD,,Appleton,WI,54913-9321,United States,213-442-1463 ext. 73133,,CUSTOMER,HETALLS GLOBAL PRIVATE LIMITED,Individual,Consumer,COTTON DHURRIE-HP-67B,2.6 X 4 FT,,$80.00,HANDMADE COTTON DHURRIE-HP-67B-2.6 X 4 FT,57050024,,,,,,,,16-Apr-2026,
,TOP URGENT,TOP URGENT,RF-12347,AMAZON,112-9223361-5564223,Alex,,9-Apr-2026,,COTTON DHURRIE,2.6 X 10 FT,No,14-Apr-2026,DISPATCHED,,15-Apr-2026,JHGD-02A,Dispatch,,Alex Scribner,SE 38th Ct,,Ocala,FL,34471-4956,United States, 346-307-9643 ext. 19899,,CUSTOMER,HETALLS GLOBAL PRIVATE LIMITED,Individual,Consumer,COTTON DHURRIE-JHGD-02A,2.6 X 10 FT,,$135.00,HANDMADE COTTON DHURRIE-JHGD-02A-2.6 X 10 FT,57050024,,,,,,,,,
,TOP URGENT,TOP URGENT,RF-12348,CASAVANI WEBSITE,custom,Paavani khanna,,9-Apr-2026,,COTTON DHURRIE,60 x 290 CM,Yes,14-Apr-2026,DISPATCHED,,18-Apr-2026,HP-99,Dispatch,,Paavani khanna,C 113 trinity towers dlf phase 5,Gurgaon 122009,Gurgaon ,HR,122009,India,9818581080,,CUSTOMER,HETALLS GLOBAL PRIVATE LIMITED,Individual,Consumer,COTTON DHURRIE-HP-99,60 x 290 CM,,$48.60,HANDMADE COTTON DHURRIE-HP-99-60 x 290 CM,57050024,,,,,,,,16-Apr-2026,
,,,RF-12349,ETSY-CASAVANI,4026957405,Rachael Kinsella,,9-Apr-2026,,COTTON DHURRIE,2 X 6 FT,No,14-Apr-2026,DISPATCHED,,16-Apr-2026,MR-18,Dispatch,,Rachael Kinsella,41 Howden st,,Carrington,NSW,2294,Australia,,seive333@yahoo.com.au,CUSTOMER,HETALLS GLOBAL PRIVATE LIMITED,Individual,Consumer,COTTON DHURRIE-MR-18,2 X 6 FT,,$59.50,HANDMADE COTTON DHURRIE-MR-18-2 X 6 FT,57050024,,,,,,,,15-Apr-2026,
,,,RF-12350 1/2,ETSY-CASAVANI,4027103131,Cybele,,10-Apr-2026,,COTTON DHURRIE,8 FT SQUARE,No,15-Apr-2026,DISPATCHED,,18-Apr-2026,STK-47S,Dispatch,,Cybele Loening,Somerset Bay Ln Apt 402,,Vero Beach,FL,32963-5630,United States,(917) 774-1209,cybeleloening@gmail.com,CUSTOMER,HETALLS GLOBAL PRIVATE LIMITED,Individual,Consumer,COTTON DHURRIE-STK-47S,8 FT SQUARE,,$333.90,HANDMADE COTTON DHURRIE-STK-47S-8 FT SQUARE,57050024,,,,,,,,18-Apr-2026,
,,,RF-12350 2/2,ETSY-CASAVANI,4027103131,Cybele,,10-Apr-2026,,COTTON DHURRIE,3 FT SQUARE,No,15-Apr-2026,DISPATCHED,,18-Apr-2026,STK-47S,Dispatch,,Cybele Loening,Somerset Bay Ln Apt 402,,Vero Beach,FL,32963-5630,United States,(917) 774-1209,cybeleloening@gmail.com,CUSTOMER,HETALLS GLOBAL PRIVATE LIMITED,Individual,Consumer,COTTON DHURRIE-STK-47S,3 FT SQUARE,,$249.20,HANDMADE COTTON DHURRIE-STK-47S-3 FT SQUARE,57050024,,,,,,,,18-Apr-2026,
,,,RF-12351,ETSY-CASAVANI,4024192662,Gray Cat,,10-Apr-2026,,COTTON DHURRIE,18 X 55 Inch,Yes,15-Apr-2026,DISPATCHED,,17-Apr-2026,STK-26B,Dispatch,,Claire Brown,4th Ave S,,Seattle,WA,98108-4509,United States,2063315543,cibibi5@yahoo.com,CUSTOMER,HETALLS GLOBAL PRIVATE LIMITED,Individual,Consumer,COTTON DHURRIE-STK-26B,18 X 55 Inch,,$65.10,HANDMADE COTTON DHURRIE-STK-26B-18 X 55 Inch,57050024,,,,,,,,16-Apr-2026,
,,,RF-12352,ETSY-CASAVANI,4027618309,Amanda,,10-Apr-2026,,COTTON DHURRIE,2.6 X 14 FT,Yes,15-Apr-2026,DISPATCHED,,16-Apr-2026,HGD-129,Dispatch,,Amanda Mcmanus,116 Central Park S Apt 4N,,New York,NY,10019-1524,United States,,amandaleemcmanus@gmail.com,CUSTOMER,HETALLS GLOBAL PRIVATE LIMITED,Individual,Consumer,COTTON DHURRIE-HGD-129,2.6 X 14 FT,,$175.50,HANDMADE COTTON DHURRIE-HGD-129-2.6 X 14 FT,57050024,,,,,,,,16-Apr-2026,
,,,RF-12353,ETSY-CASAVANI,4027705343,Jasmine Brown,,10-Apr-2026,,COTTON DHURRIE,2.5 X 4 FT ,Yes,15-Apr-2026,DISPATCHED,,16-Apr-2026,HP-90R,Dispatch,,Jasmine Brown,NW 59th Ter,,Lauderhill,FL,33313-3149,United States,,jasminebrown789000@gmail.com,CUSTOMER,HETALLS GLOBAL PRIVATE LIMITED,Individual,Consumer,COTTON DHURRIE-HP-90R,2.5 X 4 FT ,,$64.40,HANDMADE COTTON DHURRIE-HP-90R-2.5 X 4 FT ,57050024,,,,,,,,16-Apr-2026,
,TOP URGENT,TOP URGENT,RF-12354 -1/2,AMAZON,111-1611845-3349868,Abbey,,10-Apr-2026,,COTTON DHURRIE,3 X 5 FT,Yes,15-Apr-2026,DISPATCHED,,16-Apr-2026,HP-259,Dispatch,,Abbey,Goodrich Rd,,Stanley,VA,22851-4203,United States,929-436-4790 ext. 27944,,CUSTOMER,HETALLS GLOBAL PRIVATE LIMITED,Individual,Consumer,COTTON DHURRIE-HP-259,3 X 5 FT,,$59.25,HANDMADE COTTON DHURRIE-HP-259-3 X 5 FT,57050024,,,,,,,,13-Apr-2026,
,TOP URGENT,TOP URGENT,RF-12354 -2/2,AMAZON,111-1611845-3349868,Abbey,,10-Apr-2026,,COTTON DHURRIE,2 X 8 FT,No,15-Apr-2026,DISPATCHED,,16-Apr-2026,HP-259,Dispatch,,Abbey,Goodrich Rd,,Stanley,VA,22851-4203,United States,929-436-4790 ext. 27944,,CUSTOMER,HETALLS GLOBAL PRIVATE LIMITED,Individual,Consumer,COTTON DHURRIE-HP-259,2 X 8 FT,,$69.00,HANDMADE COTTON DHURRIE-HP-259-2 X 8 FT,57050024,,,,,,,,13-Apr-2026,
,TOP URGENT,TOP URGENT,RF-12355,AMAZON,111-6897623-2158651,janet,,10-Apr-2026,,WOOL JUTE,3 X 10 FT,Yes,24-Apr-2026,DISPATCHED,,23-Apr-2026,HW-61,Dispatch,,janet mcguire,SE Calmo Cir,,Port St Lucie,FL,34984-6626,United States,346-307-9643 ext. 59822,,CUSTOMER,HETALLS GLOBAL PRIVATE LIMITED,Individual,Consumer,WOOL JUTE-HW-61,3 X 10 FT,,$238.00,HANDMADE WOOL JUTE-HW-61-3 X 10 FT,57050039,,,,,20-Apr-2026,,22-Apr-2026,23-Apr-2026,
,,,RF-12356,ETSY-CASAVANI,4028013497,Katrin Bansemir,,11-Apr-2026,,COTTON DHURRIE,2 X 12 FT,No,16-Apr-2026,DISPATCHED,,18-Apr-2026,STK-40,Dispatch,,Katrin Bansemir,Gemeinschaftsstr. 12,,Berlin,Berlin,12489,Germany,4917624679344,7kg96dbn5v@privaterelay.appleid.com,CUSTOMER,HETALLS GLOBAL PRIVATE LIMITED,Individual,Consumer,COTTON DHURRIE-STK-40,2 X 12 FT,,$110.60,HANDMADE COTTON DHURRIE-STK-40-2 X 12 FT,57050024,,,,,,,,16-Apr-2026,
,,,RF-12357,ETSY-CASAVANI,4028027345,Evan Guertin,,11-Apr-2026,,COTTON DHURRIE,4 X 6 FT,No,16-Apr-2026,DISPATCHED,,18-Apr-2026,HP-90,Dispatch,,Evan Guertin,74 Tivoli Crt,,Scarborough,ON,M1E 2A4,Canada,,emguertin@hotmail.com,CUSTOMER,HETALLS GLOBAL PRIVATE LIMITED,Individual,Consumer,COTTON DHURRIE-HP-90,4 X 6 FT,,$108.50,HANDMADE COTTON DHURRIE-HP-90-4 X 6 FT,57050024,,,,,,,,17-Apr-2026,
,TOP URGENT,TOP URGENT,RF-12358,AMAZON,112-2493284-7585008,caitlin,,11-Apr-2026,,COTTON DHURRIE,2 X 6 FT,No,16-Apr-2026,DISPATCHED,,17-Apr-2026,STK-260,Dispatch,,Caitlin Martarello,"501 Montauk Hwy, Apt 1804",,Amagansett,NY,11930,United States,1 314-282-9402 ext. 32728,,CUSTOMER,HETALLS GLOBAL PRIVATE LIMITED,Individual,Consumer,COTTON DHURRIE-STK-260,2 X 6 FT,,$85.00,HANDMADE COTTON DHURRIE-STK-260-2 X 6 FT,57050024,,,,,,,,17-Apr-2026,
,,,RF-12359,ETSY-CASAVANI,4024865246,Carol Doroshow,,11-Apr-2026,,COTTON DHURRIE,2.6 X 6 FT,No,16-Apr-2026,DISPATCHED,,18-Apr-2026,HGD-161E,Dispatch,,Carol Doroshow,4287 Crestway Rd,,Greenbank,WA,98253,United States,,carold@seanet.com,CUSTOMER,HETALLS GLOBAL PRIVATE LIMITED,Individual,Consumer,COTTON DHURRIE-HGD-161E,2.6 X 6 FT,,$78.65,HANDMADE COTTON DHURRIE-HGD-161E-2.6 X 6 FT,57050024,,,,,,,,17-Apr-2026,
,,,RF-12360,ETSY-CASAVANI,4025397504,G Anderson,,11-Apr-2026,,COTTON DHURRIE,3 FT SQUARE,No,16-Apr-2026,DISPATCHED,,20-Apr-2026,HP-118,Dispatch,,Georgina Anderson,6/17 Margaret St,,Sandy Bay,Tasmania (TAS),7005,Australia,61431260401,anderson.georgina.e@gmail.com,CUSTOMER,HETALLS GLOBAL PRIVATE LIMITED,Individual,Consumer,COTTON DHURRIE-HP-118,3 FT SQUARE,,$52.50,HANDMADE COTTON DHURRIE-HP-118-3 FT SQUARE,57050024,,,,,,,,17-Apr-2026,
,TOP URGENT,TOP URGENT,RF-12361,AMAZON,113-7674799-0912224,Lillian,,11-Apr-2026,,COTTON DHURRIE,2.6 X 14 FT,Yes,16-Apr-2026,DISPATCHED,,17-Apr-2026,HP-207,Dispatch,,Lillian V Rivera,"1 City Point, Apt 32F",,Brooklyn,NY,11201,United States,1 207-835-4259 ext. 92296,,CUSTOMER,HETALLS GLOBAL PRIVATE LIMITED,Individual,Consumer,COTTON DHURRIE-HP-207,2.6 X 14 FT,,$235.00,HANDMADE COTTON DHURRIE-HP-207-2.6 X 14 FT,57050024,,,,,,,,17-Apr-2026,
,TOP URGENT,TOP URGENT,RF-12362,AMAZON,112-8046833-1393011,Ann,,11-Apr-2026,,COTTON DHURRIE,2 X 6 FT,No,16-Apr-2026,DISPATCHED,,17-Apr-2026,HP-259,Dispatch,,Angela Leinenbach,810 Hand Ave,,Cape May Court House,NJ,8210,United States,1 213-442-1463 ext. 95211,,CUSTOMER,HETALLS GLOBAL PRIVATE LIMITED,Individual,Consumer,COTTON DHURRIE-HP-259,2 X 6 FT,,$46.92,HANDMADE COTTON DHURRIE-HP-259-2 X 6 FT,57050024,,,,,,,,17-Apr-2026,
,TOP URGENT,TOP URGENT,RF-12363,AMAZON,112-8313873-3902637,Wolfgang,,11-Apr-2026,,JUTE DHURRIE,4 X 12 FT,No,17-Apr-2026,DISPATCHED,,21-Apr-2026,NR-1055,Dispatch,,Wolfgang Hofstadler,334 Pinehurst Cir,,Naples,FL,34113,United States,1 929-436-4790 ext. 64415,,CUSTOMER,HETALLS GLOBAL PRIVATE LIMITED,Individual,Consumer,JUTE DHURRIE-NR-1055,4 X 12 FT,,$348.00,HANDMADE JUTE DHURRIE-NR-1055-4 X 12 FT,57050039,,,,,20-Apr-2026,,20-Apr-2026,21-Apr-2026,
,,,RF-12364,ETSY-RUGSFOREVER,4024873226,Ellen Butler,,11-Apr-2026,,CHINDI COTTON-JUTE,3 FT ROUND,No,17-Apr-2026,DISPATCHED,,15-Apr-2026,NR-1062,Dispatch,,Ellen Butler,275 Richmond Ave,,South Orange,NJ,7079,United States,973-632-2232,EBme22@gmail.com,CUSTOMER,HETALLS GLOBAL PRIVATE LIMITED,Individual,Consumer,CHINDI COTTON-JUTE-NR-1062,3 FT ROUND,,$86.25,HANDMADE CHINDI COTTON-JUTE-NR-1062-3 FT ROUND,57050039,,,,,,,13-Apr-2026,14-Apr-2026,
,TOP URGENT,TOP URGENT,RF-12365,AMAZON,113-7022577-4897819,Ethan Fichter,,13-Apr-2026,,JUTE DHURRIE,3 FT ROUND,No,19-Apr-2026,DISPATCHED,,17-Apr-2026,NR-189,Dispatch,,Ethan Fichter,146 ROBERTS ST UNIT 637,,ASHEVILLE,NC,28801,United States,1 207-835-4259 ext. 88215,,CUSTOMER,HETALLS GLOBAL PRIVATE LIMITED,Individual,Consumer,JUTE DHURRIE-NR-189,3 FT ROUND,,$60.00,HANDMADE JUTE DHURRIE-NR-189-3 FT ROUND,57050039,,,,,,,17-Apr-2026,17-Apr-2026,
   ,TOP URGENT,TOP URGENT,RF-12366,AMAZON,114-5936786-8089053,jennifer corty,,13-Apr-2026,,WOOL JUTE,2 X 6 FT,Yes,27-Apr-2026,DISPATCHED,,23-Apr-2026,HW-61,Dispatch,,jennifer corty,3809 E 26TH ST,,MINNEAPOLIS,MN,55406,United States,1 210-728-4548 ext. 61258,,CUSTOMER,HETALLS GLOBAL PRIVATE LIMITED,Individual,Consumer,WOOL JUTE-HW-61,2 X 6 FT,,$118.00,HANDMADE WOOL JUTE-HW-61-2 X 6 FT,57050039,,,,,25-Apr-2026,,22-Apr-2026,23-Apr-2026,
,TOP URGENT,TOP URGENT,RF-12367-1/2,AMAZON,111-6864006-7933817,Jessica Lewert,,13-Apr-2026,,COTTON DHURRIE,2 X 20 FT,No,18-Apr-2026,DISPATCHED,,20-Apr-2026,HP-259,Dispatch,,Jessica Lewert,7070 FOXBERRY LN,,ROSWELL,GA,30075,United States,1 210-728-4548 ext. 57563,,CUSTOMER,HETALLS GLOBAL PRIVATE LIMITED,Individual,Consumer,COTTON DHURRIE-HP-259,2 X 20 FT,,$376.50,HANDMADE COTTON DHURRIE-HP-259-2 X 20 FT,57050024,,,,,,,,20-Apr-2026,
,TOP URGENT,TOP URGENT,RF-12367-2/2,AMAZON,111-6864006-7933817,Jessica Lewert,,13-Apr-2026,,COTTON DHURRIE,2 X 8 FT,No,18-Apr-2026,DISPATCHED,,20-Apr-2026,HP-259,Dispatch,,Jessica Lewert,7070 FOXBERRY LN,,ROSWELL,GA,30075,United States,1 210-728-4548 ext. 57563,,CUSTOMER,HETALLS GLOBAL PRIVATE LIMITED,Individual,Consumer,COTTON DHURRIE-HP-259,2 X 8 FT,,$69.00,HANDMADE COTTON DHURRIE-HP-259-2 X 8 FT,57050024,,,,,,,,20-Apr-2026,
,TOP URGENT,TOP URGENT,RF-12368,AMAZON,113-8514582-3323436,Harry W. Rozelle,,13-Apr-2026,,JUTE DHURRIE,2.6 X 4 FT,No,18-Apr-2026,DISPATCHED,,18-Apr-2026,HW-45,Dispatch,,Harry W. Rozelle,202 NURMI DR,,FORT LAUDERDALE,FL,33301,United States,1 210-728-4548 ext. 88984,,CUSTOMER,HETALLS GLOBAL PRIVATE LIMITED,Individual,Consumer,JUTE DHURRIE-HW-45,2.6 X 4 FT,,$96.00,HANDMADE JUTE DHURRIE-HW-45-2.6 X 4 FT,57050039,,,,,,,17-Apr-2026,17-Apr-2026,
,TOP URGENT,TOP URGENT,RF-12369,AMAZON,113-4806924-6753829,Hailey Siverhus,,13-Apr-2026,,COTTON DHURRIE,6 X 9 FT,Yes,18-Apr-2026,DISPATCHED,,18-Apr-2026,JHGD-02A,Dispatch,,Hailey Siverhus,63 EAST RD,,ATKINSON,NH,3811,United States,1 480-618-5344 ext. 64826,,CUSTOMER,HETALLS GLOBAL PRIVATE LIMITED,Individual,Consumer,COTTON DHURRIE-JHGD-02A,6 X 9 FT,,$280.00,HANDMADE COTTON DHURRIE-JHGD-02A-6 X 9 FT,57050024,,,,,,,,,
,TOP URGENT,TOP URGENT,RF-12370,AMAZON,114-5879078-8654611,Gwendolyn Gause,,13-Apr-2026,,COTTON DHURRIE,2 X 3 FT,No,18-Apr-2026,DISPATCHED,,20-Apr-2026,STK-26O,Dispatch,,Gwendolyn Gause,1009 S 8TH ST SIDE 1,,PHILADELPHIA,PA,19147,United States,1 480-618-5344 ext. 64826,,CUSTOMER,HETALLS GLOBAL PRIVATE LIMITED,Individual,Consumer,COTTON DHURRIE-STK-26O,2 X 3 FT,,$80.00,HANDMADE COTTON DHURRIE-STK-26O-2 X 3 FT,57050024,,,,,,,,20-Apr-2026,
,TOP URGENT,TOP URGENT,RF-12371,AMAZON,702-4088932-2517032,Ed Chase,,13-Apr-2026,,JUTE DHURRIE,4 FT SQUARE,No,19-Apr-2026,DISPATCHED,,17-Apr-2026,VI-64,Dispatch,,Sarah Mahood,4234 Hamilton rd,,Dorchester,Ontario,N0L1G3,Canada,5196363026,,CUSTOMER,HETALLS GLOBAL PRIVATE LIMITED,Individual,Consumer,JUTE DHURRIE-VI-64,4 FT SQUARE,,$107.60,HANDMADE JUTE DHURRIE-VI-64-4 FT SQUARE,57050039,,,,,,,17-Apr-2026,17-Apr-2026,
,TOP URGENT,TOP URGENT,RF-12372,AMAZON,702-4446853-9693843,Ashley Riendeau,,13-Apr-2026,,JUTE DHURRIE,4 X 8 FT,No,19-Apr-2026,DISPATCHED,,18-Apr-2026,NR-183A,Dispatch,,Ashley Riendeau,17 Laverendrye Cres.,,Marathon,Ontario,P0T 2E0,Canada,18072280223,,CUSTOMER,HETALLS GLOBAL PRIVATE LIMITED,Individual,Consumer,JUTE DHURRIE-NR-183A,4 X 8 FT,,$185.60,HANDMADE JUTE DHURRIE-NR-183A-4 X 8 FT,57050039,,,,,,,17-Apr-2026,18-Apr-2026,
,TOP URGENT,TOP URGENT,RF-12373-1/2,AMAZON,"302-2813240-0742707
",Sylvia,,13-Apr-2026,,JUTE DHURRIE,2 X 3 FT,No,19-Apr-2026,DISPATCHED,,20-Apr-2026,NR-136,Dispatch,,Renate Dörp,Ahornstraße 45 A,,Neustadt-glewe,,19306,Germany,,,CUSTOMER,HETALLS GLOBAL PRIVATE LIMITED,Individual,Consumer,JUTE DHURRIE-NR-136,2 X 3 FT,,$75.64,HANDMADE JUTE DHURRIE-NR-136-2 X 3 FT,57050039,,,,,,,17-Apr-2026,18-Apr-2026,
,TOP URGENT,TOP URGENT,RF-12373-2/2,AMAZON,302-2813240-0742707,Sylvia,,13-Apr-2026,,JUTE DHURRIE,3 X 5 FT,No,19-Apr-2026,DISPATCHED,,20-Apr-2026,NR-136,Dispatch,,Renate Dörp,Ahornstraße 45 A,,Neustadt-glewe,,19306,Germany,,,CUSTOMER,HETALLS GLOBAL PRIVATE LIMITED,Individual,Consumer,JUTE DHURRIE-NR-136,3 X 5 FT,,$94.30,HANDMADE JUTE DHURRIE-NR-136-3 X 5 FT,57050039,,,,,,,17-Apr-2026,18-Apr-2026,
,TOP URGENT,TOP URGENT,RF-12374,AMAZON,303-9500655-3360337,Kirstin,,13-Apr-2026,,JUTE DHURRIE,3 FT ROUND,No,19-Apr-2026,DISPATCHED,,24-Apr-2026,VI-46,Dispatch,,"
Kirstin Knuschke",AM WALLER SEE 44,,BREMEN,,28219,Germany,,,CUSTOMER,HETALLS GLOBAL PRIVATE LIMITED,Individual,Consumer,JUTE DHURRIE-VI-46,3 FT ROUND,,$70.72,HANDMADE JUTE DHURRIE-VI-46-3 FT ROUND,57050039,,,,,20-Apr-2026,,23-Apr-2026,23-Apr-2026,
,,SET OF 13 PIECES,RF-12375,ETSY-RUGSFOREVER,4029744471,"	
Shelagh Amrich",,13-Apr-2026,,JUTE DHURRIE,8.5 X 29 INCH,No,19-Apr-2026,DISPATCHED,,20-Apr-2026,NR-1100,Dispatch,,"	
Shelagh Amrich",44 Thompson St,,Maynard,MA,1754,United States,774-571-1935,,CUSTOMER,HETALLS GLOBAL PRIVATE LIMITED,Individual,Consumer,JUTE DHURRIE-NR-1100,8.5 X 29 INCH,,$154.05,HANDMADE JUTE DHURRIE-NR-1100-8.5 X 29 INCH,57050039,,,,,,,17-Apr-2026,17-Apr-2026,
,,,RF-12376,ETSY-CASAVANI,4026378540,"	
Tom",,13-Apr-2026,,COTTON DHURRIE,2.6 X 20 FT,Yes,18-Apr-2026,DISPATCHED,,21-Apr-2026,HP-259,Dispatch,,Tom Cochran,49 Upper Cairns Tce,,Paddington , QLD,4064,Australia,,,CUSTOMER,HETALLS GLOBAL PRIVATE LIMITED,Individual,Consumer,COTTON DHURRIE-HP-259,2.6 X 20 FT,,$236.60,HANDMADE COTTON DHURRIE-HP-259-2.6 X 20 FT,57050024,,,,,,,,20-Apr-2026,
,,,RF-12377,ETSY-CASAVANI,4026626542,"	
Tainan Salvador",,13-Apr-2026,,COTTON DHURRIE,2 X 6 FT,Yes,18-Apr-2026,DISPATCHED,,20-Apr-2026,HGD-161E,Dispatch,,"        
Tainan Salvador Leodoro",115 Mcmahon Dr. 502,,North York ,ON , M2K 0E3,Canada,,,CUSTOMER,HETALLS GLOBAL PRIVATE LIMITED,Individual,Consumer,COTTON DHURRIE-HGD-161E,2 X 6 FT,,$59.50,HANDMADE COTTON DHURRIE-HGD-161E-2 X 6 FT,57050024,,,,,,,,18-Apr-2026,
,,"Color-Pink, Burnt Orange",RF-12378,ETSY-CASAVANI,4027118584,"	
Tom",,13-Apr-2026,,COTTON DHURRIE,2 X 24 FT,No,18-Apr-2026,DISPATCHED,,21-Apr-2026,MR-08,Dispatch,,Tom Barker,1302 Airport Parkway,,Belleville,ON ,K8N 4Z6,Canada,,,CUSTOMER,HETALLS GLOBAL PRIVATE LIMITED,Individual,Consumer,COTTON DHURRIE-MR-08,2 X 24 FT,,$202.80,HANDMADE COTTON DHURRIE-MR-08-2 X 24 FT,57050024,,,,,,,,20-Apr-2026,
,TOP URGENT,TOP URGENT,RF-12379-1/2,AMAZON,114-2361869-1276263,Nancy,,14-Apr-2026,,WOOL JUTE,2 X 3 FT,Yes,28-Apr-2026,DISPATCHED,,1-May-2026,WJRH-21,Dispatch,,Nancy,211 W EMPORIA ST UNIT 102,,ONTARIO,CA,91762,United States,91762-3842,,CUSTOMER,HETALLS GLOBAL PRIVATE LIMITED,Individual,Consumer,WOOL JUTE-WJRH-21,2 X 3 FT,,$60.00,HANDMADE WOOL JUTE-WJRH-21-2 X 3 FT,57050039,,,,,25-Apr-2026,,22-Apr-2026,1-May-2026,
,TOP URGENT,TOP URGENT,RF-12379-2/2,AMAZON,114-2361869-1276263,Nancy,,14-Apr-2026,,WOOL JUTE,2.6 X 4 FT,Yes,28-Apr-2026,DISPATCHED,,1-May-2026,WJRH-15,Dispatch,,Nancy,211 W EMPORIA ST UNIT 102,,ONTARIO,CA,91762,United States,91762-3842,,CUSTOMER,HETALLS GLOBAL PRIVATE LIMITED,Individual,Consumer,WOOL JUTE-WJRH-15,2.6 X 4 FT,,$52.50,HANDMADE WOOL JUTE-WJRH-15-2.6 X 4 FT,57050039,,,,,20-Apr-2026,27-Apr-2026,1-May-2026,1-May-2026,
,TOP URGENT,TOP URGENT,RF-12380,AMAZON,114-3524415-9636255,Nicole,,14-Apr-2026,,COTTON DHURRIE,5 X 5 FT,Yes,19-Apr-2026,DISPATCHED,,21-Apr-2026,HP-271,Dispatch,,Nicole Thomas,"820 BLACKMER LN
 ",,Columbia Falls,MT ,59912,United States,1 347-448-3190 ext. 18571,,CUSTOMER,HETALLS GLOBAL PRIVATE LIMITED,Individual,Consumer,COTTON DHURRIE-HP-271,5 X 5 FT,,$128.00,HANDMADE COTTON DHURRIE-HP-271-5 X 5 FT,57050024,,,,,,,,20-Apr-2026,
,TOP URGENT,TOP URGENT,RF-12381,AMAZON,112-8767274-1857859,George,,14-Apr-2026,,WOOL JUTE,2.6 X 4 FT,Yes,28-Apr-2026,DISPATCHED,,22-Apr-2026,WJRH-21,Dispatch,,George Goldmark,"7139 RAIN FOREST DR
",,"BOCA RATON
", FL ,33434-5258,United States,	+1 929-436-4790 ext. 38196,,CUSTOMER,HETALLS GLOBAL PRIVATE LIMITED,Individual,Consumer,WOOL JUTE-WJRH-21,2.6 X 4 FT,,$80.00,HANDMADE WOOL JUTE-WJRH-21-2.6 X 4 FT,57050039,,,,,25-Apr-2026,,22-Apr-2026,22-Apr-2026,
,TOP URGENT,TOP URGENT,RF-12382,AMAZON,407-6870686-9498733,LE,,14-Apr-2026,,CHINDI COTTON-JUTE,4 X 6 FT,No,20-Apr-2026,DISPATCHED,,18-Apr-2026,NR-72,Dispatch,,Le Comte Ameline,36 B Grand Rue,,Saint-Branchs,Centre-Val de Loire,37320,France,687293543,,CUSTOMER,HETALLS GLOBAL PRIVATE LIMITED,Individual,Consumer,CHINDI COTTON-JUTE-NR-72,4 X 6 FT,,$163.18,HANDMADE CHINDI COTTON-JUTE-NR-72-4 X 6 FT,57050039,,,,,,,17-Apr-2026,18-Apr-2026,
,TOP URGENT,TOP URGENT,RF-12383,AMAZON,407-8458376-0352325,EVA,,14-Apr-2026,,JUTE DHURRIE,5 X 5 FT,No,20-Apr-2026,DISPATCHED,,21-Apr-2026,NR-123D,Dispatch,,Eva Hoogland,Oostplantsoen 106,,Delft,South Holland,,Netherlands,0031(0)640820977,,CUSTOMER,HETALLS GLOBAL PRIVATE LIMITED,Individual,Consumer,JUTE DHURRIE-NR-123D,5 X 5 FT,,$168.10,HANDMADE JUTE DHURRIE-NR-123D-5 X 5 FT,57050039,,,,,20-Apr-2026,,20-Apr-2026,21-Apr-2026,
,TOP URGENT,TOP URGENT,RF-12384,AMAZON,302-6900748-2717141,KATRIN,,14-Apr-2026,,WOOL JUTE,4 X 6 FT,Yes,28-Apr-2026,DISPATCHED,,22-Apr-2026,WJRH-15,Dispatch,,Katrin Köhler,Feldstraße 32,,Rossau,,9661,Germany,15202564233,,CUSTOMER,HETALLS GLOBAL PRIVATE LIMITED,Individual,Consumer,WOOL JUTE-WJRH-15,4 X 6 FT,,$148.70,HANDMADE WOOL JUTE-WJRH-15-4 X 6 FT,57050039,,,,IN STOCK,,,,21-Apr-2026,
,,Colors-02. Pink,RF-12385,ETSY-RUGSFOREVER,4031284723,"	
Brygida Kwiatkowska",,14-Apr-2026,,JUTE DHURRIE,2 X 4 FT,No,20-Apr-2026,DISPATCHED,,22-Apr-2026,VI-87E,Dispatch,,"
Brygida Kwiatkowska",Instytut Reumatologii,,Warszawa,Spartańska,02-637,poland,48604441 638,kwiatkowskabrygida@gmail.com,CUSTOMER,HETALLS GLOBAL PRIVATE LIMITED,Individual,Consumer,JUTE DHURRIE-VI-87E,2 X 4 FT,,$71.25,HANDMADE JUTE DHURRIE-VI-87E-2 X 4 FT,57050039,,,,,,,17-Apr-2026,22-Apr-2026,
,,,RF-12386,ETSY-CASAVANI,4027844794,LENA,,14-Apr-2026,,COTTON DHURRIE,2.6 X 10 FT,No,19-Apr-2026,DISPATCHED,,21-Apr-2026,STK-26H,Dispatch,,"
Lena-Marie Morbach",Kreuzbergstr. 44,, Berlin, Berlin,10965,Germany,49 176 10011008,Lena.Morbach@web.de,CUSTOMER,HETALLS GLOBAL PRIVATE LIMITED,Individual,Consumer,COTTON DHURRIE-STK-26H,2.6 X 10 FT,,$109.85,HANDMADE COTTON DHURRIE-STK-26H-2.6 X 10 FT,57050024,,,,,,,,20-Apr-2026,
,TOP URGENT,TOP URGENT NOTE:- REPLACEMENT ORDER OF 12012,RF-12387,AMAZON,AMAZON,dan,,14-Apr-2026,,JUTE DHURRIE,6 x 6 FT,No,20-Apr-2026,DISPATCHED,,21-Apr-2026, NR-99,Dispatch,,Daniel Reitman,"UPS Store #94
1685 Chestnut Street","Vancouver, British",Columbia ,,V6J 4M6,Canada,(604) 731-1048,,CUSTOMER,HETALLS GLOBAL PRIVATE LIMITED,Individual,Consumer,JUTE DHURRIE- NR-99,6 x 6 FT,,$179.73,JUTE DHURRIE- NR-99-6 x 6 FT,57050039,,,,IN STOCK,,,,20-Apr-2026,
,TOP URGENT,TOP URGENT,RF-12388,ETSY-CASAVANI,4032077437,Alex Moulter,,14-Apr-2026,,COTTON DHURRIE,2 X 3 FT,No,20-Apr-2026,DISPATCHED,,20-Apr-2026,TH-501A,Dispatch,,"        
Alex Moulter",471 Warren S,Apt 1,Brooklyn,New York,11217,United States ,16178166568,alex.moulter@gmail.com,CUSTOMER,HETALLS GLOBAL PRIVATE LIMITED,Individual,Consumer,COTTON DHURRIE-TH-501A,2 X 3 FT,,$48.75,HANDMADE COTTON DHURRIE-TH-501A-2 X 3 FT,57050024,,,,,,,,20-Apr-2026,
,TOP URGENT,TOP URGENT,RF-12389,AMAZON,112-5129575-2048250,"
Oresta ",,15-Apr-2026,,WOOL JUTE,2.6 X 6 FT,Yes,28-Apr-2026,DISPATCHED,,18-Apr-2026,WJRH-21,Dispatch,,Oresta baldassari,35 Newhall Ave,APT 208,Saugus,MA,01906-3375,United States,1 415-851-9136 ext. 29385,,CUSTOMER,HETALLS GLOBAL PRIVATE LIMITED,Individual,Consumer,WOOL JUTE-WJRH-21,2.6 X 6 FT,,$105.00,HANDMADE WOOL JUTE-WJRH-21-2.6 X 6 FT,57050039,,,,IN STOCK,,,,17-Apr-2026,
,TOP URGENT,TOP URGENT,RF-12390,AMAZON,114-5260181-4876261,"
Julie",,15-Apr-2026,,COTTON DHURRIE,4 X 6 FT,Yes,20-Apr-2026,DISPATCHED,,21-Apr-2026,HGD-N-138,Dispatch,,Julie Zaharatos,1751 S Ponce De Leon Ave NE,,Atlanta,GA,30307-1784,United States,1 415-419-8616 ext. 68731,,CUSTOMER,HETALLS GLOBAL PRIVATE LIMITED,Individual,Consumer,COTTON DHURRIE-HGD-N-138,4 X 6 FT,,$111.60,HANDMADE COTTON DHURRIE-HGD-N-138-4 X 6 FT,57050024,,,,,,,,21-Apr-2026,
,TOP URGENT,TOP URGENT,RF-12391,AMAZON,171-5450915-2017142,"	Bonnie
",,15-Apr-2026,,JUTE DHURRIE,2.6 X 4 FT,No,20-Apr-2026,DISPATCHED,,22-Apr-2026,NR-125B,Dispatch,,Bonnie Robson,Via Posillipo 386,"Piano Secondo, Interno 11",Napoli,NA,80123,Italy,393444089188,,CUSTOMER,HETALLS GLOBAL PRIVATE LIMITED,Individual,Consumer,JUTE DHURRIE-NR-125B,2.6 X 4 FT,,$115.08,HANDMADE JUTE DHURRIE-NR-125B-2.6 X 4 FT,57050039,,,,,21-Apr-2026,,20-Apr-2026,,
,TOP URGENT,TOP URGENT,RF-12393,ETSY-CASAVANI,4029696860,"	
Joelle Pobjoy",,16-Apr-2026,,COTTON DHURRIE,3 X 44 Feet,No,21-Apr-2026,DISPATCHED,,22-Apr-2026,HGD-119,Dispatch,,"
	
Joelle Pobjoy",1854 Rue Le ,"Ber
201",Montréal,QC,H3K 2A4,Canada,15145817990,joelle.pobjoy@gmail.com,CUSTOMER,HETALLS GLOBAL PRIVATE LIMITED,Individual,Consumer,COTTON DHURRIE-HGD-119,3 X 44 Feet,,$600.60,HANDMADE COTTON DHURRIE-HGD-119-3 X 44 Feet,57050024,,,,,,,,22-Apr-2026,
,TOP URGENT,TOP URGENT,RF-12394,AMAZON,204-8903796-9913963,	Robert,,16-Apr-2026,,WOOL JUTE,2.6 X 6 FT,Yes,30-Apr-2026,DISPATCHED,,23-Apr-2026,WJRH-15,Dispatch,,Robert Currey,THE MILL HOUSE,OLD CASTLETOWN ROAD SANTON,ISLE OF MAN,Isle of Man,IM4 1EX,United Kingdom,01624 827000,,CUSTOMER,HETALLS GLOBAL PRIVATE LIMITED,Individual,Consumer,WOOL JUTE-WJRH-15,2.6 X 6 FT,,$90.22,HANDMADE WOOL JUTE-WJRH-15-2.6 X 6 FT,57050039,,,,,27-Apr-2026,,22-Apr-2026,22-Apr-2026,
,TOP URGENT,TOP URGENT,RF-12395,AMAZON,171-2339316-1569937,Farah,,16-Apr-2026,,WOOL JUTE,2.6 X 8 FT,Yes,30-Apr-2026,DISPATCHED,,5-May-2026,WJRH-15,Dispatch,,"
Farah Alshaar","101, Place du Parnasse",Apt 602,Montpellier,,34000,France,782682001,,CUSTOMER,HETALLS GLOBAL PRIVATE LIMITED,Individual,Consumer,WOOL JUTE-WJRH-15,2.6 X 8 FT,,$125.95,HANDMADE WOOL JUTE-WJRH-15-2.6 X 8 FT,57050039,,,,,27-Apr-2026,,4-May-2026,5-May-2026,
,TOP URGENT,TOP URGENT,RF-12392,AMAZON,701-2528692-6781849,	Maureen,,16-Apr-2026,,COTTON DHURRIE,8 FT SQUARE,Yes,21-Apr-2026,DISPATCHED,,22-Apr-2026,HP-176,Dispatch,,"
Maureen Deverdenne",500 Buchanan Road North-West,,Edmonton,Alberta,T6R 2B5,Canada,17804450265,,CUSTOMER,HETALLS GLOBAL PRIVATE LIMITED,Individual,Consumer,COTTON DHURRIE-HP-176,8 FT SQUARE,,$355.72,HANDMADE COTTON DHURRIE-HP-176-8 FT SQUARE,57050024,,,,,,,,,
,TOP URGENT,TOP URGENT,RF-12396,AMAZON,028-3465342-7245919,	Dagmar,,16-Apr-2026,,COTTON DHURRIE,10 X 14 FT,Yes,30-Apr-2026,DISPATCHED,,22-Apr-2026,JHGD-01,Dispatch,,Dagmar und Torsten Wiegel,Böcklhofweg 27,,Haar,Bavaria (Bayern),85540,Germany,1723752550,,CUSTOMER,HETALLS GLOBAL PRIVATE LIMITED,Individual,Consumer,COTTON DHURRIE-JHGD-01,10 X 14 FT,,"$1,197.01",HANDMADE COTTON DHURRIE-JHGD-01-10 X 14 FT,57050024,,,,,,,,22-Apr-2026,
,TOP URGENT,TOP URGENT,RF-12397,AMAZON, 114-9952101-2789862,        Ana,,17-Apr-2026,,COTTON DHURRIE,3 X 5 FT,Yes,21-Apr-2026,DISPATCHED,,23-Apr-2026,JHGD-02A,Dispatch,,Ana Gonzalez,1422 W Euclid Ave,,MILWAUKEE,WI,53215-4648,United States,1 207-835-4259 ext. 10643,,CUSTOMER,HETALLS GLOBAL PRIVATE LIMITED,Individual,Consumer,COTTON DHURRIE-JHGD-02A,3 X 5 FT,,$79.00,HANDMADE COTTON DHURRIE-JHGD-02A-3 X 5 FT,57050024,,,,,,,,23-Apr-2026,
,TOP URGENT,TOP URGENT,RF-12398,AMAZON,113-3202848-3041043,        Dwayne,,17-Apr-2026,,JUTE DHURRIE,5 X 7 FT,No,21-Apr-2026,DISPATCHED,,23-Apr-2026,NR-108,Dispatch,,John Lockwood,1107 Cottonwood Dr,,Schurz,NV,89427,United States,1 207-835-4259 ext. 84966,,CUSTOMER,HETALLS GLOBAL PRIVATE LIMITED,Individual,Consumer,JUTE DHURRIE-NR-108,5 X 7 FT,,$184.00,HANDMADE JUTE DHURRIE-NR-108-5 X 7 FT,57050039,,,,,21-Apr-2026,,23-Apr-2026,23-Apr-2026,
,TOP URGENT,TOP URGENT,RF-12399,AMAZON,113-0607188-3496251,        Jeff,,17-Apr-2026,,COTTON DHURRIE,4 X 4 FT,No,21-Apr-2026,DISPATCHED,,23-Apr-2026,HGD-107,Dispatch,,"
Jill Lubansky",711 DESPARADO RD,,BAILEY,CO,80421-1006,United States,1 480-618-5344 ext. 81129,,CUSTOMER,HETALLS GLOBAL PRIVATE LIMITED,Individual,Consumer,COTTON DHURRIE-HGD-107,4 X 4 FT,,$88.00,HANDMADE COTTON DHURRIE-HGD-107-4 X 4 FT,57050024,,,,,,,,23-Apr-2026,
,,,RF-12400-1/2,ETSY-CASAVANI,4030923816,"
Bianca Kelynack",,17-Apr-2026,,COTTON DHURRIE,3.5 x 20 FT,No,21-Apr-2026,DISPATCHED,,23-Apr-2026,HGD-129,Dispatch,,"
Bianca Kelynack",450 Warrah ,Ridge Rd,QUIRINDI, NSW,2343,Australia,419949888,bianca.kelynack@outlook.com,CUSTOMER,HETALLS GLOBAL PRIVATE LIMITED,Individual,Consumer,COTTON DHURRIE-HGD-129,3.5 x 20 FT,,$304.85,HANDMADE COTTON DHURRIE-HGD-129-3.5 x 20 FT,57050024,,,,,,,,22-Apr-2026,
,,,RF-12400-2/2,ETSY-CASAVANI,4030923816,"
Bianca Kelynack",,17-Apr-2026,,COTTON DHURRIE,3.5 X 25 FT,No,21-Apr-2026,DISPATCHED,,23-Apr-2026,HGD-129,Dispatch,,"
Bianca Kelynack",450 Warrah ,Ridge Rd,QUIRINDI, NSW,2343,Australia,419949888,bianca.kelynack@outlook.com,CUSTOMER,HETALLS GLOBAL PRIVATE LIMITED,Individual,Consumer,COTTON DHURRIE-HGD-129,3.5 X 25 FT,,$380.25,HANDMADE COTTON DHURRIE-HGD-129-3.5 X 25 FT,57050024,,,,,,,,22-Apr-2026,
,,,RF-12401,ETSY-RUGSFOREVER,4034608719,Emily Moore,,17-Apr-2026,,JUTE DHURRIE,3 X 3 FT,No,18-Apr-2026,DISPATCHED,,23-Apr-2026,NR-108,Dispatch,,Emily Moore,1751 8th St, Beach,Manhattan,", CA",90266,United States, 512-608-8073,em.moore.27@gmail.com,CUSTOMER,HETALLS GLOBAL PRIVATE LIMITED,Individual,Consumer,JUTE DHURRIE-NR-108,3 X 3 FT,,$86.25,HANDMADE JUTE DHURRIE-NR-108-3 X 3 FT,57050039,,,,,21-Apr-2026,,23-Apr-2026,23-Apr-2026,
,,SET OF 12 PIECES,RF-12402,ETSY-RUGSFOREVER,4034144403,Sandra Selina,,17-Apr-2026,,JUTE DHURRIE,8.5 X 29 INCH,No,21-Apr-2026,DISPATCHED,,25-Apr-2026,NR-1089,Dispatch,,Sandra Selina,5079 Cordova,Bay Rd,Victoria, BC,V8Y 2K1,Canada,778 982 2853,myhenry2@gmail.com,CUSTOMER,HETALLS GLOBAL PRIVATE LIMITED,Individual,Consumer,JUTE DHURRIE-NR-1089,8.5 X 29 INCH,,$162.75,HANDMADE JUTE DHURRIE-NR-1089-8.5 X 29 INCH,57050039,,,,,22-Apr-2026,24-Apr-2026,24-Apr-2026,25-Apr-2026,
,,,RF-12403,ETSY-RUGSFOREVER,4030975070,Fumito Nishiyama,,17-Apr-2026,,JUTE DHURRIE,4 X 6 FT,No,22-Apr-2026,DISPATCHED,,25-Apr-2026,NR-185A,Dispatch,,Fumito Nishiyama,"1F
8-466",doki higashi,"marugame,", Kagawa,763-0082,Japan,8039231023,fnfn372@gmail.com,CUSTOMER,HETALLS GLOBAL PRIVATE LIMITED,Individual,Consumer,JUTE DHURRIE-NR-185A,4 X 6 FT,,$195.00,HANDMADE JUTE DHURRIE-NR-185A-4 X 6 FT,57050039,,,,,22-Apr-2026,24-Apr-2026,24-Apr-2026,25-Apr-2026,
,TOP URGENT,TOP URGENT,RF-12404,AMAZON,114-0030465-6287452,Libby,,18-Apr-2026,,JUTE DHURRIE,2.6 X 4 FT,No,23-Apr-2026,DISPATCHED,,23-Apr-2026,VI-25,Dispatch,,"
Libby Callis",5315 Pin Oak Lane,,Sedalia,MO,65301,United States,1 210-728-4548 ext. 99982,,CUSTOMER,HETALLS GLOBAL PRIVATE LIMITED,Individual,Consumer,JUTE DHURRIE-VI-25,2.6 X 4 FT,,$64.00,HANDMADE JUTE DHURRIE-VI-25-2.6 X 4 FT,57050039,,,,,21-Apr-2026,,23-Apr-2026,23-Apr-2026,
,TOP URGENT,TOP URGENT,RF-12405,AMAZON,111-5518398-3591450,    Jenelle,,18-Apr-2026,,COTTON DHURRIE,2.6 X 8 FT,Yes,23-Apr-2026,DISPATCHED,,24-Apr-2026,HGD-161,Dispatch,,"
Jenelle Kuehne",300 JULIA AVE,,BELMONT,NC,28012-3914,United States,1 207-835-4259 ext. 44823,,CUSTOMER,HETALLS GLOBAL PRIVATE LIMITED,Individual,Consumer,COTTON DHURRIE-HGD-161,2.6 X 8 FT,,$96.00,HANDMADE COTTON DHURRIE-HGD-161-2.6 X 8 FT,57050024,,,,,,,,24-Apr-2026,
,TOP URGENT,TOP URGENT,RF-12406,AMAZON, 114-7756969-6147413,Miranda,,18-Apr-2026,,COTTON DHURRIE,6 X 8 FT,Yes,23-Apr-2026,DISPATCHED,,23-Apr-2026,JHGD-02A,Dispatch,,"
Miranda Keene",9611 NE 191ST ST UNIT 312,,BOTHELL,WA,98011-2290,United States,1 314-282-9402 ext. 98479,,CUSTOMER,HETALLS GLOBAL PRIVATE LIMITED,Individual,Consumer,COTTON DHURRIE-JHGD-02A,6 X 8 FT,,$248.00,HANDMADE COTTON DHURRIE-JHGD-02A-6 X 8 FT,57050024,,,,,,,,23-Apr-2026,
,TOP URGENT,TOP URGENT,RF-12407,AMAZON,403-2918952-6657169,	Giorgio,,18-Apr-2026,,JUTE DHURRIE,2.6 X 8 FT,No,23-Apr-2026,DISPATCHED,,23-Apr-2026,VI-25,Dispatch,,Giorgio Castiglione,Via comunale catena 30,,Napoli,Napoli,80126,Italy,3386020561,,CUSTOMER,HETALLS GLOBAL PRIVATE LIMITED,Individual,Consumer,JUTE DHURRIE-VI-25,2.6 X 8 FT,,$124.50,HANDMADE JUTE DHURRIE-VI-25-2.6 X 8 FT,57050039,,,,,21-Apr-2026,,23-Apr-2026,,
,,,RF-12408,ETSY-RUGSFOREVER,4036749535,Margaret Brown,,20-Apr-2026,,CHINDI COTTON-JUTE,2 X 3 FT,No,26-Apr-2026,DISPATCHED,,27-Apr-2026,HW-54,Dispatch,,Margaret Brown,5060 Grand Blvd,,Montreal,QC,H3X 3S2,Canada,,Star5@fastmail.com,CUSTOMER,HETALLS GLOBAL PRIVATE LIMITED,Individual,Consumer,CHINDI COTTON-JUTE-HW-54,2 X 3 FT,,$71.25,HANDMADE CHINDI COTTON-JUTE-HW-54-2 X 3 FT,57050039,,,,,24-Apr-2026,,27-Apr-2026,27-Apr-2026,
,,,RF-12409,ETSY-RUGSFOREVER,4032781522,Arlie Felton-Taylor,,20-Apr-2026,,JUTE DHURRIE,4 X 6 FT,No,26-Apr-2026,DISPATCHED,,30-Apr-2026,VI-87F,Dispatch,,Arlie Felton-Taylor,179 Althaus Road,,Westbrook,QLD,4350,Australia,,afeltontaylor@gmail.com,CUSTOMER,HETALLS GLOBAL PRIVATE LIMITED,Individual,Consumer,JUTE DHURRIE-VI-87F,4 X 6 FT,,$135.00,HANDMADE JUTE DHURRIE-VI-87F-4 X 6 FT,57050039,,,,,25-Apr-2026,,29-Apr-2026,30-Apr-2026,
,,SET OF 10 PIECES,RF-12410,ETSY-RUGSFOREVER,4033072470,Susan Huggins,,20-Apr-2026,,CHINDI COTTON-JUTE,8 X 29 Inch,No,26-Apr-2026,DISPATCHED,,27-Apr-2026,NR-33-Rec-A,Dispatch,,Susan Huggins,"55 Manchester Lane
Unit 2",,Holly Ridge,NC,28445,United States,,,CUSTOMER,HETALLS GLOBAL PRIVATE LIMITED,Individual,Consumer,CHINDI COTTON-JUTE-NR-33-Rec-A,8 X 29 Inch,,$126.75,HANDMADE CHINDI COTTON-JUTE-NR-33-Rec-A-8 X 29 Inch,57050039,,,,,24-Apr-2026,,24-Apr-2026,25-Apr-2026,
,,,RF-12411,ETSY-CASAVANI,4034208005,"
Dr Marcus Blagrove",,20-Apr-2026,,COTTON DHURRIE,2.6 X 27 FT ,Yes,26-Apr-2026,DISPATCHED,,27-Apr-2026,HGD-110,Dispatch,,Dr Marcus Blagrove,"5 Princes Park Mansions
",Croxteth Road,"Liverpool,",MERSEYSIDE,L8 3SA,United Kingdom,44 7964660678,marcus.blagrove@liverpool.ac.uk,CUSTOMER,HETALLS GLOBAL PRIVATE LIMITED,Individual,Consumer,COTTON DHURRIE-HGD-110,2.6 X 27 FT ,,$359.80,HANDMADE COTTON DHURRIE-HGD-110-2.6 X 27 FT ,57050024,,,,,,,,25-Apr-2026,
,TOP URGENT,TOP URGENT,RF-12412,AMAZON,204-5144070-8528364,	Karen,,20-Apr-2026,,JUTE DHURRIE,4 X 12 FT,No,26-Apr-2026,DISPATCHED,,27-Apr-2026,NR-97,Dispatch,,Karen Watson,"31
MUMBLES HEAD PARK",,PEMBREY,,SA16 0DJ,United Kingdom,447929161087,,CUSTOMER,HETALLS GLOBAL PRIVATE LIMITED,Individual,Consumer,JUTE DHURRIE-NR-97,4 X 12 FT,,$264.79,HANDMADE JUTE DHURRIE-NR-97-4 X 12 FT,57050039,,,,,24-Apr-2026,,24-Apr-2026,,
,TOP URGENT,TOP URGENT,RF-12413,AMAZON,205-4146521-9017138,Anel,,20-Apr-2026,,COTTON DHURRIE,2 X 3 FT,Yes,26-Apr-2026,DISPATCHED,,24-Apr-2026,JHGD-02B,Dispatch,,Anel Davidson,"23
ALLEZ STREET ",,ST PETER PORT,GUERNSEY,GY1 1NG,United Kingdom,07781 452 845,,CUSTOMER,HETALLS GLOBAL PRIVATE LIMITED,Individual,Consumer,COTTON DHURRIE-JHGD-02B,2 X 3 FT,,$55.00,HANDMADE COTTON DHURRIE-JHGD-02B-2 X 3 FT,57050024,,,,,,,,24-Apr-2026,
,TOP URGENT,TOP URGENT,RF-12414,AMAZON,404-3487278-2032367,Stepan,,20-Apr-2026,,JUTE DHURRIE,2 X 6 FT,No,26-Apr-2026,DISPATCHED,,30-Apr-2026,NR-137D,Dispatch,,Stepan Bolshakov,"Avenida Serpa Pinto 390
D5.3",,Matosinhos,Matosinhos,4450-277,Portugal,351923526837,,CUSTOMER,HETALLS GLOBAL PRIVATE LIMITED,Individual,Consumer,JUTE DHURRIE-NR-137D,2 X 6 FT,,$87.02,HANDMADE JUTE DHURRIE-NR-137D-2 X 6 FT,57050039,,,,,25-Apr-2026,,29-Apr-2026,30-Apr-2026,
,TOP URGENT,TOP URGENT,RF-12415,AMAZON,202-7446568-4213133,	jason,,20-Apr-2026,,JUTE DHURRIE,2 X 3 FT,No,26-Apr-2026,DISPATCHED,,23-Apr-2026,VI-24B,Dispatch,,Jodie Boast,"2 Middle Hill
Reedham",,NORWICH,Norfolk,NR13 3TW,United Kingdom,01493 701501,,CUSTOMER,HETALLS GLOBAL PRIVATE LIMITED,Individual,Consumer,JUTE DHURRIE-VI-24B,2 X 3 FT,,$46.16,HANDMADE JUTE DHURRIE-VI-24B-2 X 3 FT,57050039,,,,,,,23-Apr-2026,23-Apr-2026,
,TOP URGENT,TOP URGENT,RF-12416,AMAZON,113-9342497-1289004,Jeromie,,20-Apr-2026,,WOOL JUTE,2 X 12 FT,Yes,26-Apr-2026,DISPATCHED,,6-May-2026,HW-61,Dispatch,,Jeromie Lincoln Rosenquist,134 MELBRY RD,,LAFAYETTE,LA,0508-7944,United States,1 207-835-4259 ext. 06128,,CUSTOMER,HETALLS GLOBAL PRIVATE LIMITED,Individual,Consumer,WOOL JUTE-HW-61,2 X 12 FT,,$198.00,HANDMADE WOOL JUTE-HW-61-2 X 12 FT,57050039,,,,,30-Apr-2026,,4-May-2026,5-May-2026,
,TOP URGENT,TOP URGENT,RF-12417,AMAZON,112-2244943-4506653,"
Patricia",,20-Apr-2026,,WOOL JUTE,7 X 10 FT,Yes,4-May-2026,DISPATCHED,,6-May-2026,DWJ-06,Dispatch,,Patricia H Finn,1032 WOODVIEW RD,,BURR RIDGE,IL,60527-4851,United States,1 480-618-5344 ext. 06597,,CUSTOMER,HETALLS GLOBAL PRIVATE LIMITED,Individual,Consumer,WOOL JUTE-DWJ-06,7 X 10 FT,,$587.00,HANDMADE WOOL JUTE-DWJ-06-7 X 10 FT,57050039,,,,,1-May-2026,,4-May-2026,5-May-2026,
,TOP URGENT,TOP URGENT,RF-12418,AMAZON,111-1151036-7776202,Christie,,20-Apr-2026,,JUTE DHURRIE,2 X 3 FT,No,26-Apr-2026,DISPATCHED,,23-Apr-2026,VI-86C,Dispatch,,Christie O'Neill,1495 MILL CREEK DR,,BAKER,FL ,32531-8479,United States,1 480-618-5344 ext. 75222,,CUSTOMER,HETALLS GLOBAL PRIVATE LIMITED,Individual,Consumer,JUTE DHURRIE-VI-86C,2 X 3 FT,,$91.00,HANDMADE JUTE DHURRIE-VI-86C-2 X 3 FT,57050039,,,,,,,23-Apr-2026,23-Apr-2026,
,TOP URGENT,TOP URGENT,RF-12419,AMAZON,112-5861320-9637066,Carol ,,20-Apr-2026,,WOOL JUTE,3 X 5 FT,Yes,4-May-2026,DISPATCHED,,23-Apr-2026,WJRH-21,Dispatch,,Carol Finn,4039 Lark Lane,,Ypsilanti,Michigan,48197,United States,1 207-835-4259 ext. 91402,,CUSTOMER,HETALLS GLOBAL PRIVATE LIMITED,Individual,Consumer,WOOL JUTE-WJRH-21,3 X 5 FT,,$99.00,HANDMADE WOOL JUTE-WJRH-21-3 X 5 FT,57050039,,,,IN STOCK,,,,,
Buyer National Id: TIXW640128HNEMXL06,TOP URGENT,TOP URGENT,RF-12421-1/2,AMAZON,702-1242082-8344219,	Russell,,20-Apr-2026,,WOOL JUTE,2.5 X 4 FT ,Yes,4-May-2026,DISPATCHED,,1-May-2026,WJRH-05F,Dispatch,,Walter Russell Timmons,"Callejon de Zaragoza #40
Int. 2-H, Col. La Presa
",,Guanajuato,Guanajuato,36000,Mexico,473 151 3107,,CUSTOMER,HETALLS GLOBAL PRIVATE LIMITED,Individual,Consumer,WOOL JUTE-WJRH-05F,2.5 X 4 FT ,,$118.65,HANDMADE WOOL JUTE-WJRH-05F-2.5 X 4 FT ,57050039,,,,,,,1-May-2026,1-May-2026,
Buyer National Id: TIXW640128HNEMXL06,TOP URGENT,TOP URGENT,RF-12421-2/2,AMAZON,702-1242082-8344219,	Russell,,20-Apr-2026,,WOOL JUTE,5 X 8 FT,Yes,4-May-2026,DISPATCHED,,1-May-2026,WJRH-15,Dispatch,,Walter Russell Timmons,"Callejon de Zaragoza #40
Int. 2-H, Col. La Presa
",,Guanajuato,Guanajuato,36000,Mexico,473 151 3107,,CUSTOMER,HETALLS GLOBAL PRIVATE LIMITED,Individual,Consumer,WOOL JUTE-WJRH-15,5 X 8 FT,,$259.22,HANDMADE WOOL JUTE-WJRH-15-5 X 8 FT,57050039,,,,IN STOCK,,,,1-May-2026,
,,,RF-12422,ETSY-CASAVANI,4033574472,"	
Gloria",,20-Apr-2026,,COTTON DHURRIE,3 X 3 FT,No,24-Apr-2026,DISPATCHED,,24-Apr-2026,CUS-MR-03,Dispatch,,"
Gloria",1822 Vernon St NW,Apt 103,Washington,DC,20009,United States,678-592-0109,glodab8@gmail.com,CUSTOMER,HETALLS GLOBAL PRIVATE LIMITED,Individual,Consumer,COTTON DHURRIE-CUS-MR-03,3 X 3 FT,,$50.05,HANDMADE COTTON DHURRIE-CUS-MR-03-3 X 3 FT,57050024,,,,IN STOCK,,,,24-Apr-2026,
,,,RF-12423,ETSY-CASAVANI,4037574971,Nathan Badding,,20-Apr-2026,,COTTON DHURRIE,3 X 25 FT,Yes,24-Apr-2026,DISPATCHED,,27-Apr-2026,HGD-129-LR,Dispatch,,"
Nathan Badding",1001 Ruth Ave,Bldg 1,"AUSTIN,",TX ,78757,United States,712830-6468,nbadding@gmail.com,CUSTOMER,HETALLS GLOBAL PRIVATE LIMITED,Individual,Consumer,COTTON DHURRIE-HGD-129-LR,3 X 25 FT,,$392.00,HANDMADE COTTON DHURRIE-HGD-129-LR-3 X 25 FT,57050024,,,,,,,,25-Apr-2026,
,,tassels one end,RF-12424,ETSY-CASAVANI,4036855865,"	
James Vandevere",,20-Apr-2026,,COTTON DHURRIE,2 X 12 FT,Yes,23-Apr-2026,DISPATCHED,,25-Apr-2026,HGD-161A,Dispatch,,"
	
James Vandevere",411 Woodland St,,HOUSTON,TX ,77009,United States,8324729901,jcvandy20@gmail.com,CUSTOMER,HETALLS GLOBAL PRIVATE LIMITED,Individual,Consumer,COTTON DHURRIE-HGD-161A,2 X 12 FT,,$124.60,HANDMADE COTTON DHURRIE-HGD-161A-2 X 12 FT,57050024,,,,,,,,25-Apr-2026,
,,,RF-12425,ETSY-CASAVANI,4032108760,"        
	
aurelie benais",,20-Apr-2026,,COTTON DHURRIE,2 X 20 FT,Yes,22-Apr-2026,DISPATCHED,,28-Apr-2026,HP-206B,Dispatch,,Aurelie Benais,9-11 Belsize Grove 12A,"Camden,"," London,", England,NW3 4UU,United Kingdom,,lilibenais@hotmail.com,CUSTOMER,HETALLS GLOBAL PRIVATE LIMITED,Individual,Consumer,COTTON DHURRIE-HP-206B,2 X 20 FT,,$182.00,HANDMADE COTTON DHURRIE-HP-206B-2 X 20 FT,57050024,,,,,,,,27-Apr-2026,
,,,RF-12426,ETSY-CASAVANI,4031935242,Rachel Jacobson,,20-Apr-2026,,COTTON DHURRIE,2 X 5 FT,Yes,22-Apr-2026,DISPATCHED,,24-Apr-2026,STK-26B,Dispatch,,Rachel Jacobson,6661 Santa Anita Dr,,"Dallas,",TX ,75214,United States,2146320596,rachel_wooley@sbcglobal.net,CUSTOMER,HETALLS GLOBAL PRIVATE LIMITED,Individual,Consumer,COTTON DHURRIE-STK-26B,2 X 5 FT,,$59.50,HANDMADE COTTON DHURRIE-STK-26B-2 X 5 FT,57050024,,,,,,,,24-Apr-2026,
,TOP URGENT,TOP URGENT,RF-12427,AMAZON,111-3841032-2221807, John,,21-Apr-2026,,WOOL JUTE,2 X 12 FT,No,5-May-2026,DISPATCHED,,5-May-2026,WJRH-15,Dispatch,,John Neary,276 CLOVERLY RD,,GROSSE POINTE,MI,48236-3304,United States,1 619-854-2705 ext. 77665,,CUSTOMER,HETALLS GLOBAL PRIVATE LIMITED,Individual,Consumer,WOOL JUTE-WJRH-15,2 X 12 FT,1,$155.00,HANDMADE WOOL JUTE-WJRH-15-2 X 12 FT,57050039,,,,,,,4-May-2026,5-May-2026,
,TOP URGENT,TOP URGENT,RF-12428,AMAZON,406-0723769-7114738,	Marilena,,21-Apr-2026,,COTTON DHURRIE,2.6 X 4 FT,Yes,26-Apr-2026,DISPATCHED,,24-Apr-2026,JHGD-02E,Dispatch,,Marilena Sadori,Via Rodi 13,,Senigallia,AN,60019,Italy,3356813060,,CUSTOMER,HETALLS GLOBAL PRIVATE LIMITED,Individual,Consumer,COTTON DHURRIE-JHGD-02E,2.6 X 4 FT,,$74.32,HANDMADE COTTON DHURRIE-JHGD-02E-2.6 X 4 FT,57050024,,,,,,,,24-Apr-2026,
,TOP URGENT,TOP URGENT,RF-12429,AMAZON,026-4015745-7363566,stella,,21-Apr-2026,,CHINDI COTTON-JUTE,2.6 X 4 FT,No,26-Apr-2026,DISPATCHED,,25-Apr-2026,NR-25,Dispatch,,stella marshall,2 BLAENWERN,,NEWCASTLE EMLYN,,SA38 9BE,United Kingdom,1239920676,,CUSTOMER,HETALLS GLOBAL PRIVATE LIMITED,Individual,Consumer,CHINDI COTTON-JUTE-NR-25,2.6 X 4 FT,,$67.58,HANDMADE CHINDI COTTON-JUTE-NR-25-2.6 X 4 FT,57050039,,,,,,,24-Apr-2026,25-Apr-2026,
,TOP URGENT,TOP URGENT,RF-12430-1/2,AMAZON,503-9728794-4684655,Deborah,,21-Apr-2026,,JUTE DHURRIE,2 X 14 FT,No,26-Apr-2026,DISPATCHED,,28-Apr-2026, VI-24B,Dispatch,,Deborah Fielding,4 TIMOR WALK,,EYNESBURY,VIC,3338,Australia,421757657,,CUSTOMER,HETALLS GLOBAL PRIVATE LIMITED,Individual,Consumer,JUTE DHURRIE- VI-24B,2 X 14 FT,,$176.03,HANDMADE JUTE DHURRIE- VI-24B-2 X 14 FT,57050039,,,,,,,27-Apr-2026,,
,TOP URGENT,TOP URGENT,RF-12430-2/2,AMAZON,503-9728794-4684655,Deborah,,21-Apr-2026,,JUTE DHURRIE,2 X 10 FT,No,26-Apr-2026,DISPATCHED,,28-Apr-2026,VI-24B,Dispatch,,Deborah Fielding,4 TIMOR WALK,,EYNESBURY,VIC,3338,Australia,421757657,,CUSTOMER,HETALLS GLOBAL PRIVATE LIMITED,Individual,Consumer,JUTE DHURRIE-VI-24B,2 X 10 FT,,$135.57,HANDMADE JUTE DHURRIE-VI-24B-2 X 10 FT,57050039,,,,,,,27-Apr-2026,,
,TOP URGENT,TOP URGENT,RF-12431,JAYPOR,8905644438528,-,,21-Apr-2026,,COTTON DHURRIE,36 X 60 INCH,Yes,24-Apr-2026,DISPATCHED,,24-Apr-2026,JHGD-02A,Dispatch,,,,,,,,,,,CUSTOMER,HETALLS GLOBAL PRIVATE LIMITED,Individual,Consumer,COTTON DHURRIE-JHGD-02A,36 X 60 INCH,,,HANDMADE COTTON DHURRIE-JHGD-02A-36 X 60 INCH,57050024,,,,,,,,,
,TOP URGENT,TOP URGENT,RF-12432,JAYPOR,8905784812080,-,,21-Apr-2026,,COTTON DHURRIE,4 ft x 2.6 ft”,Yes,24-Apr-2026,DISPATCHED,,24-Apr-2026,JHGD-T-501-D1,Dispatch,,,,,,,,,,,CUSTOMER,HETALLS GLOBAL PRIVATE LIMITED,Individual,Consumer,COTTON DHURRIE-JHGD-T-501-D1,4 ft x 2.6 ft”,,,HANDMADE COTTON DHURRIE-JHGD-T-501-D1-4 ft x 2.6 ft”,57050024,,,,,,,,,
,TOP URGENT,TOP URGENT,RF-12433,JAYPOR,8905644438658,-,,21-Apr-2026,,COTTON DHURRIE,60 X 60 INCH,Yes,24-Apr-2026,DISPATCHED,,24-Apr-2026,JHGD-02D,Dispatch,,,,,,,,,,,CUSTOMER,HETALLS GLOBAL PRIVATE LIMITED,Individual,Consumer,COTTON DHURRIE-JHGD-02D,60 X 60 INCH,,,HANDMADE COTTON DHURRIE-JHGD-02D-60 X 60 INCH,57050024,,,,,,,,,
,TOP URGENT,TOP URGENT,RF-12434,AMAZON,114-1608718-1981830,	Marlo,,21-Apr-2026,,WOOL JUTE,6 X 8 FT,Yes,8-May-2026,DISPATCHED,,8-May-2026,DWJ-14,Dispatch,,Marlo Lietz,450 MIGNON LN,,HOUSTON,TX,77024-4704,United States,1 763-225-9463 ext. 24353,,CUSTOMER,HETALLS GLOBAL PRIVATE LIMITED,Individual,Consumer,WOOL JUTE-DWJ-14,6 X 8 FT,,$435.00,HANDMADE WOOL JUTE-DWJ-14-6 X 8 FT,57050039,,,,,,,4-May-2026,8-May-2026,
,,,RF-12435,EBAY-RUGSFOREVER,12-14518-48995,"
Jane Motz",,21-Apr-2026,,JUTE DHURRIE,8 X 10 FT,No,22-May-2026,DISPATCHED,,29-Apr-2026,CSN-06-D5,Dispatch,,"Jane Motz
","2286 Elstun Rd
",,Cincinnati,OH,45230-1016,United States,513-252-7654,,CUSTOMER,HETALLS GLOBAL PRIVATE LIMITED,Individual,Consumer,JUTE DHURRIE-CSN-06-D5,8 X 10 FT,,$399.00,HANDMADE JUTE DHURRIE-CSN-06-D5-8 X 10 FT,57050039,,,,,,,27-Apr-2026,29-Apr-2026,
,TOP URGENT,TOP URGENT,RF-12436,AMAZON,114-3538337-7959417,	Madeline,,22-Apr-2026,,COTTON DHURRIE,5 X 7 FT,Yes,27-Apr-2026,DISPATCHED,,28-Apr-2026,STK-26B,Dispatch,,Madeline Turner,801 STUART ST,,HELENA,MT,59601-2410,United States,1 619-854-2705 ext. 39894,,CUSTOMER,HETALLS GLOBAL PRIVATE LIMITED,Individual,Consumer,COTTON DHURRIE-STK-26B,5 X 7 FT,,$184.00,HANDMADE COTTON DHURRIE-STK-26B-5 X 7 FT,57050024,,,,,,,,27-Apr-2026,
,TOP URGENT,TOP URGENT,RF-12437,AMAZON,111-8414269-4589043,	Kate,,22-Apr-2026,,COTTON DHURRIE,2 X 6 FT,Yes,27-Apr-2026,DISPATCHED,,27-Apr-2026,STK-26B,Dispatch,,Katelyn Brown,16122 STATE ROUTE 854,,RUSH,KY,41168-7939,United States,1 213-442-1463 ext. 03564,,CUSTOMER,HETALLS GLOBAL PRIVATE LIMITED,Individual,Consumer,COTTON DHURRIE-STK-26B,2 X 6 FT,,$45.00,HANDMADE COTTON DHURRIE-STK-26B-2 X 6 FT,57050024,,,,,,,,27-Apr-2026,
,TOP URGENT,TOP URGENT,RF-12438,AMAZON,112-4226662-8745814,	Emily,,22-Apr-2026,,COTTON DHURRIE,2 X 6 FT,No,27-Apr-2026,DISPATCHED,,28-Apr-2026,HP-259,Dispatch,,Emily Burrill,1837 OLD CIFAX RD,,GOODE,VA,24556-2929,United States,1 314-282-9402 ext. 86876,,CUSTOMER,HETALLS GLOBAL PRIVATE LIMITED,Individual,Consumer,COTTON DHURRIE-HP-259,2 X 6 FT,,$61.20,HANDMADE COTTON DHURRIE-HP-259-2 X 6 FT,57050024,,,,,,,,,
,TOP URGENT,TOP URGENT,RF-12439,AMAZON,114-4266431-8759426,Nancy,,22-Apr-2026,,WOOL JUTE,2.6 X 4 FT,Yes,27-Apr-2026,DISPATCHED,,1-May-2026,HW-61,Dispatch,,Nancy McFadden,23350 LIBERTY BELL TER,,BOCA RATON,FL ,33433-7609,United States,1 314-282-9402 ext. 69595,,CUSTOMER,HETALLS GLOBAL PRIVATE LIMITED,Individual,Consumer,WOOL JUTE-HW-61,2.6 X 4 FT,,$96.00,HANDMADE WOOL JUTE-HW-61-2.6 X 4 FT,57050039,,,,,,,1-May-2026,1-May-2026,
,TOP URGENT,TOP URGENT,RF-12440,AMAZON,113-8688984-2822615,Angie,,22-Apr-2026,,JUTE DHURRIE,2.6 X 4 FT SCALLOPED ,No,27-Apr-2026,DISPATCHED,,27-Apr-2026,VI-53,Dispatch,,Angie mathews,"5775 n 16000 w
#155",,Altonah,Utah ,84002-0155,United States,1 415-419-8616 ext. 79315,,CUSTOMER,HETALLS GLOBAL PRIVATE LIMITED,Individual,Consumer,JUTE DHURRIE-VI-53,2.6 X 4 FT SCALLOPED ,,$94.00,HANDMADE JUTE DHURRIE-VI-53-2.6 X 4 FT SCALLOPED ,57050039,,,,,,,27-Apr-2026,27-Apr-2026,
,TOP URGENT,TOP URGENT,RF-12441,AMAZON,113-4701038-5421069,Olga,,22-Apr-2026,,JUTE DHURRIE,3 X 3 FT,No,27-Apr-2026,DISPATCHED,,28-Apr-2026,NR-108,Dispatch,,Olga Slootskiy,2607 HUBBARD ST,,BROOKLYN,NY,11235-6214,United States,1 210-728-4548 ext. 05917,,CUSTOMER,HETALLS GLOBAL PRIVATE LIMITED,Individual,Consumer,JUTE DHURRIE-NR-108,3 X 3 FT,,$75.00,HANDMADE JUTE DHURRIE-NR-108-3 X 3 FT,57050039,,,,,,,27-Apr-2026,27-Apr-2026,
,TOP URGENT,TOP URGENT,RF-12442,AMAZON,206-7731845-0401904,Karen,,22-Apr-2026,,JUTE DHURRIE,2.6 X 10 FT,No,27-Apr-2026,DISPATCHED,,28-Apr-2026,VI-61,Dispatch,,Karen bayliss,"10
LULWORTH",,Swindon,Wilts,SN253HF,United Kingdom,7504223472,,CUSTOMER,HETALLS GLOBAL PRIVATE LIMITED,Individual,Consumer,JUTE DHURRIE-VI-61,2.6 X 10 FT,,$120.67,HANDMADE JUTE DHURRIE-VI-61-2.6 X 10 FT,57050039,,,,,,,27-Apr-2026,28-Apr-2026,
,,,RF-12443,ETSY-CASAVANI,4039914917,Carla Bibart,,22-Apr-2026,,COTTON DHURRIE,2.6 X 8 FT,No,27-Apr-2026,DISPATCHED,,27-Apr-2026,STK-26B,Dispatch,,Carla Bibart,13329 Lasalle Ave,Huntington Woods,Huntington Woods,MI,48070,United States,2483207319,baker.carla@gmail.com,CUSTOMER,HETALLS GLOBAL PRIVATE LIMITED,Individual,Consumer,COTTON DHURRIE-STK-26B,2.6 X 8 FT,,$107.10,HANDMADE COTTON DHURRIE-STK-26B-2.6 X 8 FT,57050024,,,,,,,,27-Apr-2026,
,TOP URGENT,TOP URGENT,RF-12444,AMAZON,114-8209107-2962625 ,	MICHAEL,,23-Apr-2026,,JUTE DHURRIE,4 X 6 FT,No,28-Apr-2026,DISPATCHED,,28-Apr-2026,NR-108,Dispatch,,Phillip Polk,9655 REBEL RD,,PENSACOLA,FL,2526-5214,United States,1 480-618-5344 ext. 05342,,CUSTOMER,HETALLS GLOBAL PRIVATE LIMITED,Individual,Consumer,JUTE DHURRIE-NR-108,4 X 6 FT,,$124.00,HANDMADE JUTE DHURRIE-NR-108-4 X 6 FT,57050039,,,,,,,27-Apr-2026,,
,TOP URGENT,TOP URGENT,RF-12445,AMAZON,112-1335303-2561859,Shari,,23-Apr-2026,,JUTE DHURRIE,4 X 6 FT,No,28-Apr-2026,DISPATCHED,,28-Apr-2026,NR-37,Dispatch,,Shari Banks,1000 LAKE ST APT 407,,OAK PARK,IL, 60301-1293,United States,1 207-835-4259 ext. 11413,,CUSTOMER,HETALLS GLOBAL PRIVATE LIMITED,Individual,Consumer,JUTE DHURRIE-NR-37,4 X 6 FT,,$155.00,HANDMADE JUTE DHURRIE-NR-37-4 X 6 FT,57050039,,,,,,,27-Apr-2026,28-Apr-2026,
,TOP URGENT,TOP URGENT,RF-12446,AMAZON,701-6326818-8583421,	Kelsey,,23-Apr-2026,,COTTON DHURRIE,4 X 4 FT,Yes,28-Apr-2026,DISPATCHED,,28-Apr-2026,HGD-129,Dispatch,,Kelsey Heikoop,1839 8th Avenue East,,Vancouver,British Columbia ,V5N 1T7,Canada,6047251424,,CUSTOMER,HETALLS GLOBAL PRIVATE LIMITED,Individual,Consumer,COTTON DHURRIE-HGD-129,4 X 4 FT,,$120.68,HANDMADE COTTON DHURRIE-HGD-129-4 X 4 FT,57050024,,,,,,,,28-Apr-2026,
,TOP URGENT,TOP URGENT,RF-12447,AMAZON,111-4052528-0987402,Pamela,,23-Apr-2026,,COTTON DHURRIE,2 X 3 FT,Yes,28-Apr-2026,DISPATCHED,,28-Apr-2026,HGD-N-138,Dispatch,,Pamela Pascoe,2626 N. Lakeview Ave. #1203,,Chicago,Il,60614,United States,1 314-282-9402 ext. 13972,,CUSTOMER,HETALLS GLOBAL PRIVATE LIMITED,Individual,Consumer,COTTON DHURRIE-HGD-N-138,2 X 3 FT,,$64.00,HANDMADE COTTON DHURRIE-HGD-N-138-2 X 3 FT,57050024,,,,,,,,28-Apr-2026,
,TOP URGENT,TOP URGENT,RF-12448,AMAZON,202-8110315-9105900,Ian,,23-Apr-2026,,WOOL JUTE,2.6 X 8 FT,Yes,6-May-2026,DISPATCHED,,5-May-2026,WJRH-28,Dispatch,,Dr. Ian Stuart,"Flat 6, Ammonite",5 Copper Street,DORCHESTER,Dorset,DT1 1GJ,United Kingdom,0781 798 1409,,CUSTOMER,HETALLS GLOBAL PRIVATE LIMITED,Individual,Consumer,WOOL JUTE-WJRH-28,2.6 X 8 FT,,$109.38,HANDMADE WOOL JUTE-WJRH-28-2.6 X 8 FT,57050039,,,,,,,4-May-2026,5-May-2026,
,,,RF-12449,ETSY-CASAVANI,4041283561,"        
Jacqueline Blackburn",,23-Apr-2026,,COTTON DHURRIE,2.6 X 8 FT,No,27-Apr-2026,DISPATCHED,,28-Apr-2026,HP-259A,Dispatch,,"        
Jacqueline Blackburn",32 O'Neile Pde,,Redcliffe, WA,6104,Australia,,qlion222@gmail.com,CUSTOMER,HETALLS GLOBAL PRIVATE LIMITED,Individual,Consumer,COTTON DHURRIE-HP-259A,2.6 X 8 FT,,$87.75,HANDMADE COTTON DHURRIE-HP-259A-2.6 X 8 FT,57050024,,,,,,,,28-Apr-2026,
,,,RF-12450,ETSY-CASAVANI,4036080832,Anne Cordova O'Connell,,23-Apr-2026,,COTTON DHURRIE,2 X 10 FT,Yes,27-Apr-2026,DISPATCHED,,27-Apr-2026,STK-26B,Dispatch,,Anne Cordova O'Connell,1101 President St,Apt 607,Brooklyn,NY ,11225,United States,860 2275182,annie.c.oconnell@gmail.com,CUSTOMER,HETALLS GLOBAL PRIVATE LIMITED,Individual,Consumer,COTTON DHURRIE-STK-26B,2 X 10 FT,,$112.70,HANDMADE COTTON DHURRIE-STK-26B-2 X 10 FT,57050024,,,,,,,,27-Apr-2026,
,,,RF-12451,ETSY-CASAVANI,4040765349,Aleksandr Fitiskin,,23-Apr-2026,,COTTON DHURRIE,8 X 10 FT,Yes,27-Apr-2026,DISPATCHED,,30-Apr-2026,HP-283,Dispatch,,Aleksandr Fitiskin,Georgiou Griva,Digeni 122 Flat 71A,Kallinikos Court,Limassol,3101,Cyprus,35796599438,s9mdpmyyrc@privaterelay.appleid.com,CUSTOMER,HETALLS GLOBAL PRIVATE LIMITED,Individual,Consumer,COTTON DHURRIE-HP-283,8 X 10 FT,,$338.00,HANDMADE COTTON DHURRIE-HP-283-8 X 10 FT,57050024,,,,,,,,30-Apr-2026,
,,,RF-12452,ETSY-RUGSFOREVER,4035596146,"	
Sarah",,23-Apr-2026,,CHINDI COTTON-JUTE,2 X 3 FT,No,27-Apr-2026,DISPATCHED,,2-May-2026,NR-72,Dispatch,,"        
Sarah",480 E Broadway,Apt. 717,EUGENE,OR,97401,United States,6613106579,lowbrass23@gmail.com,CUSTOMER,HETALLS GLOBAL PRIVATE LIMITED,Individual,Consumer,CHINDI COTTON-JUTE-NR-72,2 X 3 FT,,$57.20,HANDMADE CHINDI COTTON-JUTE-NR-72-2 X 3 FT,57050039,,,,,,,2-May-2026,2-May-2026,
,,,RF-12453,ETSY-RUGSFOREVER,4035460718,Nicole Baker,,23-Apr-2026,,JUTE DHURRIE,5 X 8 FT,No,27-Apr-2026,DISPATCHED,,4-May-2026,NR-72,Dispatch,,Nicole Baker,9716 Autumn,Way,"Zionsville,", IN,46077,United States,,knicolebaker6@gmail.com,CUSTOMER,HETALLS GLOBAL PRIVATE LIMITED,Individual,Consumer,JUTE DHURRIE-NR-72,5 X 8 FT,,$243.75,HANDMADE JUTE DHURRIE-NR-72-5 X 8 FT,57050039,,,,,,,2-May-2026,2-May-2026,
,,,RF-12454,ETSY-RUGSFOREVER,4040649477,Christie Hund,,23-Apr-2026,,CHINDI COTTON-JUTE,5 X 5 FT,No,27-Apr-2026,DISPATCHED,,27-Apr-2026,NR-1062,Dispatch,,Christie Hund,612 Winchester Ct.,,Bartlett,IL,60103,United States,,christiehund@gmail.com,CUSTOMER,HETALLS GLOBAL PRIVATE LIMITED,Individual,Consumer,CHINDI COTTON-JUTE-NR-1062,5 X 5 FT,,$183.75,HANDMADE CHINDI COTTON-JUTE-NR-1062-5 X 5 FT,57050039,,,,,,,24-Apr-2026,25-Apr-2026,
,,,RF-12455,ETSY-CASAVANI,4036316730,Lee Jones,,23-Apr-2026,,COTTON DHURRIE,2 X 20 FT,No,27-Apr-2026,DISPATCHED,,28-Apr-2026,HP-176,Dispatch,,Lee Jones,11 Medley Rd,,York, England ,YO26 6SD,United Kingdom,,aaronleej68@gmail.com,CUSTOMER,HETALLS GLOBAL PRIVATE LIMITED,Individual,Consumer,COTTON DHURRIE-HP-176,2 X 20 FT,,$169.00,HANDMADE COTTON DHURRIE-HP-176-2 X 20 FT,57050024,,,,,,,,28-Apr-2026,
,,,RF-12456,ETSY-CASAVANI,4041519065,Leah Sandman,,23-Apr-2026,,COTTON DHURRIE,2 Feet (60 cm) X 9.83 Feet,No,27-Apr-2026,DISPATCHED,,29-Apr-2026,CUS-HP-90R,Dispatch,,Leah Sandman,3825 S Peach Way,,"Denver,",CO,80237,United States,,leah@sandgraphics.com,CUSTOMER,HETALLS GLOBAL PRIVATE LIMITED,Individual,Consumer,COTTON DHURRIE-CUS-HP-90R,2 Feet (60 cm) X 9.83 Feet,,$129.50,HANDMADE COTTON DHURRIE-CUS-HP-90R-2 Feet (60 cm) X 9.83 Feet,57050024,,,,,,,,29-Apr-2026,
,TOP URGENT,TOP URGENT,RF-12420,AMAZON,114-7589416-6827435,Rowena,,20-Apr-2026,,WOOL JUTE,2.6 X 6 FT,Yes,4-May-2026,DISPATCHED,,14-May-2026,WJRH-21,Dispatch,,Rowena Lewis,832 N Lamer St,,BURBANK,CA,91506-1529,United States,1 415-419-8616 ext. 95197,,CUSTOMER,HETALLS GLOBAL PRIVATE LIMITED,Individual,Consumer,WOOL JUTE-WJRH-21,2.6 X 6 FT,,$105.00,HANDMADE WOOL JUTE-WJRH-21-2.6 X 6 FT,57050039,,,,,,,14-May-2026,14-May-2026,
,TOP URGENT,TOP URGENT,RF-12457,AMAZON,111-8721077-1901022,Aitana,,24-Apr-2026,,COTTON DHURRIE,2 X 6 FT,No,29-Apr-2026,DISPATCHED,,29-Apr-2026,HP-259,Dispatch,,Aitana Capgras,2077 TIFFANY DR,,OCEANSIDE,CA,92056-3253,United States,1 346-307-9643 ext. 63562,,CUSTOMER,HETALLS GLOBAL PRIVATE LIMITED,Individual,Consumer,COTTON DHURRIE-HP-259,2 X 6 FT,,$76.50,HANDMADE COTTON DHURRIE-HP-259-2 X 6 FT,57050024,,,,,,,,,
,TOP URGENT,TOP URGENT,RF-12458,AMAZON,112-5145436-0609015,Anna,,24-Apr-2026,,COTTON DHURRIE,5 X 7 FT,Yes,29-Apr-2026,CANCELLED,"""""""18/4/2026
cancelled""""""",,HP-259,Dispatch,,"
Anna Montague",214 MAIN ST,,RANCOCAS,NJ,08073-4206,United States,1 346-307-9643 ext. 15102,,CUSTOMER,HETALLS GLOBAL PRIVATE LIMITED,Individual,Consumer,COTTON DHURRIE-HP-259,5 X 7 FT,,$230.00,HANDMADE COTTON DHURRIE-HP-259-5 X 7 FT,57050024,,,,,,,,,
,TOP URGENT,TOP URGENT,RF-12459,AMAZON,112-8534727-0715429,	Alexa,,24-Apr-2026,,JUTE DHURRIE,3 X 3 FT,No,29-Apr-2026,DISPATCHED,,29-Apr-2026,NR-149,Dispatch,,Christine Sheley,5355 FRIENDSHIP DR,,DAVENPORT,IA,52804-4853,United States,1 347-448-3190 ext. 82262,,CUSTOMER,HETALLS GLOBAL PRIVATE LIMITED,Individual,Consumer,JUTE DHURRIE-NR-149,3 X 3 FT,,$60.00,HANDMADE JUTE DHURRIE-NR-149-3 X 3 FT,57050039,,,,,,,27-Apr-2026,29-Apr-2026,
Buyer National Id: RISO620630EI5,TOP URGENT,TOP URGENT,RF-12460-1/2,AMAZON,701-5196907-2371407,Soraya,,24-Apr-2026,,COTTON DHURRIE,2.6 X 6 FT,Yes,29-Apr-2026,DISPATCHED,,30-Apr-2026,HGD-125B,Dispatch,,Soraya Rios,"Calle 23 50643 (x 12 y 14), San Antonio Hool",DZITYA,MERIDA,YUCATAN,97302,Mexico,15103293672,,CUSTOMER,HETALLS GLOBAL PRIVATE LIMITED,Individual,Consumer,COTTON DHURRIE-HGD-125B,2.6 X 6 FT,,$136.42,HANDMADE COTTON DHURRIE-HGD-125B-2.6 X 6 FT,57050024,,,,,,,,30-Apr-2026,
Buyer National Id: RISO620630EI5,TOP URGENT,TOP URGENT,RF-12460-2/2,AMAZON,701-5196907-2371407,Soraya,,24-Apr-2026,,COTTON DHURRIE,2.6 X 6 FT,No,29-Apr-2026,DISPATCHED,,30-Apr-2026,STK-26P,Dispatch,,Soraya Rios,"Calle 23 50643 (x 12 y 14), San Antonio Hool",DZITYA,MERIDA,YUCATAN,97302,Mexico,15103293672,,CUSTOMER,HETALLS GLOBAL PRIVATE LIMITED,Individual,Consumer,COTTON DHURRIE-STK-26P,2.6 X 6 FT,,$136.42,HANDMADE COTTON DHURRIE-STK-26P-2.6 X 6 FT,57050024,,,,,,,,30-Apr-2026,
,TOP URGENT,TOP URGENT,RF-12461,AMAZON,111-2783129-3437839,Lana,,25-Apr-2026,,COTTON DHURRIE,2.6 X 10 FT,Yes,30-Apr-2026,DISPATCHED,,1-May-2026,HGD-161E,Dispatch,,"
Lana Nyman",428 N 13TH ST APT 4D,,PHILADELPHIA,PA,19123-3624,United States,1 415-851-9136 ext. 74286,,CUSTOMER,HETALLS GLOBAL PRIVATE LIMITED,Individual,Consumer,COTTON DHURRIE-HGD-161E,2.6 X 10 FT,,$169.00,HANDMADE COTTON DHURRIE-HGD-161E-2.6 X 10 FT,57050024,,,,,,,,1-May-2026,
,TOP URGENT,TOP URGENT,RF-12462,AMAZON,113-0219976-8934637,David,,25-Apr-2026,,COTTON DHURRIE,2.6 X 6 FT,Yes,30-Apr-2026,DISPATCHED,,29-Apr-2026,HP-164,Dispatch,,David Shebsuki,108 GREEN VALLEY BLVD,,FRANKLIN,TN,37064-5269,United States,1 213-442-1463 ext. 67833,,CUSTOMER,HETALLS GLOBAL PRIVATE LIMITED,Individual,Consumer,COTTON DHURRIE-HP-164,2.6 X 6 FT,,$105.00,HANDMADE COTTON DHURRIE-HP-164-2.6 X 6 FT,57050024,,,,,,,,,
,TOP URGENT,TOP URGENT,RF-12463,AMAZON,114-9376502-4261816,Carolyn,,25-Apr-2026,,JUTE DHURRIE,2.6 X 4 FT,No,30-Apr-2026,DISPATCHED,,5-May-2026,VI-87E,Dispatch,,Carolyn Sterner,1510 BAER AVE,,HANOVER,PA,17331-4201,United States,1 619-854-2705 ext. 43363,,CUSTOMER,HETALLS GLOBAL PRIVATE LIMITED,Individual,Consumer,JUTE DHURRIE-VI-87E,2.6 X 4 FT,,$80.00,HANDMADE JUTE DHURRIE-VI-87E-2.6 X 4 FT,57050039,,,,,,,4-May-2026,5-May-2026,
,TOP URGENT,TOP URGENT,RF-12464,AMAZON,114-4043201-4485834,	Susan,,25-Apr-2026,,COTTON DHURRIE,5 X 5 FT,No,30-Apr-2026,DISPATCHED,,29-Apr-2026,STK-10A,Dispatch,,Fosters Art Installation,13377 POND SPRINGS RD STE 107,,AUSTIN,TX,78729-7120,United States,1 619-854-2705 ext. 43363,,CUSTOMER,HETALLS GLOBAL PRIVATE LIMITED,Individual,Consumer,COTTON DHURRIE-STK-10A,5 X 5 FT,,$75.00,HANDMADE COTTON DHURRIE-STK-10A-5 X 5 FT,57050024,,,,,,,,29-Apr-2026,
,TOP URGENT,TOP URGENT,RF-12465,AMAZON,113-1437113-0149847,Raiche,,25-Apr-2026,,COTTON DHURRIE,3 X 20 FT,Yes,30-Apr-2026,DISPATCHED,,2-May-2026,JHGD-02A,Dispatch,,Raiche Wright,1303 CHICKERING DR 101,,FRANKLIN,TN,37064-4306,United States,1 929-436-4790 ext. 11266,,CUSTOMER,HETALLS GLOBAL PRIVATE LIMITED,Individual,Consumer,COTTON DHURRIE-JHGD-02A,3 X 20 FT,,$281.00,HANDMADE COTTON DHURRIE-JHGD-02A-3 X 20 FT,57050024,,,,,,,,1-May-2026,
,,,RF-12466,ETSY-CASAVANI,4037733348,Chantal Lamarre,,25-Apr-2026,,COTTON DHURRIE,2.5 X 18 FT RUNNER,No,29-Apr-2026,DISPATCHED,,1-May-2026,HGD-119,Dispatch,,Chantal Lamarre,"302-5660, rue de ",Normanville,Montréal ,QC,H2S 2B2,Canada,438-392-6807,clamarre17@icloud.com,CUSTOMER,HETALLS GLOBAL PRIVATE LIMITED,Individual,Consumer,COTTON DHURRIE-HGD-119,2.5 X 18 FT RUNNER,,$204.40,HANDMADE COTTON DHURRIE-HGD-119-2.5 X 18 FT RUNNER,57050024,,,,,,,,1-May-2026,
,,,RF-12467,ETSY-CASAVANI,4042912395,Annabelle Polak,,25-Apr-2026,,COTTON DHURRIE,2 X 20 FT,No,29-Apr-2026,DISPATCHED,,30-Apr-2026,HGD-119,Dispatch,,"
Annabelle Polak",363 1/2 N Stanley Ave,,Los Angeles,CA,90036-2337,United States,(323) 393-5422,fannabelle@me.com,CUSTOMER,HETALLS GLOBAL PRIVATE LIMITED,Individual,Consumer,COTTON DHURRIE-HGD-119,2 X 20 FT,,$209.30,HANDMADE COTTON DHURRIE-HGD-119-2 X 20 FT,57050024,,,,,,,,29-Apr-2026,
,,,RF-12468-1/2,ETSY-CASAVANI,4042671275,Kidd Interiors Diane Kidd,,25-Apr-2026,,COTTON DHURRIE,2 X 3 FT,No,28-Apr-2026,DISPATCHED,,29-Apr-2026,HP-206B,Dispatch,,Kidd Interiors Diane Kidd,11273 Loftus Ln.,,"Union,",KY,41091,United States,,kiddinteriors@gmail.com,CUSTOMER,HETALLS GLOBAL PRIVATE LIMITED,Individual,Consumer,COTTON DHURRIE-HP-206B,2 X 3 FT,,$105.00,HANDMADE COTTON DHURRIE-HP-206B-2 X 3 FT,57050024,,,,,,,,29-Apr-2026,
,,,RF-12468-2/2,ETSY-CASAVANI,4042671275,Kidd Interiors Diane Kidd,,25-Apr-2026,,COTTON DHURRIE,2 X 3 FT,No,28-Apr-2026,DISPATCHED,,29-Apr-2026,HP-206B,Dispatch,,Kidd Interiors Diane Kidd,11273 Loftus Ln.,,"Union,",KY,41091,United States,,kiddinteriors@gmail.com,CUSTOMER,HETALLS GLOBAL PRIVATE LIMITED,Individual,Consumer,COTTON DHURRIE-HP-206B,2 X 3 FT,,$105.00,HANDMADE COTTON DHURRIE-HP-206B-2 X 3 FT,57050024,,,,,,,,29-Apr-2026,
,,,RF-12469,ETSY-CASAVANI,4042486013,karla Coletta,,25-Apr-2026,,COTTON DHURRIE,2 X 18 FT,No,28-Apr-2026,DISPATCHED,,29-Apr-2026,JHGD-02HR,Dispatch,,karla Coletta,The Beeches,Verney Junction,"Buckingham,",BUCKINGHAMSHIRE,MK18 2JZ,United Kingdom,7730578306,Karlacoletta42@gmail.com,CUSTOMER,HETALLS GLOBAL PRIVATE LIMITED,Individual,Consumer,COTTON DHURRIE-JHGD-02HR,2 X 18 FT,,$152.75,HANDMADE COTTON DHURRIE-JHGD-02HR-2 X 18 FT,57050024,,,,,,,,29-Apr-2026,
,,,RF-12470,ETSY-RUGSFOREVER,4042699043,Katy Bair,,25-Apr-2026,,JUTE DHURRIE,11 x 11 Feet Square,No,29-Apr-2026,DISPATCHED,,30-Apr-2026, VI-24B,Dispatch,,Katy Bair,2317 Park St,,"Columbia,", SC,29201,United States,,katybair@gmail.com,CUSTOMER,HETALLS GLOBAL PRIVATE LIMITED,Individual,Consumer,JUTE DHURRIE- VI-24B,11 x 11 Feet Square,,$573.75,HANDMADE JUTE DHURRIE- VI-24B-11 x 11 Feet Square,57050039,,,,,,,29-Apr-2026,30-Apr-2026,
,,Quantity - 1 (Set of 7),RF-12471,ETSY-RUGSFOREVER,4045106883,Lily Carey,,27-Apr-2026,,CHINDI COTTON-JUTE,8 X 28 Inch,No,4-May-2026,DISPATCHED,,4-May-2026,NR-33-Oval,Dispatch,,Lily Carey,26 Lillian St.,,26 Lillian St.,MA,1801,United States,,lilycarey4@gmail.com,CUSTOMER,HETALLS GLOBAL PRIVATE LIMITED,Individual,Consumer,CHINDI COTTON-JUTE-NR-33-Oval,8 X 28 Inch,,$61.75,HANDMADE CHINDI COTTON-JUTE-NR-33-Oval-8 X 28 Inch,57050039,,,,,,,4-May-2026,4-May-2026,
,TOP URGENT,TOP URGENT,RF-12472,AMAZON,112-9338748-9204217,Jaimi,,27-Apr-2026,,WOOL JUTE,2.5 X 10 FT,Yes,11-May-2026,DISPATCHED,,14-May-2026,WJRH-05B,Dispatch,,Jaimi GroothuisPOHO,56 TALISMAN DR UNIT 3 125,,PAGOSA SPRINGS,CO,81147-9169,United States,1 207-835-4259 ext. 03860,,CUSTOMER,HETALLS GLOBAL PRIVATE LIMITED,Individual,Consumer,WOOL JUTE-WJRH-05B,2.5 X 10 FT,,$201.00,HANDMADE WOOL JUTE-WJRH-05B-2.5 X 10 FT,57050039,,,,,,,14-May-2026,14-May-2026,
,TOP URGENT,TOP URGENT,RF-12473,AMAZON,112-0228016-4408210,Mason,,27-Apr-2026,,COTTON DHURRIE,5 X 5 FT,Yes,2-May-2026,DISPATCHED,,2-May-2026,JHGD-02A,Dispatch,,Mason edwards,2203 WESTDALE CT,,HAMMOND,LA,70401-1574,United States,1 210-728-4548 ext. 88928,,CUSTOMER,HETALLS GLOBAL PRIVATE LIMITED,Individual,Consumer,COTTON DHURRIE-JHGD-02A,5 X 5 FT,,$128.00,HANDMADE COTTON DHURRIE-JHGD-02A-5 X 5 FT,57050024,,,,,,,,2-May-2026,
,TOP URGENT,TOP URGENT,RF-12474,AMAZON,113-7613927-9409867,  ROOTS,,27-Apr-2026,,COTTON DHURRIE,4 X 6 FT,Yes,2-May-2026,DISPATCHED,,2-May-2026,JHGD-02A,Dispatch,,Wendi Slaton Anderson,Calle del Rosal #2 San Antonio 37750  ,,San Miguel de Allende,GUANAJUATO,37750,Mexico,15127434653,,CUSTOMER,HETALLS GLOBAL PRIVATE LIMITED,Individual,Consumer,COTTON DHURRIE-JHGD-02A,4 X 6 FT,,$106.20,HANDMADE COTTON DHURRIE-JHGD-02A-4 X 6 FT,57050024,,,,,,,,2-May-2026,
,TOP URGENT,TOP URGENT,RF-12475,AMAZON,113-0006076-5753035,Mara,,27-Apr-2026,,COTTON DHURRIE,2 X 6 FT,Yes,2-May-2026,DISPATCHED,,2-May-2026,JHGD-02A,Dispatch,,Mara Denton,7912 MCCONNELL AVE,,LOS ANGELES,CA,90045-1046,United States,1 207-835-4259 ext. 62796,,CUSTOMER,HETALLS GLOBAL PRIVATE LIMITED,Individual,Consumer,COTTON DHURRIE-JHGD-02A,2 X 6 FT,,$59.00,HANDMADE COTTON DHURRIE-JHGD-02A-2 X 6 FT,57050024,,,,,,,,2-May-2026,
,TOP URGENT,TOP URGENT,RF-12476,AMAZON,113-8586698-6396206,Joe,,27-Apr-2026,,CHINDI COTTON-JUTE,3 X 3 FT,No,2-May-2026,DISPATCHED,,30-Apr-2026,NR-93,Dispatch,,Joe Wiley,Joe Wiley,,SHALIMAR,FL,32579-1261,United States,1 210-728-4548 ext. 93728,,CUSTOMER,HETALLS GLOBAL PRIVATE LIMITED,Individual,Consumer,CHINDI COTTON-JUTE-NR-93,3 X 3 FT,,$60.00,HANDMADE CHINDI COTTON-JUTE-NR-93-3 X 3 FT,57050039,,,,,,,29-Apr-2026,30-Apr-2026,
,TOP URGENT,TOP URGENT,RF-12477,AMAZON,204-6165629-0499542,Judy,,27-Apr-2026,,JUTE DHURRIE,2 X 3 FT,No,2-May-2026,DISPATCHED,,4-May-2026,VI-49A,Dispatch,,Judy Horsey,19 Victoria Street,,Southwold,Suffolk,IP18 6HZ,United Kingdom,1502723688,,CUSTOMER,HETALLS GLOBAL PRIVATE LIMITED,Individual,Consumer,JUTE DHURRIE-VI-49A,2 X 3 FT,,$73.33,HANDMADE JUTE DHURRIE-VI-49A-2 X 3 FT,57050039,,,,,,,4-May-2026,,
,TOP URGENT,TOP URGENT,RF-12478,AMAZON,302-3300296-1256338,Tobias,,27-Apr-2026,,JUTE DHURRIE,2 X 8 FT,No,2-May-2026,DISPATCHED,,7-May-2026,CSN-04-D5,Dispatch,,Tobias Eljasik-Swoboda,Antonie-Alt-Gasse 2/2/32,,Vienna,Vienna,1100,Austria,436604852330,,CUSTOMER,HETALLS GLOBAL PRIVATE LIMITED,Individual,Consumer,JUTE DHURRIE-CSN-04-D5,2 X 8 FT,,$108.46,HANDMADE JUTE DHURRIE-CSN-04-D5-2 X 8 FT,57050039,,,,,4-May-2026,,7-May-2026,7-May-2026,
,,4045765617,RF-12479,ETSY-CASAVANI,4039590230,"	
Riley Daniels",,27-Apr-2026,,COTTON DHURRIE,4 X 6 FT,Yes,2-May-2026,DISPATCHED,,2-May-2026,HP-259A,Dispatch,,"	
Riley Daniels",Apartment 118,3 Griffiths Close,"Birmingham, ",West Midlands,B12 9BD,United Kingdom,44 7462 568036,rileydeborahdaniels@gmail.com,CUSTOMER,HETALLS GLOBAL PRIVATE LIMITED,Individual,Consumer,COTTON DHURRIE-HP-259A,4 X 6 FT,,$155.00,HANDMADE COTTON DHURRIE-HP-259A-4 X 6 FT,57050024,,,,,,,,2-May-2026,
,,,RF-12480,ETSY-CASAVANI,4045765617,Courtney Harder,,28-Apr-2026,,COTTON DHURRIE,2.6 X 14 FT,Yes,2-May-2026,DISPATCHED,,4-May-2026,STK-36,Dispatch,,Courtney Harder,1812 South ,Beech Street,"Lakewood,",CO,80228,United States,,courtneyrae87@gmail.com,CUSTOMER,HETALLS GLOBAL PRIVATE LIMITED,Individual,Consumer,COTTON DHURRIE-STK-36,2.6 X 14 FT,,$172.90,HANDMADE COTTON DHURRIE-STK-36-2.6 X 14 FT,57050024,,,,,,,,4-May-2026,
,TOP URGENT,TOP URGENT,RF-12481,AMAZON,111-5027376-4165822,Amber,,28-Apr-2026,,COTTON DHURRIE,4 X 7 FT,Yes,3-May-2026,DISPATCHED,,4-May-2026,HGD-129,Dispatch,,Amber,43 STIX LN,,INWOOD,WV,25428-1267,United States,1 480-618-5344 ext. 63882,,CUSTOMER,HETALLS GLOBAL PRIVATE LIMITED,Individual,Consumer,COTTON DHURRIE-HGD-129,4 X 7 FT,,$144.00,HANDMADE COTTON DHURRIE-HGD-129-4 X 7 FT,57050024,,,,,,,,4-May-2026,
,TOP URGENT,TOP URGENT,RF-12482,AMAZON,112-9462431-6857039,Eva,,28-Apr-2026,,JUTE DHURRIE,3 X 3 FT,No,3-May-2026,DISPATCHED,,2-May-2026,NR-99,Dispatch,,Eva Morris,5611 GOETTEE CIR,,HOUSTON,TX,77091-4523,United States,1 347-448-3190 ext. 68037,,CUSTOMER,HETALLS GLOBAL PRIVATE LIMITED,Individual,Consumer,JUTE DHURRIE-NR-99,3 X 3 FT,,$75.00,HANDMADE JUTE DHURRIE-NR-99-3 X 3 FT,57050039,,,,,,,2-May-2026,2-May-2026,
,TOP URGENT,TOP URGENT,RF-12483,AMAZON,112-5146118-1045059,katie,,28-Apr-2026,,JUTE DHURRIE,2 X 3 FT,No,3-May-2026,DISPATCHED,,2-May-2026,NR-136,Dispatch,,katie,3600 MUIRFIELD GREEN TER,,MIDLOTHIAN,VA ,23112-4521,United States,1 415-419-8616 ext. 61053,,CUSTOMER,HETALLS GLOBAL PRIVATE LIMITED,Individual,Consumer,JUTE DHURRIE-NR-136,2 X 3 FT,,$80.00,HANDMADE JUTE DHURRIE-NR-136-2 X 3 FT,57050039,,,,,,,2-May-2026,2-May-2026,
,TOP URGENT,TOP URGENT,RF-12484,AMAZON,114-8987460-8812206,Melanie,,28-Apr-2026,,COTTON DHURRIE,2.6 X 6 FT,Yes,3-May-2026,DISPATCHED,,5-May-2026,HP-282,Dispatch,,Melanie Johnson,12 CHURCH ST UNIT 2320,,NEW ROCHELLE,NY,10801-6774,United States,1 207-835-4259 ext. 47166,,CUSTOMER,HETALLS GLOBAL PRIVATE LIMITED,Individual,Consumer,COTTON DHURRIE-HP-282,2.6 X 6 FT,,$84.00,HANDMADE COTTON DHURRIE-HP-282-2.6 X 6 FT,57050024,,,,,,,,4-May-2026,
IOSS VAT identification number:  IM4420001405,TOP URGENT,TOP URGENT,RF-12485-1/4,AMAZON,406-3322311-3543514,Janina,,28-Apr-2026,,COTTON DHURRIE,3 X 5 FT,Yes,3-May-2026,DISPATCHED,,5-May-2026,EMD-16,Dispatch,,Janina Kakietek,Dzialkowa 15,,Grabina Radziwiłłowska,,96-332,Poland,48453586122,,CUSTOMER,HETALLS GLOBAL PRIVATE LIMITED,Individual,Consumer,COTTON DHURRIE-EMD-16,3 X 5 FT,,$103.92,HANDMADE COTTON DHURRIE-EMD-16-3 X 5 FT,57050024,,,,,,,,5-May-2026,
IOSS VAT identification number:  IM4420001405,TOP URGENT,TOP URGENT,RF-12485-2/4,AMAZON,406-3322311-3543514,Janina,,28-Apr-2026,,COTTON DHURRIE,11 x 11 Feet Square,Yes,3-May-2026,DISPATCHED,,5-May-2026,HP-75B,Dispatch,,Janina Kakietek,Dzialkowa 15,,Grabina Radziwiłłowska,,96-332,Poland,48453586122,,CUSTOMER,HETALLS GLOBAL PRIVATE LIMITED,Individual,Consumer,COTTON DHURRIE-HP-75B,11 x 11 Feet Square,,$910.74,HANDMADE COTTON DHURRIE-HP-75B-11 x 11 Feet Square,57050024,,,,,,,,5-May-2026,
IOSS VAT identification number:  IM4420001405,TOP URGENT,TOP URGENT,RF-12485-3/4,AMAZON,406-3322311-3543514,Janina,,28-Apr-2026,,WOOL JUTE,4 X 4 FT,Yes,11-May-2026,DISPATCHED,,18-May-2026,DWJ-09,Dispatch,,Janina Kakietek,Dzialkowa 15,,Grabina Radziwiłłowska,,96-332,Poland,48453586122,,CUSTOMER,HETALLS GLOBAL PRIVATE LIMITED,Individual,Consumer,WOOL JUTE-DWJ-09,4 X 4 FT,,$181.12,HANDMADE WOOL JUTE-DWJ-09-4 X 4 FT,57050039,,,,,15-May-2026,,16-May-2026,16-May-2026,
IOSS VAT identification number:  IM4420001405,TOP URGENT,TOP URGENT,RF-12485-4/4,AMAZON,406-3322311-3543514,Janina,,28-Apr-2026,,COTTON DHURRIE,11 x 11 Feet Square,Yes,3-May-2026,DISPATCHED,,5-May-2026,STK-24,Dispatch,,Janina Kakietek,Dzialkowa 15,,Grabina Radziwiłłowska,,96-332,Poland,48453586122,,CUSTOMER,HETALLS GLOBAL PRIVATE LIMITED,Individual,Consumer,COTTON DHURRIE-STK-24,11 x 11 Feet Square,,$910.74,HANDMADE COTTON DHURRIE-STK-24-11 x 11 Feet Square,57050024,,,,,,,,5-May-2026,
,TOP URGENT,TOP URGENT,RF-12486,AMAZON,701-6030353-5732225,Simon,,28-Apr-2026,,COTTON DHURRIE,2 X 3 FT,Yes,3-May-2026,DISPATCHED,,4-May-2026,STK-45,Dispatch,,jessica kozan,1104 Abraham Drive,,tofino,British Columbia,V0R 2Z0,Canada,2507268723,,CUSTOMER,HETALLS GLOBAL PRIVATE LIMITED,Individual,Consumer,COTTON DHURRIE-STK-45,2 X 3 FT,,$86.53,HANDMADE COTTON DHURRIE-STK-45-2 X 3 FT,57050024,,,,,,,,4-May-2026,
,,Set of 7 Pieces,RF-12487-1/2,EBAY-RUGSFOREVER,04-14563-22366,Timothy Fair,,28-Apr-2026,,JUTE DHURRIE,9 X 28 Inch,No,3-May-2026,DISPATCHED,,5-May-2026,djhghfyyj,Dispatch,,Timothy Fair,3541 S St NW,,Washington,DC, 20007-2243,United States,312-203-7822,461415ff7029ce0cbb74@members.ebay.com,CUSTOMER,HETALLS GLOBAL PRIVATE LIMITED,Individual,Consumer,JUTE DHURRIE-djhghfyyj,9 X 28 Inch,,$133.00,HANDMADE JUTE DHURRIE-djhghfyyj-9 X 28 Inch,57050039,,,,,,,4-May-2026,4-May-2026,
,,Set of 21 Pieces,RF-12487-2/2,EBAY-RUGSFOREVER,04-14563-22366,Timothy Fair,,28-Apr-2026,,JUTE DHURRIE,9 X 28 Inch,No,3-May-2026,DISPATCHED,,11-Jun-2026,shdfgjjmjhs,Dispatch,,Timothy Fair,3541 S St NW,,Washington,DC, 20007-2243,United States,312-203-7822,461415ff7029ce0cbb74@members.ebay.com,CUSTOMER,HETALLS GLOBAL PRIVATE LIMITED,Individual,Consumer,JUTE DHURRIE-shdfgjjmjhs,9 X 28 Inch,,$399.00,HANDMADE JUTE DHURRIE-shdfgjjmjhs-9 X 28 Inch,57050039,,,,,,,4-May-2026,4-May-2026,
,,,RF-12488,WALMART,200014524363534,c m,,28-Apr-2026,,COTTON DHURRIE,4 X 8 FT,Yes,4-May-2026,DISPATCHED,,5-May-2026,STK-52,Dispatch,,cm,7326 Myrtle Ave,,Maplewood,MO,63143,United States,(314) 312-3172,,CUSTOMER,HETALLS GLOBAL PRIVATE LIMITED,Individual,Consumer,COTTON DHURRIE-STK-52,4 X 8 FT,,$210.00,HANDMADE COTTON DHURRIE-STK-52-4 X 8 FT,57050024,,,,,,,,5-May-2026,
,TOP URGENT,TOP URGENT,RF-12489-1/2,AMAZON,111-9831071-7020255,Nadima,,29-Apr-2026,,COTTON DHURRIE,5 X 5 FT,Yes,4-May-2026,DISPATCHED,,5-May-2026,HP-259,Dispatch,,"
Nadima Ikleriya",3 RICHMOND ROAD,,SOLIHULL,,B92 7RN,United Kingdom,447983790999,,CUSTOMER,HETALLS GLOBAL PRIVATE LIMITED,Individual,Consumer,COTTON DHURRIE-HP-259,5 X 5 FT,,$120.00,HANDMADE COTTON DHURRIE-HP-259-5 X 5 FT,57050024,,,,,,,,5-May-2026,
,TOP URGENT,TOP URGENT,RF-12489-2/2,AMAZON,f,Nadima,,29-Apr-2026,,COTTON DHURRIE,2 X 20 FT,No,4-May-2026,DISPATCHED,,5-May-2026,HP-259,Dispatch,,"
Nadima Ikleriya",3 RICHMOND ROAD,,SOLIHULL,,B92 7RN,United Kingdom,447983790999,,CUSTOMER,HETALLS GLOBAL PRIVATE LIMITED,Individual,Consumer,COTTON DHURRIE-HP-259,2 X 20 FT,,$188.25,HANDMADE COTTON DHURRIE-HP-259-2 X 20 FT,57050024,,,,,,,,5-May-2026,
,TOP URGENT,TOP URGENT,RF-12490,AMAZON,111-4316257-8525850,Cole,,29-Apr-2026,,COTTON DHURRIE,2 X 3 FT,Yes,4-May-2026,DISPATCHED,,4-May-2026,HGD-161B,Dispatch,,Andela Rebronja 6303,751 TAHOE BLVD UNIT 19,,INCLINE VILLAGE,NV,89451-9644,United States,1 314-282-9402 ext. 86890,,CUSTOMER,HETALLS GLOBAL PRIVATE LIMITED,Individual,Consumer,COTTON DHURRIE-HGD-161B,2 X 3 FT,,$64.00,HANDMADE COTTON DHURRIE-HGD-161B-2 X 3 FT,57050024,,,,,,,,,
Buyer National Id: FOPM900220EH8,TOP URGENT,TOP URGENT,RF-12491,AMAZON,702-8519813-2697010,Mayra,,29-Apr-2026,,COTTON DHURRIE,2 X 3 FT,Yes,4-May-2026,DISPATCHED,,4-May-2026,HGD-161B,Dispatch,,Mayra Alejandra Fonseca Peraza,Circuito Palmira 1020,"8C int 502, Edificio PRIVADAS DEL PEDREGAL",SAN LUIS POTOSI,SAN LUIS POTOSI ,78295,Mexico,526681390797,,CUSTOMER,HETALLS GLOBAL PRIVATE LIMITED,Individual,Consumer,COTTON DHURRIE-HGD-161B,2 X 3 FT,,$167.09,HANDMADE COTTON DHURRIE-HGD-161B-2 X 3 FT,57050024,,,,,,,,4-May-2026,
,,,RF-12492,ETSY-CASAVANI,4046611387,Megan,,29-Apr-2026,,COTTON DHURRIE,2 X 16 FT,Yes,4-May-2026,DISPATCHED,,4-May-2026,HP-259A,Dispatch,,Megan McCarthy,5389 Susquehanna Dr,,Virginia Beach,VA,23462,United States,7037287542,mccarthymegan13@yahoo.com,CUSTOMER,HETALLS GLOBAL PRIVATE LIMITED,Individual,Consumer,COTTON DHURRIE-HP-259A,2 X 16 FT,,$157.30,HANDMADE COTTON DHURRIE-HP-259A-2 X 16 FT,57050024,,,,,,,,4-May-2026,
,,,RF-12493,ETSY-CASAVANI,4041987270,Bridget,,29-Apr-2026,,COTTON DHURRIE,2.6 X 4 FT,Yes,4-May-2026,DISPATCHED,,7-May-2026,STK-26B,Dispatch,,Bridget Sidles,1299 Rose Lane,,Ashland,OR,97520-7329,United States,1 458-246-9788,bsidles09@gmail.com,CUSTOMER,HETALLS GLOBAL PRIVATE LIMITED,Individual,Consumer,COTTON DHURRIE-STK-26B,2.6 X 4 FT,,$59.80,HANDMADE COTTON DHURRIE-STK-26B-2.6 X 4 FT,57050024,,,,,,,,6-May-2026,
 IOSS number-IM3720000224,,SET OF 10 PIECES,RF-12494,ETSY-RUGSFOREVER,4047600965,Jenna,,29-Apr-2026,,JUTE DHURRIE,8 X 29 Inch,No,4-May-2026,DISPATCHED,,5-May-2026,NR-1100,Dispatch,,Jenna Meade,"Ballyphilip House,",Ballyphilip,Kilcoole,CO WICKLOW,A63 D624,Ireland,353 857070948,jenna.p.meade@gmail.com,CUSTOMER,HETALLS GLOBAL PRIVATE LIMITED,Individual,Consumer,JUTE DHURRIE-NR-1100,8 X 29 Inch,,$109.85,HANDMADE JUTE DHURRIE-NR-1100-8 X 29 Inch,57050039,,,,,,,4-May-2026,4-May-2026,
,TOP URGENT,TOP URGENT,RF-12495-1/2,AMAZON,114-8061249-7240248,Molly,,30-Apr-2026,,COTTON DHURRIE,5 X 7 FT,Yes,5-May-2026,DISPATCHED,,6-May-2026,HGD-161,Dispatch,,Molly Kendall,67 W NECK RD REAR HOUSE,,SHELTER ISLAND HEIGHTS,NY,11965-2011,United States,1 347-448-3190 ext. 17440,,CUSTOMER,HETALLS GLOBAL PRIVATE LIMITED,Individual,Consumer,COTTON DHURRIE-HGD-161,5 X 7 FT,,$150.08,HANDMADE COTTON DHURRIE-HGD-161-5 X 7 FT,57050024,,,,,,,,6-May-2026,
,TOP URGENT,TOP URGENT,RF-12495-2/2,AMAZON,114-8061249-7240248,Molly,,30-Apr-2026,,COTTON DHURRIE,5 X 7 FT,Yes,5-May-2026,DISPATCHED,,6-May-2026,HGD-161B,Dispatch,,Molly Kendall,67 W NECK RD REAR HOUSE,,SHELTER ISLAND HEIGHTS,NY,11965-2011,United States,,,CUSTOMER,HETALLS GLOBAL PRIVATE LIMITED,Individual,Consumer,COTTON DHURRIE-HGD-161B,5 X 7 FT,,$150.08,HANDMADE COTTON DHURRIE-HGD-161B-5 X 7 FT,57050024,,,,,,,,6-May-2026,
,TOP URGENT,TOP URGENT,RF-12496,AMAZON,112-6179437-3373019,Christian J Taylor,,30-Apr-2026,,JUTE DHURRIE,5 X 5 FT,No,5-May-2026,DISPATCHED,,8-May-2026,NR-87F,Dispatch,,Christian J Taylor,85 HEATH RD,,SACO,ME,04072-9335,United States,"1 480-618-5344 ext. 10768
",,CUSTOMER,HETALLS GLOBAL PRIVATE LIMITED,Individual,Consumer,JUTE DHURRIE-NR-87F,5 X 5 FT,,$160.00,HANDMADE JUTE DHURRIE-NR-87F-5 X 5 FT,57050039,,,,,,,8-May-2026,8-May-2026,
,TOP URGENT,TOP URGENT,RF-12497,AMAZON,111-0783944-3485836,Dawn,,30-Apr-2026,,JUTE DHURRIE,2 X 6 FT,No,5-May-2026,DISPATCHED,,4-May-2026,VI-86B,Dispatch,,Dawn Edwards,1117 Cooke Rd,,Nashville,NC,27856-8858,United States,1 347-448-3190 ext. 65847,,CUSTOMER,HETALLS GLOBAL PRIVATE LIMITED,Individual,Consumer,JUTE DHURRIE-VI-86B,2 X 6 FT,,$147.00,HANDMADE JUTE DHURRIE-VI-86B-2 X 6 FT,57050039,,,,,,,4-May-2026,4-May-2026,
,,,RF-12498,ETSY-CASAVANI,4048226869,Ganna Loshchilova,,30-Apr-2026,,COTTON DHURRIE,2.6 X 4 FT,Yes,5-May-2026,DISPATCHED,,6-May-2026,MR-07,Dispatch,,Ganna Loshchilova,"6585 195A St
102",,Surrey,BC,V4N 6N5,Canada,,leelova.design@gmail.com,CUSTOMER,HETALLS GLOBAL PRIVATE LIMITED,Individual,Consumer,COTTON DHURRIE-MR-07,2.6 X 4 FT,,$80.00,HANDMADE COTTON DHURRIE-MR-07-2.6 X 4 FT,57050024,,,,,,,,6-May-2026,
,,,RF-12499,ETSY-RUGSFOREVER,4042423770,Jo Reynolds,,30-Apr-2026,,JUTE DHURRIE,4 X 6 FT,No,5-May-2026,DISPATCHED,,8-May-2026,NR-72,Dispatch,,Jo Reynolds,50-52 High Street,High Street,Sandwich,Kent,CT13 9EG,United Kingdom,447870955431,jo.reynolds@live.com,CUSTOMER,HETALLS GLOBAL PRIVATE LIMITED,Individual,Consumer,JUTE DHURRIE-NR-72,4 X 6 FT,,$183.75,HANDMADE JUTE DHURRIE-NR-72-4 X 6 FT,57050039,,,,,,,7-May-2026,7-May-2026,
,TOP URGENT,TOP URGENT,RF-12500,AMAZON,113-8704301-2435440,Tiffany,,1-May-2026,,JUTE DHURRIE,2.6 X 10 FT,No,6-May-2026,DISPATCHED,,2-May-2026,NR-108,Dispatch,,Tiffany Gorecki,12232 CLAREMONT,,WRIGHT CITY,MO,63390-5000,United States,1 213-442-1463 ext. 68425,,CUSTOMER,HETALLS GLOBAL PRIVATE LIMITED,Individual,Consumer,JUTE DHURRIE-NR-108,2.6 X 10 FT,,$135.00,HANDMADE JUTE DHURRIE-NR-108-2.6 X 10 FT,57050039,,,,IN STOCK,,,,2-May-2026,
IOSS VAT identification number:  IM4420001405,TOP URGENT,TOP URGENT,RF-12501,AMAZON,026-5565813-1615508,Anne,,1-May-2026,,WOOL JUTE,3 X 3 FT,Yes,15-May-2026,DISPATCHED,,7-May-2026,WJRH-21,Dispatch,,Anne Madden,"Brookstone Lodge
Brookstone Road",Baldoyle,Dublin 13,,D13X576,Ireland,877786090,,CUSTOMER,HETALLS GLOBAL PRIVATE LIMITED,Individual,Consumer,WOOL JUTE-WJRH-21,3 X 3 FT,,$67.43,HANDMADE WOOL JUTE-WJRH-21-3 X 3 FT,57050039,,,,IN STOCK,,,,6-May-2026,
,,,RF-12502,ETSY-CASAVANI,4043913108,Renee Marschke-Beveridge,,1-May-2026,,COTTON DHURRIE,4 X 4 FT,Yes,6-May-2026,DISPATCHED,,8-May-2026,HGD-110A,Dispatch,,Renee Marschke-Beveridge,549 Hemmant & Tingalpa Rd,,Tingalpa, QLD ,4173,Australia,,jdvhouse@gmail.com,CUSTOMER,HETALLS GLOBAL PRIVATE LIMITED,Individual,Consumer,COTTON DHURRIE-HGD-110A,4 X 4 FT,,$71.50,HANDMADE COTTON DHURRIE-HGD-110A-4 X 4 FT,57050024,,,,,,,,7-May-2026,
,,,RF-12503,ETSY-CASAVANI,4049348863,Brandon Helmes,,1-May-2026,,COTTON DHURRIE,2 X 25 FT,No,6-May-2026,DISPATCHED,,7-May-2026,HGD-119,Dispatch,,Brandon Helmes,143 red bird lane,,Landrum,SC,29356,United States,(360) 947-1197,brandonhelmes@yahoo.com,CUSTOMER,HETALLS GLOBAL PRIVATE LIMITED,Individual,Consumer,COTTON DHURRIE-HGD-119,2 X 25 FT,,$374.00,HANDMADE COTTON DHURRIE-HGD-119-2 X 25 FT,57050024,,,,,,,,7-May-2026,
,TOP URGENT,TOP URGENT,RF-12504,AMAZON,112-3096276-4906634,Heidi,,2-May-2026,,JUTE DHURRIE,2 X 8 FT,Yes,8-May-2026,DISPATCHED,,14-May-2026,HW-61,Dispatch,,Heidi Stephenson,3878 WAGON TRL,,REXBURG, ID, 83440-4381,United States,1 480-618-5344 ext. 06897,,CUSTOMER,HETALLS GLOBAL PRIVATE LIMITED,Individual,Consumer,JUTE DHURRIE-HW-61,2 X 8 FT,,$146.00,HANDMADE JUTE DHURRIE-HW-61-2 X 8 FT,57050039,,,,,,,14-May-2026,14-May-2026,
,TOP URGENT,TOP URGENT,RF-12505,AMAZON,114-3215131-7017038,Katie,,2-May-2026,,COTTON DHURRIE,5 X 8 FT,Yes,7-May-2026,DISPATCHED,,7-May-2026,HP-272,Dispatch,,Katie Wessel,1229 SLOAN AVE,,PALMYRA,MO,63461-1329,United States,1 314-282-9402 ext. 67511,,CUSTOMER,HETALLS GLOBAL PRIVATE LIMITED,Individual,Consumer,COTTON DHURRIE-HP-272,5 X 8 FT,,$260.00,HANDMADE COTTON DHURRIE-HP-272-5 X 8 FT,57050024,,,,,,,,7-May-2026,
,TOP URGENT,TOP URGENT,RF-12506,AMAZON,113-8441153-1137032,Anson,,2-May-2026,,JUTE DHURRIE,2 X 6 FT,No,7-May-2026,DISPATCHED,,7-May-2026,HW-08A,Dispatch,,Heather L Sauce,5001 BATEMAN RD,,FORT WORTH,TX,76244-2038,United States,1 210-728-4548 ext. 49867,,CUSTOMER,HETALLS GLOBAL PRIVATE LIMITED,Individual,Consumer,JUTE DHURRIE-HW-08A,2 X 6 FT,,$132.30,HANDMADE JUTE DHURRIE-HW-08A-2 X 6 FT,57050039,,,,,,,7-May-2026,7-May-2026,
,TOP URGENT,TOP URGENT,RF-12507,AMAZON,111-6606784-3998613,Nancy,,2-May-2026,,COTTON DHURRIE,4 X 8 FT,Yes,7-May-2026,DISPATCHED,,6-May-2026,HGD-N-138,Dispatch,,Nancy Burgess,9061 STORM PEAK LOOP UNIT 107,,ENGLEWOOD,CO,80112-6471,United States,1 619-854-2705 ext. 24448,,CUSTOMER,HETALLS GLOBAL PRIVATE LIMITED,Individual,Consumer,COTTON DHURRIE-HGD-N-138,4 X 8 FT,,$168.00,HANDMADE COTTON DHURRIE-HGD-N-138-4 X 8 FT,57050024,,,,,,,,6-May-2026,
IOSS VAT identification number:  IM4420001405,TOP URGENT,TOP URGENT,RF-12508,AMAZON,306-5704402-7912341,   Jamila-Carolin,,2-May-2026,,CHINDI COTTON-JUTE,3 X 3 FT,No,8-May-2026,DISPATCHED,,11-May-2026,NR-189,Dispatch,,Anika Trebert,Kahlendamm 21b,,Hannover,,30657,Germany,41786693683,,CUSTOMER,HETALLS GLOBAL PRIVATE LIMITED,Individual,Consumer,CHINDI COTTON-JUTE-NR-189,3 X 3 FT,,$70.96,HANDMADE CHINDI COTTON-JUTE-NR-189-3 X 3 FT,57050039,,,,,,,10-May-2026,11-May-2026,
,,SET OF 13 PIECES,RF-12509,ETSY-RUGSFOREVER,4044353832,Holly,,2-May-2026,,JUTE DHURRIE,8 X 29 Inch,No,7-May-2026,DISPATCHED,,8-May-2026,NR-1100,Dispatch,,Holly Tolisano,183 Cherry Springs Ln,,Asheville, NC,28804-0184,United States,(727) 481-2064,holly.tolisano@gmail.com,CUSTOMER,HETALLS GLOBAL PRIVATE LIMITED,Individual,Consumer,JUTE DHURRIE-NR-1100,8 X 29 Inch,,$272.40,HANDMADE JUTE DHURRIE-NR-1100-8 X 29 Inch,57050039,,,,,,,7-May-2026,7-May-2026,
,,,RF-12510-1/2,ETSY-RUGSFOREVER,4049980669,Margaret Brown,,2-May-2026,,JUTE DHURRIE,2 X 3 FT,No,7-May-2026,DISPATCHED,,8-May-2026,HW-42,Dispatch,,Margaret Brown,5060 grand boulevard,,Montreal,QC, H3X 3S2,Canada,,Star5@fastmail.com,CUSTOMER,HETALLS GLOBAL PRIVATE LIMITED,Individual,Consumer,JUTE DHURRIE-HW-42,2 X 3 FT,,$57.00,HANDMADE JUTE DHURRIE-HW-42-2 X 3 FT,57050039,,,,,,,7-May-2026,7-May-2026,
,,,RF-12510-2/2,ETSY-RUGSFOREVER,4049980669,Margaret Brown,,2-May-2026,,JUTE DHURRIE,2 X 3 FT,No,7-May-2026,DISPATCHED,,8-May-2026,HW-44,Dispatch,,Margaret Brown,5060 grand boulevard,,Montreal,QC, H3X 3S2,Canada,,Star5@fastmail.com,CUSTOMER,HETALLS GLOBAL PRIVATE LIMITED,Individual,Consumer,JUTE DHURRIE-HW-44,2 X 3 FT,,$57.00,HANDMADE JUTE DHURRIE-HW-44-2 X 3 FT,57050039,,,,,,,7-May-2026,7-May-2026,
,TOP URGENT,TOP URGENT,RF-12511,AMAZON,111-3126728-1372221,Tali,,2-May-2026,,JUTE DHURRIE,7 X 7 FT,No,7-May-2026,DISPATCHED,,8-May-2026,NR-87E,Dispatch,,Gal Elidan,22 Lea Imenu St. APT #1,,Modiin,,7177947,Israel,972502136285,,CUSTOMER,HETALLS GLOBAL PRIVATE LIMITED,Individual,Consumer,JUTE DHURRIE-NR-87E,7 X 7 FT,,$330.00,HANDMADE JUTE DHURRIE-NR-87E-7 X 7 FT,57050039,,,,,,,7-May-2026,8-May-2026,
,,,RF-12512,ETSY-RUGSFOREVER,4045962546,Rebecca J Roberts,,4-May-2026,,CHINDI COTTON-JUTE,4 X 6 FT,No,10-May-2026,DISPATCHED,,12-May-2026,NR-72,Dispatch,,Rebecca J Roberts,899 Oak Ave,Unit 414,Spruce Pine, NC,28777-0138,United States,,rebeccaroberts629@gmail.com,CUSTOMER,HETALLS GLOBAL PRIVATE LIMITED,Individual,Consumer,CHINDI COTTON-JUTE-NR-72,4 X 6 FT,,$138.75,HANDMADE CHINDI COTTON-JUTE-NR-72-4 X 6 FT,57050039,,,,,,,10-May-2026,12-May-2026,
,,Set of 13,RF-12513,ETSY-RUGSFOREVER,4052357501,Terry Placzek,,4-May-2026,,CHINDI COTTON-JUTE,7 X 24 Inch,No,9-May-2026,DISPATCHED,,14-May-2026,NR-33-Oval,Dispatch,,Terry Placzek,6761 Alpine Dr,,West Bend,WI ,53090,United States,,tararules@charter.net,CUSTOMER,HETALLS GLOBAL PRIVATE LIMITED,Individual,Consumer,CHINDI COTTON-JUTE-NR-33-Oval,7 X 24 Inch,,$162.75,HANDMADE CHINDI COTTON-JUTE-NR-33-Oval-7 X 24 Inch,57050039,,,,,,,13-May-2026,14-May-2026,
,," UK VAT number, 370 6004 28,",RF-12514,ETSY-RUGSFOREVER,4051888007,Jodie Brock,,4-May-2026,,CHINDI COTTON-JUTE,3 X 5 FT,No,9-May-2026,DISPATCHED,,12-May-2026,NR-72,Dispatch,,Jodie Brock,Brooklands,,"Hewelsfield,",Lydney,GL15 6UZ,United Kingdom,,jodie@wearevillain.com,CUSTOMER,HETALLS GLOBAL PRIVATE LIMITED,Individual,Consumer,CHINDI COTTON-JUTE-NR-72,3 X 5 FT,,$93.00,HANDMADE CHINDI COTTON-JUTE-NR-72-3 X 5 FT,57050039,,,,,,,10-May-2026,12-May-2026,
,TOP URGENT,TOP URGENT,RF-12515-1/2,AMAZON,113-2878373-3621866,Jeremy,,4-May-2026,,WOOL JUTE,12 X 15 FT,Yes,19-May-2026,DISPATCHED,,18-May-2026,WJRH-15,Dispatch,,Kenzie Janes,1509 RIDGEFIELD DR,,MAHOMET, IL,61853-7624,United States,1 213-442-1463 ext. 25557,,CUSTOMER,HETALLS GLOBAL PRIVATE LIMITED,Individual,Consumer,WOOL JUTE-WJRH-15,12 X 15 FT,,$877.50,HANDMADE WOOL JUTE-WJRH-15-12 X 15 FT,57050039,,,,,18-May-2026,,16-May-2026,18-May-2026,
,TOP URGENT,TOP URGENT,RF-12515-2/2,AMAZON,113-2878373-3621866,Jeremy,,4-May-2026,,WOOL JUTE,10 X 14 FT,Yes,19-May-2026,DISPATCHED,,29-May-2026,WJRH-13,Dispatch,,Kenzie Janes,1509 RIDGEFIELD DR,,MAHOMET, IL,61853-7624,United States,1 213-442-1463 ext. 25557,,CUSTOMER,HETALLS GLOBAL PRIVATE LIMITED,Individual,Consumer,WOOL JUTE-WJRH-13,10 X 14 FT,,$674.25,HANDMADE WOOL JUTE-WJRH-13-10 X 14 FT,57050039,,,,,18-May-2026,25-May-2026,25-May-2026,28-May-2026,
,TOP URGENT,TOP URGENT,RF-12516,AMAZON,112-5534473-1682611,     Lindsay,,4-May-2026,,COTTON DHURRIE,2 X 3 FT,Yes,9-May-2026,DISPATCHED,,8-May-2026,JHGD-02A,Dispatch,,Lindsay Pohlman,18 Stonehenge Ct,,Orchard Park,NY,14127-2847,United States,1 480-618-5344 ext. 32775,,CUSTOMER,HETALLS GLOBAL PRIVATE LIMITED,Individual,Consumer,COTTON DHURRIE-JHGD-02A,2 X 3 FT,,$52.00,HANDMADE COTTON DHURRIE-JHGD-02A-2 X 3 FT,57050024,,,,,,,,8-May-2026,
,TOP URGENT,TOP URGENT,RF-12517,AMAZON,114-7768557-4135438,     Stephanie,,4-May-2026,,COTTON DHURRIE,3 X 5 FT,Yes,9-May-2026,DISPATCHED,,8-May-2026,JHGD-02A,Dispatch,,Stephanie Riley,306 2ND ST,,CUERO,TX,77954-2542,United States,1 480-618-5344 ext. 23998,,CUSTOMER,HETALLS GLOBAL PRIVATE LIMITED,Individual,Consumer,COTTON DHURRIE-JHGD-02A,3 X 5 FT,,$79.00,HANDMADE COTTON DHURRIE-JHGD-02A-3 X 5 FT,57050024,,,,,,,,8-May-2026,
,,"Buyer cancellation
Cancellation reason: Item(s) Would Not Arrive on Time",RF-12518,AMAZON,701-1542658-9338638,Marie,,4-May-2026,,JUTE DHURRIE,9 X 12 FT,No,9-May-2026,CANCELLED,CANCELLED,,NR-99,Dispatch,,Marie D. Martel,723 Av Davaar,,Outremont,Quebec,H2V 3B3,Canada,5142792811,,CUSTOMER,HETALLS GLOBAL PRIVATE LIMITED,Individual,Consumer,JUTE DHURRIE-NR-99,9 X 12 FT,,$442.98,HANDMADE JUTE DHURRIE-NR-99-9 X 12 FT,57050039,,,,,,,8-May-2026,,
,TOP URGENT,TOP URGENT,RF-12519,AMAZON,113-4595840-8958600,  Amber,,4-May-2026,,COTTON DHURRIE,5 X 5 FT,Yes,9-May-2026,DISPATCHED,,9-May-2026,HGD-161,Dispatch,,Amber,4300 MICHIGAN AVE,,COVINGTON,KY,41015-1655,United States,1 619-854-2705 ext. 93135,,CUSTOMER,HETALLS GLOBAL PRIVATE LIMITED,Individual,Consumer,COTTON DHURRIE-HGD-161,5 X 5 FT,,$128.00,HANDMADE COTTON DHURRIE-HGD-161-5 X 5 FT,57050024,,,,,,,,9-May-2026,
,TOP URGENT,TOP URGENT,RF-12520,AMAZON,112-4667471-0725026,Christine,,4-May-2026,,WOOL JUTE,2 X 6 FT,Yes,19-May-2026,DISPATCHED,,14-May-2026,WJRH-13,Dispatch,,Christine Wagner,5374 MARIGOLD LN,,SANTA ROSA,CA,95403-7725,United States,1 763-225-9463 ext. 93624,,CUSTOMER,HETALLS GLOBAL PRIVATE LIMITED,Individual,Consumer,WOOL JUTE-WJRH-13,2 X 6 FT,,$85.00,HANDMADE WOOL JUTE-WJRH-13-2 X 6 FT,57050039,,,,,,,14-May-2026,14-May-2026,
,TOP URGENT,TOP URGENT,RF-12521,AMAZON,701-3120008-5571449,Shirley,,4-May-2026,,JUTE DHURRIE,2 X 6 FT,No,9-May-2026,DISPATCHED,,11-May-2026,VI-88E,Dispatch,,Shirley Keebler,318-121 Mahogany Centre South-East,,Calgary,Alberta,T3M 2X9,Canada,403 2361481,,CUSTOMER,HETALLS GLOBAL PRIVATE LIMITED,Individual,Consumer,JUTE DHURRIE-VI-88E,2 X 6 FT,,$106.70,HANDMADE JUTE DHURRIE-VI-88E-2 X 6 FT,57050039,,,,03-Jun-2026 yah order me color approval late hua vendor ki trf se,,,10-May-2026,11-May-2026,
,TOP URGENT,TOP URGENT,RF-12522,AMAZON,114-6914732-4913805,  Sanford,,4-May-2026,,WOOL JUTE,6 X 8 FT,Yes,19-May-2026,DISPATCHED,,10-Jun-2026,DWJ-14,Dispatch,,Walker McAllister,395 LEONARD ST APT 506,,BROOKLYN,NY,11211-1498,United States,1 210-728-4548 ext. 60594,,CUSTOMER,HETALLS GLOBAL PRIVATE LIMITED,Individual,Consumer,WOOL JUTE-DWJ-14,6 X 8 FT,,$435.00,HANDMADE WOOL JUTE-DWJ-14-6 X 8 FT,57050039,,,,,20-May-2026,27-May-2026,9-Jun-2026,9-Jun-2026,
,TOP URGENT,TOP URGENT,RF-12523,AMAZON,114-5003967-9734600,Jennifer,,4-May-2026,,COTTON DHURRIE,2 X 20 FT,No,9-May-2026,DISPATCHED,,9-May-2026,HP-259,Dispatch,,Jennifer Gallo,2331 DEVON ST,,EAST MEADOW,NY,11554-3003,United States,1 415-419-8616 ext. 30207,,CUSTOMER,HETALLS GLOBAL PRIVATE LIMITED,Individual,Consumer,COTTON DHURRIE-HP-259,2 X 20 FT,,$225.90,HANDMADE COTTON DHURRIE-HP-259-2 X 20 FT,57050024,,,,,,,,9-May-2026,
,TOP URGENT,TOP URGENT,RF-12524,AMAZON,203-0552833-8836332,Dawn,,4-May-2026,,WOOL JUTE,2.6 X 8 FT,Yes,19-May-2026,DISPATCHED,,23-May-2026,WJRH-15,Dispatch,,Dawn Parker,9 PARK STREET BURGHEAD,,ELGIN,,V30 5UH,United Kingdom,447780470267,,CUSTOMER,HETALLS GLOBAL PRIVATE LIMITED,Individual,Consumer,WOOL JUTE-WJRH-15,2.6 X 8 FT,,$103.28,HANDMADE WOOL JUTE-WJRH-15-2.6 X 8 FT,57050039,,,,,18-May-2026,,22-May-2026,23-May-2026,
,TOP URGENT,TOP URGENT,RF-12525,AMAZON,406-6845321-4880352,     Lacombe,,4-May-2026,,COTTON DHURRIE,2.6 X 4 FT,Yes,9-May-2026,DISPATCHED,,8-May-2026,HGD-160,Dispatch,,Lacombe Robert,"20, Rue Oberkampf","escalier B, 2ème étage gauche, code 24A21",Paris,,75011,France,33687462722,,CUSTOMER,HETALLS GLOBAL PRIVATE LIMITED,Individual,Consumer,COTTON DHURRIE-HGD-160,2.6 X 4 FT,,$84.05,HANDMADE COTTON DHURRIE-HGD-160-2.6 X 4 FT,57050024,,,,,,,,8-May-2026,
,,,RF-12526,EBAY-RUGSFOREVER,01-14596-72954,Alex Yanev ,,4-May-2026,,JUTE DHURRIE,8 X 10 FT,No,6-May-2026,DISPATCHED,,9-May-2026,NR-1047,Dispatch,,Alex Yanev ,Vladayska 75,,Sofia,Bulgaria,1606,Bulgaria,59877400811,0118d94cc462c22adc64@members.ebay.com,CUSTOMER,HETALLS GLOBAL PRIVATE LIMITED,Individual,Consumer,JUTE DHURRIE-NR-1047,8 X 10 FT,,$399.00,HANDMADE JUTE DHURRIE-NR-1047-8 X 10 FT,57050039,,,,,,,8-May-2026,8-May-2026,
,,,RF-12527,ETSY-RUGSFOREVER,4052664005,"
Katy Withers",,4-May-2026,,CHINDI-COTTON,6 x 6 FT,No,9-May-2026,DISPATCHED,,8-May-2026,NR-121,Dispatch,,Katy Withers,21 Hillside Crescent,Wicklewood,Wymondham,Norfolk,NR18 9QD,United Kingdom,,kmlwithers@hotmail.co.uk,CUSTOMER,HETALLS GLOBAL PRIVATE LIMITED,Individual,Consumer,CHINDI-COTTON-NR-121,6 x 6 FT,,$201.75,HANDMADE CHINDI-COTTON-NR-121-6 x 6 FT,57050024,,,,,,,7-May-2026,7-May-2026,
,,,RF-12528,WALMART,200014704217301,Andrea Sharp,,4-May-2026,,COTTON DHURRIE,4 X 10 FT,Yes,7-May-2026,DISPATCHED,,8-May-2026,HGD-129,Dispatch,,Andrea sharp,331 Lincoln Rd,,Fayetteville,TN,37334,United States,(931) 307-9706,lasharp1234@yahoo.com,CUSTOMER,HETALLS GLOBAL PRIVATE LIMITED,Individual,Consumer,COTTON DHURRIE-HGD-129,4 X 10 FT,,$299.00,HANDMADE COTTON DHURRIE-HGD-129-4 X 10 FT,57050024,,,,,,,,8-May-2026,
,TOP URGENT,TOP URGENT,RF-12529,AMAZON,111-7906023-5798653,     Sarah,,5-May-2026,,WOOL JUTE,5 X 7 FT,Yes,10-May-2026,DISPATCHED,,23-May-2026,HW-58,Dispatch,,Sarah Anderson,S44W33375 Connemara Dr,,Dousman,WI,53118,United States,1 763-225-9463 ext. 35930,,CUSTOMER,HETALLS GLOBAL PRIVATE LIMITED,Individual,Consumer,WOOL JUTE-HW-58,5 X 7 FT,,$270.00,HANDMADE WOOL JUTE-HW-58-5 X 7 FT,57050039,,,,,18-May-2026,,22-May-2026,23-May-2026,
,TOP URGENT,TOP URGENT,RF-12530,AMAZON,112-8562046-9976267,Jessica,,5-May-2026,,COTTON DHURRIE,2.6 X 4 FT,Yes,10-May-2026,DISPATCHED,,9-May-2026,HGD-161B,Dispatch,,Jessica Sellers,175 MT FAIR AVE,,BROOKSVILLE, FL,34601-2108,United States,1 619-854-2705 ext. 17165,,CUSTOMER,HETALLS GLOBAL PRIVATE LIMITED,Individual,Consumer,COTTON DHURRIE-HGD-161B,2.6 X 4 FT,,$64.00,HANDMADE COTTON DHURRIE-HGD-161B-2.6 X 4 FT,57050024,,,,,,,,9-May-2026,
,TOP URGENT,TOP URGENT,RF-12531,AMAZON, 111-3662987-9048255,Emilie,,5-May-2026,,COTTON DHURRIE,5 X 8 FT,Yes,10-May-2026,DISPATCHED,,9-May-2026,JHGD-02A,Dispatch,,Marissa Larosa,772 BURLINGHAM RD,,PINE BUSH, NY ,12566-3902,United States,1 314-282-9402 ext. 25768,,CUSTOMER,HETALLS GLOBAL PRIVATE LIMITED,Individual,Consumer,COTTON DHURRIE-JHGD-02A,5 X 8 FT,,$208.00,HANDMADE COTTON DHURRIE-JHGD-02A-5 X 8 FT,57050024,,,,,,,,9-May-2026,
,TOP URGENT,TOP URGENT,RF-12532,AMAZON,111-3248916-6304212,Lianna,,5-May-2026,,COTTON DHURRIE,2.6 X 22 FT,No,10-May-2026,DISPATCHED,,11-May-2026,HP-259,Dispatch,,Lianna Flores,4205 E LOOP 1604 S,,ADKINS,TX,78101-9443,United States,1 415-851-9136 ext. 35096,,CUSTOMER,HETALLS GLOBAL PRIVATE LIMITED,Individual,Consumer,COTTON DHURRIE-HP-259,2.6 X 22 FT,,$837.00,HANDMADE COTTON DHURRIE-HP-259-2.6 X 22 FT,57050024,,,,,,,,11-May-2026,
,TOP URGENT,TOP URGENT,RF-12533,AMAZON, 204-8201944-5065127,Scott,,5-May-2026,,JUTE DHURRIE,2 X 3 FT,No,10-May-2026,DISPATCHED,,7-May-2026,VI-24B,Dispatch,,Scott Irvine,EVERGLADE HOUSE,LUNGHURST ROAD,WOLDINGHAM,,CR3 7EJ,United Kingdom,7866638439,,CUSTOMER,HETALLS GLOBAL PRIVATE LIMITED,Individual,Consumer,JUTE DHURRIE-VI-24B,2 X 3 FT,,$46.21,HANDMADE JUTE DHURRIE-VI-24B-2 X 3 FT,57050039,,,,,,,7-May-2026,7-May-2026,
IOSS VAT identification number:  IM4420001405,TOP URGENT,TOP URGENT,RF-12534,AMAZON,408-4275857-8356355,Roig,,5-May-2026,,JUTE DHURRIE,2 X 3 FT,No,10-May-2026,DISPATCHED,,11-May-2026,VI-70,Dispatch,,Roig Monique,219 Chemin de Songy Sud,,Sciez,,74140,France,788808485,,CUSTOMER,HETALLS GLOBAL PRIVATE LIMITED,Individual,Consumer,JUTE DHURRIE-VI-70,2 X 3 FT,,$62.88,HANDMADE JUTE DHURRIE-VI-70-2 X 3 FT,57050039,,,,,,,10-May-2026,11-May-2026,
,TOP URGENT,TOP URGENT,RF-12535,AMAZON,503-5691733-8280621,Keryn,,5-May-2026,,JUTE DHURRIE,4 X 4 FT,No,10-May-2026,CANCELLED,5-5-26  Cancel this Order,,NR-123D,Dispatch,,Keryn Armfield,13 SYDNEY PLACE,,ADELAIDE,SA,5000,Australia,400722005,,CUSTOMER,HETALLS GLOBAL PRIVATE LIMITED,Individual,Consumer,JUTE DHURRIE-NR-123D,4 X 4 FT,,$105.93,HANDMADE JUTE DHURRIE-NR-123D-4 X 4 FT,57050039,,,,,,,,,
,,,RF-12536,ETSY-CASAVANI,4047500520,Megan,,5-May-2026,,COTTON DHURRIE,3 X 12 FT,Yes,10-May-2026,DISPATCHED,,13-May-2026,HP-206,Dispatch,,Megan Everingham,182 Lemon Tree Passage Road,,SALT ASH,NSW,2318,Australia,,megeveringham@gmail.com,CUSTOMER,HETALLS GLOBAL PRIVATE LIMITED,Individual,Consumer,COTTON DHURRIE-HP-206,3 X 12 FT,,$152.10,HANDMADE COTTON DHURRIE-HP-206-3 X 12 FT,57050024,,,,,,,,9-May-2026,
,TOP URGENT,TOP URGENT,RF-12537,AMAZON,112-8737716-0565803,	Hilla,,6-May-2026,,COTTON DHURRIE,2.6 X 4 FT,No,11-May-2026,DISPATCHED,,11-May-2026,JHGD-10,Dispatch,,Hilla Paz Field,8 Goldberg Lea street,Apt. 2,Ness Zyionna,,7413603,Israel,972544224381,,CUSTOMER,HETALLS GLOBAL PRIVATE LIMITED,Individual,Consumer,COTTON DHURRIE-JHGD-10,2.6 X 4 FT,,$64.00,HANDMADE COTTON DHURRIE-JHGD-10-2.6 X 4 FT,57050024,,,,,,,,11-May-2026,
,TOP URGENT,TOP URGENT,RF-12538,AMAZON,114-1990548-0421002,Christa,,6-May-2026,,COTTON DHURRIE,2.6 X 10 FT,Yes,11-May-2026,DISPATCHED,,11-May-2026,HGD-161,Dispatch,,Christa,6822 ROWAN LN,,HOUSTON,TX,77074-6208,United States,1 213-442-1463 ext. 08451,,CUSTOMER,HETALLS GLOBAL PRIVATE LIMITED,Individual,Consumer,COTTON DHURRIE-HGD-161,2.6 X 10 FT,,$135.00,HANDMADE COTTON DHURRIE-HGD-161-2.6 X 10 FT,57050024,,,,,,,,11-May-2026,
,TOP URGENT,TOP URGENT,RF-12539,AMAZON,702-6965478-3011407,	Jared,,6-May-2026,,JUTE DHURRIE,4 X 6 FT,No,11-May-2026,DISPATCHED,,12-May-2026,VI-88D,Dispatch,,Mindy Sayers,606 Alexander Crescent North-West,,Calgary,Alberta,T2M 4T3,Canada,4033910670,,CUSTOMER,HETALLS GLOBAL PRIVATE LIMITED,Individual,Consumer,JUTE DHURRIE-VI-88D,4 X 6 FT,,$175.87,HANDMADE JUTE DHURRIE-VI-88D-4 X 6 FT,57050039,,,,,,,10-May-2026,12-May-2026,
,TOP URGENT,TOP URGENT,RF-12540,AMAZON,702-5148095-0146618,Sebastien,,6-May-2026,,JUTE DHURRIE,4 X 4 FT,No,11-May-2026,DISPATCHED,,12-May-2026,NR-66,Dispatch,,Sebastien Rene,801 rue Sherbrooke Est,Suite 404,Montreal,Québec,H2L 0B7,Canada,438-883-4769,,CUSTOMER,HETALLS GLOBAL PRIVATE LIMITED,Individual,Consumer,JUTE DHURRIE-NR-66,4 X 4 FT,,$138.34,HANDMADE JUTE DHURRIE-NR-66-4 X 4 FT,57050039,,,,,,,10-May-2026,12-May-2026,
,,,RF-12541,ETSY-CASAVANI,4053930729,Ryan Weekley,,6-May-2026,,COTTON DHURRIE,7 X 7 FT,No,9-May-2026,DISPATCHED,,11-May-2026,HP-283,Dispatch,,Ryan Weekley,4474 Cooper,Lane,"HOLT,",FL,32564,United States,,weekleyryan25@gmail.com,CUSTOMER,HETALLS GLOBAL PRIVATE LIMITED,Individual,Consumer,COTTON DHURRIE-HP-283,7 X 7 FT,,$239.20,HANDMADE COTTON DHURRIE-HP-283-7 X 7 FT,57050024,,,,,,,,11-May-2026,
,,,RF-12542,EBAY-RUGSFOREVER,14-14590-18177,Victoria Kaller,,6-May-2026,,JUTE DHURRIE,6 X 9 FT,No,12-May-2026,DISPATCHED,,13-May-2026,VI-59A,Dispatch,,Victoria Kaller,Robert-Stolz Str. 17,,Nürnberg,Nürnberg,90455,Germany,49 179 5019505,01191ac57bb2c22c63c7@members.ebay.com,CUSTOMER,HETALLS GLOBAL PRIVATE LIMITED,Individual,Consumer,JUTE DHURRIE-VI-59A,6 X 9 FT,,$237.61,HANDMADE JUTE DHURRIE-VI-59A-6 X 9 FT,57050039,,,,,,,13-May-2026,13-May-2026,
,,,RF-12543,ETSY-CASAVANI,4050043492,Sabine Feisst,,7-May-2026,,COTTON DHURRIE,3 X 10 FT,Yes,11-May-2026,DISPATCHED,,11-May-2026,STK-82R,Dispatch,,Sabine Feisst,1861 E Alameda Dr,,Tempe,AZ,85282,United States,623 451 1848,Sabine.Feisst@gmail.com,CUSTOMER,HETALLS GLOBAL PRIVATE LIMITED,Individual,Consumer,COTTON DHURRIE-STK-82R,3 X 10 FT,,$224.00,HANDMADE COTTON DHURRIE-STK-82R-3 X 10 FT,57050024,,,,,,,,11-May-2026,
,TOP URGENT,TOP URGENT,RF-12544,AMAZON,114-4899857-1905848, Lauren,,7-May-2026,,COTTON DHURRIE,2.6 X 8 FT,Yes,12-May-2026,DISPATCHED,,12-May-2026,STK-26B,Dispatch,,Anne Petrasek,11 GRACE PL,,BARNEGAT,NJ,08005-2651,United States,1 929-436-4790 ext. 97419,,CUSTOMER,HETALLS GLOBAL PRIVATE LIMITED,Individual,Consumer,COTTON DHURRIE-STK-26B,2.6 X 8 FT,,$103.35,HANDMADE COTTON DHURRIE-STK-26B-2.6 X 8 FT,57050024,,,,,,,,,
,TOP URGENT,TOP URGENT,RF-12545,AMAZON,112-7360680-9173002,David,,7-May-2026,,COTTON DHURRIE,3 X 5 FT,Yes,12-May-2026,DISPATCHED,,13-May-2026,JHGD-02A,Dispatch,,David Navarro,37 S DELAPLAINE RD,,RIVERSIDE, IL,60546-2341,United States,1 213-442-1463 ext. 11876,,CUSTOMER,HETALLS GLOBAL PRIVATE LIMITED,Individual,Consumer,COTTON DHURRIE-JHGD-02A,3 X 5 FT,2,$118.50,HANDMADE COTTON DHURRIE-JHGD-02A-3 X 5 FT,57050024,,,,,,,,12-May-2026,
IOSS VAT identification number:  IM4420001405,TOP URGENT,TOP URGENT,RF-12546,AMAZON,302-2334462-9233967,	Kerstin,,7-May-2026,,COTTON DHURRIE,3 X 5 FT,No,12-May-2026,DISPATCHED,,12-May-2026,MR-07,Dispatch,,Kerstin May,Nordstraße 9,,Drehfeld,,9629,Germany,15256107911,,CUSTOMER,HETALLS GLOBAL PRIVATE LIMITED,Individual,Consumer,COTTON DHURRIE-MR-07,3 X 5 FT,,$83.10,HANDMADE COTTON DHURRIE-MR-07-3 X 5 FT,57050024,,,,,,,,12-May-2026,
,TOP URGENT NOTE:- REPLACEMENT ORDER OF RF-12080,TOP URGENT,RF-12547,AMAZON,112-5429017-3809830,roberta gackowski,,7-May-2026,,JUTE DHURRIE,4 X 20 FT,No,12-May-2026,DISPATCHED,,16-May-2026,NR-99,Dispatch,,roberta gackowski,106 HILLSIDE AVE,,MIDLAND PARK,NJ,7432,United States,602-671-6610,,CUSTOMER,HETALLS GLOBAL PRIVATE LIMITED,Individual,Consumer,JUTE DHURRIE-NR-99,4 X 20 FT,1,$358.00,JUTE DHURRIE-NR-99-4 X 20 FT,57050039,,,,,,,13-May-2026,14-May-2026,
,DDP,"UK VAT number, 370 6004 28,",RF-12548-1/2,ETSY-CASAVANI,4051035458,Beth coward Coward,,8-May-2026,,COTTON DHURRIE,2.6 X 8 FT,No,11-May-2026,DISPATCHED,,13-May-2026,JHGD-02C,Dispatch,,Beth coward Coward,"4 Welford rd, Barton",Bidford on ,"Avon
Alcester,",Warwickshire,B50 4NP,United States,,beth.coward@gmail.com,CUSTOMER,HETALLS GLOBAL PRIVATE LIMITED,Individual,Consumer,COTTON DHURRIE-JHGD-02C,2.6 X 8 FT,,$78.00,HANDMADE COTTON DHURRIE-JHGD-02C-2.6 X 8 FT,57050024,,,,,,,,13-May-2026,
,DDP,"UK VAT number, 370 6004 28,",RF-12548-2/2,ETSY-CASAVANI,4051035458,Beth coward Coward,,8-May-2026,,COTTON DHURRIE,2.6 X 4 FT,No,11-May-2026,DISPATCHED,,13-May-2026,STK-48R,Dispatch,,Beth coward Coward,"4 Welford rd, Barton",Bidford on ,"Avon
Alcester,",Warwickshire,B50 4NP,United Kingdom,,beth.coward@gmail.com,CUSTOMER,HETALLS GLOBAL PRIVATE LIMITED,Individual,Consumer,COTTON DHURRIE-STK-48R,2.6 X 4 FT,,$52.00,HANDMADE COTTON DHURRIE-STK-48R-2.6 X 4 FT,57050024,,,,,,,,13-May-2026,
,,,RF-12549,ETSY-CASAVANI,4056608989,Carolyne Mesa,,8-May-2026,,COTTON DHURRIE,2 X 5 FT,No,11-May-2026,DISPATCHED,,13-May-2026,HGD-129R,Dispatch,,Carolyne Mesa,10525 NW 11th St,,Pembroke Pines,FL,33026,United States,561) 777-3693,caromes02@gmail.com,CUSTOMER,HETALLS GLOBAL PRIVATE LIMITED,Individual,Consumer,COTTON DHURRIE-HGD-129R,2 X 5 FT,,$82.22,HANDMADE COTTON DHURRIE-HGD-129R-2 X 5 FT,57050024,,,,,,,,13-May-2026,
,,,RF-12550,ETSY-RUGSFOREVER,4051517988,Alexis Bilodeau,,8-May-2026,,JUTE DHURRIE,4 X 4 FT,Yes,13-May-2026,DISPATCHED,,13-May-2026,NR-168,Dispatch,,Alexis Bilodeau,73 Chapin St,APT 1,"CHICOPEE,",MA,1013,United States,4136127730,alexis.bilodeau8306@gmail.com,CUSTOMER,HETALLS GLOBAL PRIVATE LIMITED,Individual,Consumer,JUTE DHURRIE-NR-168,4 X 4 FT,,$127.50,HANDMADE JUTE DHURRIE-NR-168-4 X 4 FT,57050039,,,,,,,10-May-2026,12-May-2026,
,TOP URGENT,TOP URGENT,RF-12551,AMAZON,114-0760396-8184262,Shari,,8-May-2026,,JUTE DHURRIE,8 X 10 FT,No,13-May-2026,DISPATCHED,,11-May-2026,VI-86B,Dispatch,,Shari S Walls,15604 XENIA WAY,,BRIGHTON, CO, 80602-8594,United States,1 602-671-6610 ext. 77474,,CUSTOMER,HETALLS GLOBAL PRIVATE LIMITED,Individual,Consumer,JUTE DHURRIE-VI-86B,8 X 10 FT,,$660.00,HANDMADE JUTE DHURRIE-VI-86B-8 X 10 FT,57050039,,,,,,,10-May-2026,11-May-2026,
,TOP URGENT,TOP URGENT,RF-12552,AMAZON,114-5880613-5503407,robert,,8-May-2026,,COTTON DHURRIE,6 x 6 FT,Yes,13-May-2026,DISPATCHED,,13-May-2026,JHGD-16B,Dispatch,,robert stakem,12113 POULSON DR,,HOUSTON,TX,77031-3051,United States,1 763-225-9463 ext. 84341,,CUSTOMER,HETALLS GLOBAL PRIVATE LIMITED,Individual,Consumer,COTTON DHURRIE-JHGD-16B,6 x 6 FT,,$188.00,HANDMADE COTTON DHURRIE-JHGD-16B-6 x 6 FT,57050024,,,,,,,,13-May-2026,
,TOP URGENT,TOP URGENT,RF-12553-1/2,AMAZON,112-5209008-0533825,Ambar,,8-May-2026,,COTTON DHURRIE,3 X 10 FT,No,13-May-2026,DISPATCHED,,13-May-2026,JHGD-14,Dispatch,,Ambar Rivera,12533 HEDGES RUN DR,,WOODBRIDGE,VA,22192-1741,United States,1 415-419-8616 ext. 66089,,CUSTOMER,HETALLS GLOBAL PRIVATE LIMITED,Individual,Consumer,COTTON DHURRIE-JHGD-14,3 X 10 FT,,$105.00,HANDMADE COTTON DHURRIE-JHGD-14-3 X 10 FT,57050024,,,,,,,,13-May-2026,
,TOP URGENT,TOP URGENT,RF-12553-2/2,AMAZON,112-5209008-0533825,Ambar,,8-May-2026,,COTTON DHURRIE,3 X 5 FT,No,13-May-2026,DISPATCHED,,13-May-2026,JHGD-14,Dispatch,,Ambar Rivera,12533 HEDGES RUN DR,,WOODBRIDGE,VA,22192-1741,United States,1 415-419-8616 ext. 66089,,CUSTOMER,HETALLS GLOBAL PRIVATE LIMITED,Individual,Consumer,COTTON DHURRIE-JHGD-14,3 X 5 FT,,$59.25,HANDMADE COTTON DHURRIE-JHGD-14-3 X 5 FT,57050024,,,,,,,,13-May-2026,
,TOP URGENT,TOP URGENT,RF-12554,AMAZON,702-2948749-2171424,Ken,,8-May-2026,,JUTE DHURRIE,4 X 7 FT,No,13-May-2026,DISPATCHED,,11-May-2026,NR-108,Dispatch,,Ken Marchand,19 Innsbrook Way,,Bedford,Nova Scotia, B4B 0X7,Canada,9022247518,,CUSTOMER,HETALLS GLOBAL PRIVATE LIMITED,Individual,Consumer,JUTE DHURRIE-NR-108,4 X 7 FT,,$164.03,HANDMADE JUTE DHURRIE-NR-108-4 X 7 FT,57050039,,,,,,,10-May-2026,11-May-2026,
,,Set of 6,RF-12555,ETSY-RUGSFOREVER,4051657604,Mariel Maida,,8-May-2026,,CHINDI-COTTON,8 X 28 Inch,No,13-May-2026,DISPATCHED,,14-May-2026,NR-33-Oval,Dispatch,,Mariel Maida,315 Berryman dr,,"BUFFALO,",NY,14226,United States,,maida4904@yahoo.com,CUSTOMER,HETALLS GLOBAL PRIVATE LIMITED,Individual,Consumer,CHINDI-COTTON-NR-33-Oval,8 X 28 Inch,,$106.80,HANDMADE CHINDI-COTTON-NR-33-Oval-8 X 28 Inch,57050024,,,,,,,13-May-2026,13-May-2026,
,,,RF-12556,ETSY-CASAVANI,4057546301,anna Culbert,,9-May-2026,,COTTON DHURRIE,2.6 X 18 FT,No,13-May-2026,DISPATCHED,,14-May-2026,MR-08,Dispatch,,anna Culbert,26/7 GREENPARK,,"EDINBURGH,",,EH17 7TB,United Kingdom,,anna.culbert94@gmail.com,CUSTOMER,HETALLS GLOBAL PRIVATE LIMITED,Individual,Consumer,COTTON DHURRIE-MR-08,2.6 X 18 FT,1,$198.25,HANDMADE COTTON DHURRIE-MR-08-2.6 X 18 FT,57050024,,,,,,,,13-May-2026,
,TOP URGENT,TOP URGENT,RF-12557-1/2,AMAZON,113-8918055-8421002,Eric,,9-May-2026,,WOOL JUTE,6 X 9 FT,Yes,23-May-2026,DISPATCHED,,23-May-2026,HW-58,Dispatch,,Eric,470 S REED ST,,LAKEWOOD,CO,80226-3311,United States,1 347-448-3190 ext. 52007,,CUSTOMER,HETALLS GLOBAL PRIVATE LIMITED,Individual,Consumer,WOOL JUTE-HW-58,6 X 9 FT,,$287.25,HANDMADE WOOL JUTE-HW-58-6 X 9 FT,57050039,,,,,20-May-2026,,22-May-2026,23-May-2026,
,TOP URGENT,TOP URGENT,RF-12557-2/2,AMAZON,113-8918055-8421002,Eric,,9-May-2026,,WOOL JUTE,4 X 8 FT,Yes,23-May-2026,DISPATCHED,,23-May-2026,WJRH-21,Dispatch,,Eric,470 S REED ST,,LAKEWOOD,CO,80226-3311,United States,1 347-448-3190 ext. 52007,,CUSTOMER,HETALLS GLOBAL PRIVATE LIMITED,Individual,Consumer,WOOL JUTE-WJRH-21,4 X 8 FT,,$157.50,HANDMADE WOOL JUTE-WJRH-21-4 X 8 FT,57050039,,,,,20-May-2026,,22-May-2026,23-May-2026,
,TOP URGENT,TOP URGENT,RF-12558,AMAZON,113-6009184-6567469,Hugo,,9-May-2026,,WOOL JUTE,4 X 6 FT,Yes,23-May-2026,DISPATCHED,,23-May-2026,WJRH-21,Dispatch,,Hugo Vuong,403 DEARBORN PARK RD,,PESCADERO,CA ,94060-9706,United States,1 929-436-4790 ext. 99531,,CUSTOMER,HETALLS GLOBAL PRIVATE LIMITED,Individual,Consumer,WOOL JUTE-WJRH-21,4 X 6 FT,,$232.50,HANDMADE WOOL JUTE-WJRH-21-4 X 6 FT,57050039,,,,,20-May-2026,,22-May-2026,23-May-2026,
,TOP URGENT,TOP URGENT,RF-12559,AMAZON, 203-2874980-5661912,oliver,,9-May-2026,,WOOL JUTE,2.6 X 6 FT,Yes,23-May-2026,DISPATCHED,,26-May-2026,WJRH-15,Dispatch,,oliver gubo,LONG COTTAGE,TADHILL LEIGH UPON MENDIP,RADSTOCK,,BA3 5QT,United Kingdom,15022999718,,CUSTOMER,HETALLS GLOBAL PRIVATE LIMITED,Individual,Consumer,WOOL JUTE-WJRH-15,2.6 X 6 FT,,$127.26,HANDMADE WOOL JUTE-WJRH-15-2.6 X 6 FT,57050039,,,,,20-May-2026,25-May-2026,25-May-2026,,
,,,RF-12560,MIRRAW, M431198252,Mirraw Online Services Pvt Ltd,,9-May-2026,,COTTON DHURRIE,5 X 8 FT,No,23-May-2026,DISPATCHED,,20-May-2026,HP-98,Dispatch,,,"101 to 110 First floor, Building Number 75, Indian Corporation complex,","Mankoli Naka, Dapode, (Near Gajanan Petrol Pump)",Bhiwand,Maharashtra,421302,"India,",91 2266484300,,CUSTOMER,HETALLS GLOBAL PRIVATE LIMITED,Individual,Consumer,COTTON DHURRIE-HP-98,5 X 8 FT,,$54.19,HANDMADE COTTON DHURRIE-HP-98-5 X 8 FT,57050024,,,,,,,,16-May-2026,
,,,RF-12561,ETSY-CASAVANI,4052701138,Angela Kelly,,9-May-2026,,COTTON DHURRIE,2.6 X 4 FT,Yes,13-May-2026,DISPATCHED,,15-May-2026,HGD-161A,Dispatch,,Angela Kelly,12225 Fort Road,,Edmonton,AB,T5B 4H2,Canada,7808841898,angelakelly316@gmail.com,CUSTOMER,HETALLS GLOBAL PRIVATE LIMITED,Individual,Consumer,COTTON DHURRIE-HGD-161A,2.6 X 4 FT,,$52.00,HANDMADE COTTON DHURRIE-HGD-161A-2.6 X 4 FT,57050024,,,,,,,,14-May-2026,
,,,RF-12562,ETSY-CASAVANI,4053358612,Therese Ryland,,11-May-2026,,COTTON DHURRIE,6 x 6 FT,No,14-May-2026,DISPATCHED,,15-May-2026,MR-55,Dispatch,,Therese Ryland,46 Central Green Dr,,"
Narangba", QLD ,4504,Australia,439334743,thereseryland@yahoo.com.au,CUSTOMER,HETALLS GLOBAL PRIVATE LIMITED,Individual,Consumer,COTTON DHURRIE-MR-55,6 x 6 FT,,$152.75,HANDMADE COTTON DHURRIE-MR-55-6 x 6 FT,57050024,,,,,,,,15-May-2026,
,TOP URGENT,TOP URGENT,RF-12563,AMAZON,112-6611622-8946652,Stenio,,11-May-2026,,COTTON DHURRIE,2.6 X 8 FT,Yes,16-May-2026,DISPATCHED,,15-May-2026,HGD-129,Dispatch,,Stenio/Carla Sousa,3887 NW 7TH PL,,Narangba, FL,33442-7319,United States,1 210-728-4548 ext. 14079,,CUSTOMER,HETALLS GLOBAL PRIVATE LIMITED,Individual,Consumer,COTTON DHURRIE-HGD-129,2.6 X 8 FT,,$86.40,HANDMADE COTTON DHURRIE-HGD-129-2.6 X 8 FT,57050024,,,,,,,,15-May-2026,
,TOP URGENT,TOP URGENT,RF-12564,AMAZON,111-9542169-6034649,Krystal,,11-May-2026,,WOOL JUTE,2.6 X 6 FT,Yes,25-May-2026,DISPATCHED,,19-May-2026,WJRH-21,Dispatch,,Krystal Latouche,2970 SMITH RIDGE TRCE,,PEACHTREE CORNERS,GA,30071-2642,United States,1 207-835-4259 ext. 37036,,CUSTOMER,HETALLS GLOBAL PRIVATE LIMITED,Individual,Consumer,WOOL JUTE-WJRH-21,2.6 X 6 FT,,$157.50,HANDMADE WOOL JUTE-WJRH-21-2.6 X 6 FT,57050039,,,,,23-May-2026,,,19-May-2026,
,TOP URGENT,TOP URGENT,RF-12565,AMAZON,114-3481659-4038658,Sara,,11-May-2026,,JUTE DHURRIE,7 X 7 FT,No,16-May-2026,DISPATCHED,,19-May-2026,VI-49I,Dispatch,,Sara Ferrazza-Snyder,7222 Brookmeadow,,Drive Dayton,OHIO,45459-6647,United States,,,CUSTOMER,HETALLS GLOBAL PRIVATE LIMITED,Individual,Consumer,JUTE DHURRIE-VI-49I,7 X 7 FT,,$412.00,HANDMADE JUTE DHURRIE-VI-49I-7 X 7 FT,57050039,,,,,,,18-May-2026,19-May-2026,
,TOP URGENT,TOP URGENT,RF-12566,AMAZON,111-8678559-5040254,Shae,,11-May-2026,,COTTON DHURRIE,2.6 X 4 FT,Yes,16-May-2026,DISPATCHED,,16-May-2026,HGD-161A,Dispatch,,"
Shae Knap",2023 TETON PKWY,,ALGONQUIN,IL,60102-5427,United States,1 480-618-5344 ext. 69841,,CUSTOMER,HETALLS GLOBAL PRIVATE LIMITED,Individual,Consumer,COTTON DHURRIE-HGD-161A,2.6 X 4 FT,,$64.00,HANDMADE COTTON DHURRIE-HGD-161A-2.6 X 4 FT,57050024,,,,,,,,16-May-2026,
,TOP URGENT,TOP URGENT,RF-12567,AMAZON,113-1919481-8587458,George,,11-May-2026,,JUTE DHURRIE,7 X 7 FT,No,16-May-2026,DISPATCHED,,19-May-2026,NF-16B,Dispatch,,George Harris,1049 Harris Lane,,Hazlehurst,MS,39083,United States,1 763-225-9463 ext. 41846,,CUSTOMER,HETALLS GLOBAL PRIVATE LIMITED,Individual,Consumer,JUTE DHURRIE-NF-16B,7 X 7 FT,,$256.00,HANDMADE JUTE DHURRIE-NF-16B-7 X 7 FT,57050039,,,,,,,18-May-2026,19-May-2026,
,TOP URGENT,TOP URGENT,RF-12568,AMAZON, 111-5350651-8318659,Sarah,,11-May-2026,,COTTON DHURRIE,8 X 11 FT,Yes,16-May-2026,DISPATCHED,,16-May-2026,HGD-129,Dispatch,,Sarah Hovde,732 MEADOW LAKE DR,,MATTHEWS, NC,28105-0332,United States,1 210-728-4548 ext. 67646,,CUSTOMER,HETALLS GLOBAL PRIVATE LIMITED,Individual,Consumer,COTTON DHURRIE-HGD-129,8 X 11 FT,,$456.00,HANDMADE COTTON DHURRIE-HGD-129-8 X 11 FT,57050024,,,,,,,,16-May-2026,
,,,RF-12569,EBAY-RUGSFOREVER,"
06-14623-09263",Mark Shotwell,,11-May-2026,,JUTE DHURRIE,5 X 8 FT,No,13-May-2026,DISPATCHED,,20-May-2026,NR-137H,Dispatch,,"
Mark Shotwell",rodolfo Gomez 407,Alta Vista, Puerto, Jalisco,48380,Mexico,52 322 192 7712,01197ae738ec25adeed8@members.ebay.com,CUSTOMER,HETALLS GLOBAL PRIVATE LIMITED,Individual,Consumer,JUTE DHURRIE-NR-137H,5 X 8 FT,,$199.00,HANDMADE JUTE DHURRIE-NR-137H-5 X 8 FT,57050039,,,,,,,18-May-2026,20-May-2026,
IOSS VAT identification number:  IM4420001405,TOP URGENT,TOP URGENT,RF-12570,AMAZON,407-5259319-7562721,Pierina,,11-May-2026,,WOOL JUTE,3 X 5 FT,Yes,25-May-2026,DISPATCHED,,20-May-2026,WJRH-15,Dispatch,,Pierina Crovetto,via angelo Visca 7/4,,Savona,Savona,17100,Italy,19828405,,CUSTOMER,HETALLS GLOBAL PRIVATE LIMITED,Individual,Consumer,WOOL JUTE-WJRH-15,3 X 5 FT,,$138.49,HANDMADE WOOL JUTE-WJRH-15-3 X 5 FT,57050039,,,,,,,,20-May-2026,
"UK VAT number, 370 6004 28,",,,RF-12571,ETSY-CASAVANI,4030194160,Desy Rodigari,,11-May-2026,,COTTON DHURRIE,3.6 X 5 FT ,No,14-May-2026,DISPATCHED,,12-May-2026,STK-26P,Dispatch,,Desy Rodigari,184 Manchester Road,,Warrington,Warrington,WA1 3AP,United Kingdom,7548666150,desy.rodigari@gmail.com,CUSTOMER,HETALLS GLOBAL PRIVATE LIMITED,Individual,Consumer,COTTON DHURRIE-STK-26P,3.6 X 5 FT ,,$87.10,HANDMADE COTTON DHURRIE-STK-26P-3.6 X 5 FT ,57050024,,,,,,,,12-May-2026,
,,,RF-12572,ETSY-CASAVANI,4055347592,Aimee Rodriguez,,12-May-2026,,COTTON DHURRIE,2.6 X 9 FT,Yes,16-May-2026,DISPATCHED,,18-May-2026,STK-13F,Dispatch,,Aimee Rodriguez,2323 N Akard St,Apt 3008,"Dallas,",TX ,75201,United States,,aimee.rodriguez@sbcglobal.net,CUSTOMER,HETALLS GLOBAL PRIVATE LIMITED,Individual,Consumer,COTTON DHURRIE-STK-13F,2.6 X 9 FT,,$171.00,HANDMADE COTTON DHURRIE-STK-13F-2.6 X 9 FT,57050024,,,,,,,,18-May-2026,
,,,RF-12573,ETSY-CASAVANI,4054875748,Rachel Dowling,,12-May-2026,,COTTON DHURRIE,2 X 6 FT,No,15-May-2026,DISPATCHED,,16-May-2026, JHGD-02A,Dispatch,,"	
Rachel Dowling",,801 Pine St W,"Stillwater,",MN,55082,United States,,racheldowling75@yahoo.com,CUSTOMER,HETALLS GLOBAL PRIVATE LIMITED,Individual,Consumer,COTTON DHURRIE- JHGD-02A,2 X 6 FT,,$98.00,HANDMADE COTTON DHURRIE- JHGD-02A-2 X 6 FT,57050024,,,,,,,,16-May-2026,
,TOP URGENT,TOP URGENT,RF-12574,AMAZON,113-0961799-7512212,	Jeremy,,12-May-2026,,WOOL JUTE,4 X 12 FT,No,28-May-2026,DISPATCHED,,4-Jun-2026,DWJ-11,Dispatch,,Kenzie Janes,1509 RIDGEFIELD DR,,MAHOMET, IL, 61853-7624,United States,1 415-419-8616 ext. 78439,,CUSTOMER,HETALLS GLOBAL PRIVATE LIMITED,Individual,Consumer,WOOL JUTE-DWJ-11,4 X 12 FT,,$652.50,HANDMADE WOOL JUTE-DWJ-11-4 X 12 FT,57050039,,,,,23-May-2026,26-May-2026,30-May-2026,4-Jun-2026,
,TOP URGENT,TOP URGENT,RF-12575,AMAZON,113-4235231-2224255,thomas,,12-May-2026,,COTTON DHURRIE,7 X 7 FT,Yes,17-May-2026,DISPATCHED,,18-May-2026,HGD-160,Dispatch,,thomas e hunter,34 BOGEY LN,,TRABUCO CANYON,CA ,92679-4928,United States,1 207-835-4259 ext. 70302,,CUSTOMER,HETALLS GLOBAL PRIVATE LIMITED,Individual,Consumer,COTTON DHURRIE-HGD-160,7 X 7 FT,,$264.99,HANDMADE COTTON DHURRIE-HGD-160-7 X 7 FT,57050024,,,,,,,,18-May-2026,
,,"Buyer cancellation
Cancellation reason: Reason left unspecified",RF-12576,AMAZON,112-2292654-0382662,Lori,,12-May-2026,,COTTON DHURRIE,2.6 X 4 FT,Yes,17-May-2026,CANCELLED,CANCELLED,,HGD-161B,Dispatch,,Ryan Amos,2587 S GRITTON ST,,HURRICANE,UT,84737-7743,United States,1 415-851-9136 ext. 57756,,CUSTOMER,HETALLS GLOBAL PRIVATE LIMITED,Individual,Consumer,COTTON DHURRIE-HGD-161B,2.6 X 4 FT,,$64.00,HANDMADE COTTON DHURRIE-HGD-161B-2.6 X 4 FT,57050024,,,,,,,,,
,TOP URGENT,TOP URGENT,RF-12577,AMAZON,113-1939043-6973062,Dante,,12-May-2026,,JUTE DHURRIE,2 X 3 FT,No,18-May-2026,DISPATCHED,,18-May-2026,NR-91,Dispatch,,Carolina Leonidas,717 CALLE HERNANDEZ,,SAN JUAN,PR, 00907-4405,United States,1 480-618-5344 ext. 46677,,CUSTOMER,HETALLS GLOBAL PRIVATE LIMITED,Individual,Consumer,JUTE DHURRIE-NR-91,2 X 3 FT,,$52.00,HANDMADE JUTE DHURRIE-NR-91-2 X 3 FT,57050039,,,,,,,18-May-2026,18-May-2026,
,TOP URGENT,TOP URGENT,RF-12578,AMAZON,114-3372155-9445059,Susan,,12-May-2026,,COTTON DHURRIE,5 X 5 FT,Yes,17-May-2026,DISPATCHED,,18-May-2026,JHGD-02A,Dispatch,,Susan Sale,2029 F 3/4 RD,,GRAND JUNCTION,CO, 81507-9723,United States,1 619-854-2705 ext. 63198,,CUSTOMER,HETALLS GLOBAL PRIVATE LIMITED,Individual,Consumer,COTTON DHURRIE-JHGD-02A,5 X 5 FT,,$128.00,HANDMADE COTTON DHURRIE-JHGD-02A-5 X 5 FT,57050024,,,,,,,,18-May-2026,
,,,RF-12579,EBAY-RUGSFOREVER,151462016175,Lee S Carlisle,,13-May-2026,,JUTE DHURRIE,3 X 5 FT,No,15-May-2026,DISPATCHED,,19-May-2026,NR-109,Dispatch,,"
Lee S Carlisle",6803 West Ave, Apt B,San Antonio,TX,78213,United States,2104139145,"08cd7f0c8f9627f54795@members.ebay.com
",CUSTOMER,HETALLS GLOBAL PRIVATE LIMITED,Individual,Consumer,JUTE DHURRIE-NR-109,3 X 5 FT,,$90.00,HANDMADE JUTE DHURRIE-NR-109-3 X 5 FT,57050039,,,,,,,18-May-2026,18-May-2026,
,TOP URGENT,TOP URGENT,RF-12580,AMAZON,114-6612889-4558602,Hilla,,13-May-2026,,COTTON DHURRIE,6 X 8 FT,Yes,18-May-2026,DISPATCHED,,11-Jun-2026,JHGD-02A,Dispatch,,Hilla Paz Field,8 Goldberg Lea street,Apt. 2,Ness Zyionna,,7413603,Israel,972544224381,,CUSTOMER,HETALLS GLOBAL PRIVATE LIMITED,Individual,Consumer,COTTON DHURRIE-JHGD-02A,6 X 8 FT,,$248.00,HANDMADE COTTON DHURRIE-JHGD-02A-6 X 8 FT,57050024,,,,,,,,18-May-2026,
,TOP URGENT,TOP URGENT,RF-12581,AMAZON,114-7165327-8089056,Brittany,,13-May-2026,,COTTON DHURRIE,2.6 X 4 FT,Yes,18-May-2026,DISPATCHED,,16-May-2026,HGD-161,Dispatch,,Brittany Keeton,1121 76TH ST,,NEWPORT NEWS,VA,23605-1703,United States,1 314-282-9402 ext. 35915,,CUSTOMER,HETALLS GLOBAL PRIVATE LIMITED,Individual,Consumer,COTTON DHURRIE-HGD-161,2.6 X 4 FT,,$64.00,HANDMADE COTTON DHURRIE-HGD-161-2.6 X 4 FT,57050024,,,,,,,,16-May-2026,
,TOP URGENT,TOP URGENT,RF-12582,AMAZON,112-6004288-7077800,Mark ,,13-May-2026,,CHINDI COTTON-JUTE,4 X 4 FT,No,18-May-2026,DISPATCHED,,15-May-2026,VI-83,Dispatch,,Mark Schwartz,W6632 COUNTY ROAD C,,PLYMOUTH,WI,53073-2725,United States,1 346-307-9643 ext. 62810,,CUSTOMER,HETALLS GLOBAL PRIVATE LIMITED,Individual,Consumer,CHINDI COTTON-JUTE-VI-83,4 X 4 FT,,$129.00,HANDMADE CHINDI COTTON-JUTE-VI-83-4 X 4 FT,57050039,,,,IN STOCK,,,,15-May-2026,
,TOP URGENT,TOP URGENT,RF-12583-1/2,AMAZON, 111-0050817-7485832,Veronica,,13-May-2026,,COTTON DHURRIE,2.6 X 8 FT,Yes,18-May-2026,DISPATCHED,,18-May-2026,JHGD-02A,Dispatch,,Veronica Lee Barillas,5228 HARWOOD DR,,DES MOINES,IA,50312-1839,United States,1 602-671-6610 ext. 08474,,CUSTOMER,HETALLS GLOBAL PRIVATE LIMITED,Individual,Consumer,COTTON DHURRIE-JHGD-02A,2.6 X 8 FT,,$72.00,HANDMADE COTTON DHURRIE-JHGD-02A-2.6 X 8 FT,57050024,,,,,,,,18-May-2026,
,TOP URGENT,TOP URGENT,RF-12583-2/2,AMAZON, 111-0050817-7485832,Veronica,,13-May-2026,,COTTON DHURRIE,3 X 5 FT,Yes,18-May-2026,DISPATCHED,,18-May-2026, JHGD-02A,Dispatch,,Veronica Lee Barillas,5228 HARWOOD DR,,DES MOINES,IA,50312-1839,United States,1 602-671-6610 ext. 08474,,CUSTOMER,HETALLS GLOBAL PRIVATE LIMITED,Individual,Consumer,COTTON DHURRIE- JHGD-02A,3 X 5 FT,,$59.25,HANDMADE COTTON DHURRIE- JHGD-02A-3 X 5 FT,57050024,,,,,,,,18-May-2026,
,,"Buyer cancellation
Cancellation reason: Item(s) Would Not Arrive on Time",RF-12584,AMAZON,114-5485568-6046620,Carolyn,,13-May-2026,,WOOL JUTE,3 X 3 FT,Yes,27-May-2026,CANCELLED,CANCELLED,,HW-61,Dispatch,,Carolyn Plummer,27 SCOTCH PINE RD,,SAINT PAUL,MN,55127-2035,United States,1 415-419-8616 ext. 43525,,CUSTOMER,HETALLS GLOBAL PRIVATE LIMITED,Individual,Consumer,WOOL JUTE-HW-61,3 X 3 FT,,$92.00,HANDMADE WOOL JUTE-HW-61-3 X 3 FT,57050039,,,,,,,,,
,TOP URGENT,TOP URGENT,RF-12585,AMAZON,702-4307780-1661815,Janick,,13-May-2026,,WOOL JUTE,2.6 X 14 FT,Yes,27-May-2026,DISPATCHED,,10-Jun-2026,HW-61,Dispatch,,Janick Brassard,225 rue Principale,,St-Nazaire-Du-Lac-St-Jean,Quebec,G0W 2V0,Canada,418 487 2991,,CUSTOMER,HETALLS GLOBAL PRIVATE LIMITED,Individual,Consumer,WOOL JUTE-HW-61,2.6 X 14 FT,,$265.00,HANDMADE WOOL JUTE-HW-61-2.6 X 14 FT,57050039,,,,,25-May-2026,,4-Jun-2026,9-Jun-2026,
,TOP URGENT,TOP URGENT,RF-12586,AMAZON,206-4480340-3039532,Karen,,13-May-2026,,JUTE DHURRIE,2.6 X 4 FT SCALLOPED ,No,19-May-2026,DISPATCHED,,18-May-2026,NR-30,Dispatch,,Karen nicholls,EAST FINCHLEY ELECTRICAL,115 HIGH ROAD,LONDON,,N2 8AG,United Kingdom,7889984132,,CUSTOMER,HETALLS GLOBAL PRIVATE LIMITED,Individual,Consumer,JUTE DHURRIE-NR-30,2.6 X 4 FT SCALLOPED ,,$67.74,HANDMADE JUTE DHURRIE-NR-30-2.6 X 4 FT SCALLOPED ,57050039,,,,,,,18-May-2026,18-May-2026,
IOSS VAT identification number:  IM4420001405,TOP URGENT,TOP URGENT,RF-12587-1/2,AMAZON,404-1184200-6273917,GABRIELLE,,13-May-2026,,JUTE DHURRIE,3 X 5 FT,No,19-May-2026,DISPATCHED,,18-May-2026,VI-25,Dispatch,,GABRIELLE DROBNY,6 lotissement le clos,quartier Rebenas,isle sur la sorgue,vaucluse,84800,France,681300203,,CUSTOMER,HETALLS GLOBAL PRIVATE LIMITED,Individual,Consumer,JUTE DHURRIE-VI-25,3 X 5 FT,,$56.74,HANDMADE JUTE DHURRIE-VI-25-3 X 5 FT,57050039,,,,,,,18-May-2026,18-May-2026,
IOSS VAT identification number:  IM4420001405,TOP URGENT,TOP URGENT,RF-12587-2/2,AMAZON,404-1184200-6273917,GABRIELLE,,13-May-2026,,JUTE DHURRIE,2 X 3 FT,No,19-May-2026,DISPATCHED,,18-May-2026,VI-25,Dispatch,,GABRIELLE DROBNY,6 lotissement le clos,quartier Rebenas,isle sur la sorgue,vaucluse,84800,France,681300203,,CUSTOMER,HETALLS GLOBAL PRIVATE LIMITED,Individual,Consumer,JUTE DHURRIE-VI-25,2 X 3 FT,,$39.89,HANDMADE JUTE DHURRIE-VI-25-2 X 3 FT,57050039,,,,,,,18-May-2026,18-May-2026,
,TOP URGENT,TOP URGENT,RF-12588,AMAZON,202-6635011-5945914,chris,,13-May-2026,,WOOL JUTE,4 X 6 FT,Yes,27-May-2026,DISPATCHED,,14-May-2026,WJRH-13,Dispatch,,chris Hawkesford,"13
GLEBE CLOSE COTON IN THE ELMS",,SWADLINCOTE,,DE12 8HF,United Kingdom,7969986305,,CUSTOMER,HETALLS GLOBAL PRIVATE LIMITED,Individual,Consumer,WOOL JUTE-WJRH-13,4 X 6 FT,,$118.31,HANDMADE WOOL JUTE-WJRH-13-4 X 6 FT,57050039,,,,IN STOCK,,,,14-May-2026,
,,,RF-12589,WALMART,200014546344860,Katie diMayorca,,13-May-2026,,COTTON DHURRIE,5 X 8 FT,Yes,18-May-2026,DISPATCHED,,19-May-2026,STK-36,Dispatch,,Katie diMayorca,39 Washington Ave,,Ossining,NY,10562,United States,9084475820,ktduggs@gmail.com,CUSTOMER,HETALLS GLOBAL PRIVATE LIMITED,Individual,Consumer,COTTON DHURRIE-STK-36,5 X 8 FT,,$299.00,HANDMADE COTTON DHURRIE-STK-36-5 X 8 FT,57050024,,,,,,,,19-May-2026,
,,SET OF 28,RF-12590,ETSY-RUGSFOREVER,4061699445,Beth Harrington,,13-May-2026,,JUTE DHURRIE,9.5X 38 INCH,No,18-May-2026,DISPATCHED,,19-May-2026,NR-1089,Dispatch,,Beth Harrington,1077 Lakeview Drive,,Cross Junction,VA,22625,United States,7038644552,bethanneharrington@gmail.com,CUSTOMER,HETALLS GLOBAL PRIVATE LIMITED,Individual,Consumer,JUTE DHURRIE-NR-1089,9.5X 38 INCH,,$370.50,HANDMADE JUTE DHURRIE-NR-1089-9.5X 38 INCH,57050039,,,,,,,18-May-2026,19-May-2026,
,,,RF-12591,ETSY-RUGSFOREVER,4062180719,Monica Bodell,,14-May-2026,,CHINDI COTTON-JUTE,2.6 X 8 FT,No,19-May-2026,DISPATCHED,,22-May-2026,NR-72,Dispatch,,Monica Bodell,2704 Pacific Ave,Manhattan,Beach,CA ,90266,United States,,monnicon@aol.com,CUSTOMER,HETALLS GLOBAL PRIVATE LIMITED,Individual,Consumer,CHINDI COTTON-JUTE-NR-72,2.6 X 8 FT,,$192.00,HANDMADE CHINDI COTTON-JUTE-NR-72-2.6 X 8 FT,57050039,,,,,,,19-May-2026,22-May-2026,
,,,RF-12592,ETSY-CASAVANI,4056961938,"
NAZIA AHMED",,14-May-2026,,COTTON DHURRIE,3 X 5 FT,Yes,18-May-2026,DISPATCHED,,16-May-2026,STK-76,Dispatch,,NAZIA AHMED,59 BRIER PARK RD,,BRANTFORD,ON, N3R 3R2,Canada,,demhaaizan@hotmail.com,CUSTOMER,HETALLS GLOBAL PRIVATE LIMITED,Individual,Consumer,COTTON DHURRIE-STK-76,3 X 5 FT,,$99.00,HANDMADE COTTON DHURRIE-STK-76-3 X 5 FT,57050024,,,,,,,,15-May-2026,
,TOP URGENT,TOP URGENT,RF-12593,AMAZON,113-4197186-4545040,Jackson,,14-May-2026,,COTTON DHURRIE,2.6 X 10 FT,Yes,19-May-2026,DISPATCHED,,20-May-2026,HGD-161B,Dispatch,,Jackson Lile,6 JERSEY ST,,BLOOMFIELD,NJ,07003-2619,United States,,,CUSTOMER,HETALLS GLOBAL PRIVATE LIMITED,Individual,Consumer,COTTON DHURRIE-HGD-161B,2.6 X 10 FT,,$135.00,HANDMADE COTTON DHURRIE-HGD-161B-2.6 X 10 FT,57050024,,,,,,,,20-May-2026,
,TOP URGENT,TOP URGENT,RF-12594,AMAZON,250-1434021-5021445,Keryn,,14-May-2026,,JUTE DHURRIE,6 x 6 FT,No,20-May-2026,DISPATCHED,,23-May-2026,NR-123D,Dispatch,,Keryn Armfield,13 SYDNEY PLACE,,ADELAIDE,SA,SA,Australia,400722005,,CUSTOMER,HETALLS GLOBAL PRIVATE LIMITED,Individual,Consumer,JUTE DHURRIE-NR-123D,6 x 6 FT,,$229.62,HANDMADE JUTE DHURRIE-NR-123D-6 x 6 FT,57050039,,,,,,,19-May-2026,22-May-2026,
,,,RF-12595,ETSY-RUGSFOREVER,3973623358,Marie-France SOULOUMIAC,,14-May-2026,,CHINDI COTTON-JUTE,3 X 5 FT,No,20-May-2026,DISPATCHED,,14-May-2026,NR-97R,Dispatch,,Marie-France SOULOUMIAC,33 bd Clémenceau,26170 Buis-les-Baronnies,Buis-les-Baronnies,,26170,France,33614754678,mfsouloumiac@gmail.com,CUSTOMER,HETALLS GLOBAL PRIVATE LIMITED,Individual,Consumer,CHINDI COTTON-JUTE-NR-97R,3 X 5 FT,,$113.75,HANDMADE CHINDI COTTON-JUTE-NR-97R-3 X 5 FT,57050039,,,,IN STOCK,,,,14-May-2026,
,,,RF-12596,ETSY-CASAVANI,4058044120,Francisco Duran,,15-May-2026,,COTTON DHURRIE,18 X 55 Inch,Yes,20-May-2026,DISPATCHED,,20-May-2026,CSM-01-STK-26B,Dispatch,,Francisco Duran,159 17th St,Apt 12,Oakland, CA ,94612,United States,,duran0930@gmail.com,CUSTOMER,HETALLS GLOBAL PRIVATE LIMITED,Individual,Consumer,COTTON DHURRIE-CSM-01-STK-26B,18 X 55 Inch,,$93.00,HANDMADE COTTON DHURRIE-CSM-01-STK-26B-18 X 55 Inch,57050024,,,,,,,,20-May-2026,
,,,RF-12597,ETSY-CASAVANI,4063338889,Elisabeth Quinn,,15-May-2026,,COTTON DHURRIE,2.5 X 8.75 FT,Yes,20-May-2026,DISPATCHED,,20-May-2026,STK-26B,Dispatch,,Elisabeth Quinn,6180 Braeburn Drive,,"Goleta,", CA ,93117,United States,8056807560,laughinglizard217@gmail.com,CUSTOMER,HETALLS GLOBAL PRIVATE LIMITED,Individual,Consumer,COTTON DHURRIE-STK-26B,2.5 X 8.75 FT,,$187.00,HANDMADE COTTON DHURRIE-STK-26B-2.5 X 8.75 FT,57050024,,,,,,,,20-May-2026,
,TOP URGENT,TOP URGENT,RF-12598,AMAZON,112-8693742-6621028,Maggie,,15-May-2026,,COTTON DHURRIE,2 X 6 FT,Yes,20-May-2026,DISPATCHED,,20-May-2026,JHGD-02A,Dispatch,,Maggie,3033 6TH AVE,,FORT WORTH,TX, 76110-3457,United States,1 415-419-8616 ext. 42849,,CUSTOMER,HETALLS GLOBAL PRIVATE LIMITED,Individual,Consumer,COTTON DHURRIE-JHGD-02A,2 X 6 FT,,$59.00,HANDMADE COTTON DHURRIE-JHGD-02A-2 X 6 FT,57050024,,,,,,,,20-May-2026,
,TOP URGENT,TOP URGENT,RF-12599,AMAZON,113-9924123-3414614,Success,,15-May-2026,1,COTTON DHURRIE,3 X 3 FT,Yes,20-May-2026,DISPATCHED,,20-May-2026,HGD-110,Dispatch,,Sedem Akposoe,1415 U ST APT C,,SACRAMENTO,CA,95818-1488,United States,1 314-282-9402 ext. 18592,,CUSTOMER,HETALLS GLOBAL PRIVATE LIMITED,Individual,Consumer,COTTON DHURRIE-HGD-110,3 X 3 FT,1,$60.00,HANDMADE COTTON DHURRIE-HGD-110-3 X 3 FT,57050024,,,,,,,,20-May-2026,
 ,TOP URGENT,TOP URGENT,RF-12600,AMAZON,111-0775746-5807455,	Stella,,15-May-2026,1,COTTON DHURRIE,2.6 X 8 FT,Yes,20-May-2026,DISPATCHED,,20-May-2026,JHGD-02A,Dispatch,,Stella Graham,790 E 100 S,,PLEASANT GROVE,UT,84062-3057,United States,1 415-419-8616 ext. 20559,,CUSTOMER,HETALLS GLOBAL PRIVATE LIMITED,Individual,Consumer,COTTON DHURRIE-JHGD-02A,2.6 X 8 FT,1,$86.40,HANDMADE COTTON DHURRIE-JHGD-02A-2.6 X 8 FT,57050024,,,,,,,,20-May-2026,
,,,RF-12601,ETSY-RUGSFOREVER,4064241483,Jenise Marte,,16-May-2026,1,JUTE DHURRIE,3 X 7 FT ,No,21-May-2026,DISPATCHED,,18-May-2026,NR-129A,Dispatch,,Jenise Marte,16 Pleasant View Road,,LEBANON,NJ ,8833,United States,7328243553,jenisem88@gmail.com,CUSTOMER,HETALLS GLOBAL PRIVATE LIMITED,Individual,Consumer,JUTE DHURRIE-NR-129A,3 X 7 FT ,1,$198.75,HANDMADE JUTE DHURRIE-NR-129A-3 X 7 FT ,57050039,,,,,,,18-May-2026,18-May-2026,
,,,RF-12602,ETSY-CASAVANI,4058927102,Carol Doroshow,,16-May-2026,1,COTTON DHURRIE,2 X 5 FT,No,20-May-2026,DISPATCHED,,21-May-2026,STK-26B,Dispatch,,Carol Doroshow,4287 Crestway Rd,4287 Crestway Rd,Greenbank,WA,98253,United States,,carold@seanet.com,CUSTOMER,HETALLS GLOBAL PRIVATE LIMITED,Individual,Consumer,COTTON DHURRIE-STK-26B,2 X 5 FT,1,$82.22,HANDMADE COTTON DHURRIE-STK-26B-2 X 5 FT,57050024,,,,,,,,20-May-2026,
,,,RF-12603,ETSY-CASAVANI,4064537581,Bélinda Saidi,,16-May-2026,1,COTTON DHURRIE,2.6 X 6 FT,Yes,20-May-2026,DISPATCHED,,21-May-2026,HGD-129,Dispatch,,Bélinda Saidi,8205 Ave du ,"Cirque
232",Montréal ,QC,H1Z 0B5,Canada,4182620014,belindasaidi@icloud.com,CUSTOMER,HETALLS GLOBAL PRIVATE LIMITED,Individual,Consumer,COTTON DHURRIE-HGD-129,2.6 X 6 FT,1,$68.25,HANDMADE COTTON DHURRIE-HGD-129-2.6 X 6 FT,57050024,,,,,,,,21-May-2026,
,TOP URGENT,TOP URGENT,RF-12604,AMAZON,111-4513296-0508238,Agnes,,16-May-2026,1,COTTON DHURRIE,2 X 3 FT,Yes,21-May-2026,DISPATCHED,,21-May-2026,HGD-129,Dispatch,,Agnes Tasca,4168 E Muirfield Ct,,Gilbert,AZ,85298-4104,United States,1 207-835-4259 ext. 49447,,CUSTOMER,HETALLS GLOBAL PRIVATE LIMITED,Individual,Consumer,COTTON DHURRIE-HGD-129,2 X 3 FT,1,$64.00,HANDMADE COTTON DHURRIE-HGD-129-2 X 3 FT,57050024,,,,,,,,21-May-2026,
Cancellation reason: Item(s) Would Not Arrive on Time,TOP URGENT,TOP URGENT,RF-12605,AMAZON,112-4765243-3433035,Zetdi,,16-May-2026,1,WOOL JUTE,3 X 5 FT,Yes,30-May-2026,CANCELLED,CANCELLED,,WJRH-21,Dispatch,,Zetdi Sloan,17617 S HIGHWAY 28,,LA MESA,NM,88044-9389,United States,1 619-854-2705 ext. 88868,,CUSTOMER,HETALLS GLOBAL PRIVATE LIMITED,Individual,Consumer,WOOL JUTE-WJRH-21,3 X 5 FT,1,$99.00,HANDMADE WOOL JUTE-WJRH-21-3 X 5 FT,57050039,,,,IN STOCK,,,,,
,TOP URGENT,TOP URGENT,RF-12606,AMAZON,111-9012360-7033839,Alexandra,,18-May-2026,1,COTTON DHURRIE,2.6 X 4 FT,Yes,23-May-2026,DISPATCHED,,21-May-2026,HGD-161,Dispatch,,Alexandra,2701 ROCKEFELLER AVE APT 322,,EVERETT,WA,98201-3613,United States,1 602-671-6610 ext. 83362,,CUSTOMER,HETALLS GLOBAL PRIVATE LIMITED,Individual,Consumer,COTTON DHURRIE-HGD-161,2.6 X 4 FT,1,$64.00,HANDMADE COTTON DHURRIE-HGD-161-2.6 X 4 FT,57050024,,,,,,,,21-May-2026,
,TOP URGENT,TOP URGENT,RF-12607,AMAZON,113-5434828-4253046,peter ,,18-May-2026,1,COTTON DHURRIE,3 X 10 FT,Yes,23-May-2026,DISPATCHED,,21-May-2026, HP-294,Dispatch,,peter teimori,9000 DORRINGTON AVE,,WEST HOLLYWOOD,CA, 90048-1713,United States,1 602-671-6610 ext. 97734,,CUSTOMER,HETALLS GLOBAL PRIVATE LIMITED,Individual,Consumer,COTTON DHURRIE- HP-294,3 X 10 FT,1,$195.00,HANDMADE COTTON DHURRIE- HP-294-3 X 10 FT,57050024,,,,,,,,21-May-2026,
,TOP URGENT,TOP URGENT,RF-12608-1/3,AMAZON, 114-4537068-9281809,Heidi,,18-May-2026,1,JUTE DHURRIE,2.6 X 8 FT,No,23-May-2026,DISPATCHED,,28-May-2026,VI-67,Dispatch,,Heidi Gentleman Cullen,119 TEMPLE ST,,WEST ROXBURY,MA,02132-3804,United States,1 415-851-9136 ext. 33171,,CUSTOMER,HETALLS GLOBAL PRIVATE LIMITED,Individual,Consumer,JUTE DHURRIE-VI-67,2.6 X 8 FT,1,$127.50,HANDMADE JUTE DHURRIE-VI-67-2.6 X 8 FT,57050039,,,,,,,27-May-2026,28-May-2026,
,TOP URGENT,TOP URGENT,RF-12608-2/3,AMAZON, 114-4537068-9281809,Heidi,,18-May-2026,1,JUTE DHURRIE,2.6 X 4 FT,No,23-May-2026,DISPATCHED,,28-May-2026,VI-67,Dispatch,,Heidi Gentleman Cullen,119 TEMPLE ST,,WEST ROXBURY,MA,02132-3804,United States,1 415-851-9136 ext. 33171,,CUSTOMER,HETALLS GLOBAL PRIVATE LIMITED,Individual,Consumer,JUTE DHURRIE-VI-67,2.6 X 4 FT,1,$72.00,HANDMADE JUTE DHURRIE-VI-67-2.6 X 4 FT,57050039,,,,,,,27-May-2026,28-May-2026,
,TOP URGENT,TOP URGENT,RF-12608-3/3,AMAZON, 114-4537068-9281809,Heidi,,18-May-2026,1,JUTE DHURRIE,4 X 6 FT,No,23-May-2026,DISPATCHED,,28-May-2026,VI-67,Dispatch,,Heidi Gentleman Cullen,119 TEMPLE ST,,WEST ROXBURY,MA,02132-3804,United States,1 415-851-9136 ext. 33171,,CUSTOMER,HETALLS GLOBAL PRIVATE LIMITED,Individual,Consumer,JUTE DHURRIE-VI-67,4 X 6 FT,1,$148.50,HANDMADE JUTE DHURRIE-VI-67-4 X 6 FT,57050039,,,,,,,27-May-2026,28-May-2026,
" IOSS number, IM3720000224",,,RF-12609,ETSY-CASAVANI,4059474930,Ian Murray,,18-May-2026,1,COTTON DHURRIE,2 X 6 FT,No,21-May-2026,DISPATCHED,,21-May-2026,STK-26B,Dispatch,,Ian Murray,3 Rathmore Park,Raheny,Dublin,Dublin,D05 EE33,Ireland,353876626030,murraymurs@gmail.com,CUSTOMER,HETALLS GLOBAL PRIVATE LIMITED,Individual,Consumer,COTTON DHURRIE-STK-26B,2 X 6 FT,1,$67.96,HANDMADE COTTON DHURRIE-STK-26B-2 X 6 FT,57050024,,,,,,,,21-May-2026,
,,"Buyer cancellation
Cancellation reason: Found Cheaper Somewhere Else
	",RF-12610,AMAZON,113-5379725-6664251,Morgan,,18-May-2026,1,COTTON DHURRIE,2.6 X 10 FT,Yes,23-May-2026,CANCELLED,CANCELLED,,JHGD-12A,Dispatch,,Morgan Volmer,4101 E LOUISIANA AVE APT 500,,DENVER,CO,80246-3471,United States,1 415-851-9136 ext. 70962,,CUSTOMER,HETALLS GLOBAL PRIVATE LIMITED,Individual,Consumer,COTTON DHURRIE-JHGD-12A,2.6 X 10 FT,1,$135.00,HANDMADE COTTON DHURRIE-JHGD-12A-2.6 X 10 FT,57050024,,,,,,,,,
,TOP URGENT,TOP URGENT,RF-12611,AMAZON,113-2368633-8709860,Linda,,18-May-2026,1,WOOL JUTE,3 X 5 FT,Yes,1-Jun-2026,DISPATCHED,,20-May-2026,WJRH-21,Dispatch,,Linda N King,80 LINCOLN ST,,NORTH KINGSTOWN,RI,02852-1220,United States,1 210-728-4548 ext. 11548,,CUSTOMER,HETALLS GLOBAL PRIVATE LIMITED,Individual,Consumer,WOOL JUTE-WJRH-21,3 X 5 FT,1,$99.00,HANDMADE WOOL JUTE-WJRH-21-3 X 5 FT,57050039,,,,,,,22-May-2026,20-May-2026,
,,,RF-12612,ETSY-RUGSFOREVER,4064810437,Jennifer Finney,,18-May-2026,1,CHINDI COTTON-JUTE,4 X 4 FT,No,21-May-2026,DISPATCHED,,22-May-2026,NR-122,Dispatch,,Jennifer Finney,139,Fieldside Road,Lindsay,Ontario,K9V 4R5,Canada,(705) 344-6566,jennifer.s.finney@gmail.com,CUSTOMER,HETALLS GLOBAL PRIVATE LIMITED,Individual,Consumer,CHINDI COTTON-JUTE-NR-122,4 X 4 FT,1,$82.55,HANDMADE CHINDI COTTON-JUTE-NR-122-4 X 4 FT,57050039,,,,,,,19-May-2026,22-May-2026,
"IOSS number, IM3720000224",,,RF-12613,ETSY-RUGSFOREVER,4059504516,Eloïse,,18-May-2026,1,JUTE DHURRIE,2.6 X 6 FT,No,22-May-2026,DISPATCHED,,22-May-2026,VI-71,Dispatch,,Eloïse,7, rue de la nécropole antique,La comminiere,VAL DE REUIL,27100,France,,eloisedauvergne@hotmail.fr,CUSTOMER,HETALLS GLOBAL PRIVATE LIMITED,Individual,Consumer,JUTE DHURRIE-VI-71,2.6 X 6 FT,1,$94.38,HANDMADE JUTE DHURRIE-VI-71-2.6 X 6 FT,57050039,,,,,,,19-May-2026,22-May-2026,
,,Set of 14,RF-12614,ETSY-RUGSFOREVER,4059873636,"	
Melina",,18-May-2026,1,JUTE DHURRIE,8 X 28 Inch,No,22-May-2026,DISPATCHED,,2-Jun-2026,NR-1100,Dispatch,,"	
Melina",Maubacher Str. 46,,,Kreuzau,52372,Germany,,meltony@gmx.de,CUSTOMER,HETALLS GLOBAL PRIVATE LIMITED,Individual,Consumer,JUTE DHURRIE-NR-1100,8 X 28 Inch,1,$174.04,HANDMADE JUTE DHURRIE-NR-1100-8 X 28 Inch,57050039,,,,,,,1-Jun-2026,2-Jun-2026,
,TOP URGENT,TOP URGENT,RF-12615-1/2,AMAZON,112-9052634-5994636,	Franciscan,,18-May-2026,1,WOOL JUTE,3 X 5 FT,Yes,1-Jun-2026,DISPATCHED,,12-Jun-2026,WJRH-13,Dispatch,,Dennis M Wilson,PROVINCE OF OUR LADY OF GUADALUPE,129 W 31ST ST 2ND FL,NEW YORK,NY,10001-3403,United States,1 480-618-5344 ext. 02169,,CUSTOMER,HETALLS GLOBAL PRIVATE LIMITED,Individual,Consumer,WOOL JUTE-WJRH-13,3 X 5 FT,1,$126.75,HANDMADE WOOL JUTE-WJRH-13-3 X 5 FT,57050039,,,,IN STOCK,,,,12-Jun-2026,
,TOP URGENT,TOP URGENT,RF-12615-2/2,AMAZON,112-9052634-5994636,	Franciscan,,18-May-2026,1,WOOL JUTE,4 X 8 FT,Yes,1-Jun-2026,DISPATCHED,,12-Jun-2026,WJRH-21,Dispatch,,Dennis M Wilson,PROVINCE OF OUR LADY OF GUADALUPE,129 W 31ST ST 2ND FL,NEW YORK,NY,10001-3403,United States,1 480-618-5344 ext. 02169,,CUSTOMER,HETALLS GLOBAL PRIVATE LIMITED,Individual,Consumer,WOOL JUTE-WJRH-21,4 X 8 FT,1,$157.50,HANDMADE WOOL JUTE-WJRH-21-4 X 8 FT,57050039,,,,,,,11-Jun-2026,12-Jun-2026,
,TOP URGENT,TOP URGENT,RF-12616,AMAZON,026-3642943-3245105,Mrs,,18-May-2026,1,WOOL JUTE,5 X 7 FT,Yes,1-Jun-2026,DISPATCHED,,27-May-2026,WJRH-13,Dispatch,,Francesca Nelson,OYSTER CATCHER COTTAGE,29 ST THOMAS ROAD,ROCHFORD,,SS4 3LZ,United Kingdom,7557659860,,CUSTOMER,HETALLS GLOBAL PRIVATE LIMITED,Individual,Consumer,WOOL JUTE-WJRH-13,5 X 7 FT,1,$241.12,HANDMADE WOOL JUTE-WJRH-13-5 X 7 FT,57050039,,,,,,,25-May-2026,27-May-2026,
,,,RF-12617,WALMART,200014631800328,Shelbi Clemmons,,18-May-2026,1,COTTON DHURRIE,4 X 7 FT,Yes,23-May-2026,DISPATCHED,,22-May-2026,STK-93,Dispatch,,"Shelbi Clemmons","4682, Lucerne Lk Blvd E",Apt 102,Lake Worth,FL,33467,United States,561 906-7062,,CUSTOMER,HETALLS GLOBAL PRIVATE LIMITED,Individual,Consumer,COTTON DHURRIE-STK-93,4 X 7 FT,1,$124.61,HANDMADE COTTON DHURRIE-STK-93-4 X 7 FT,57050024,,,,,,,,21-May-2026,
,,,RF-12618-1/3,ETSY-CASAVANI,4066741691,Emma Bay-Hansen,,19-May-2026,1,COTTON DHURRIE,9 X 10 FT,No,22-May-2026,DISPATCHED,,25-May-2026,HGD-161A,Dispatch,,Emma Bay-Hansen,25 kent street,Montpelier,Montpelier,VT,5602,United States,8022492330,emmawinthrop@yahoo.com,CUSTOMER,HETALLS GLOBAL PRIVATE LIMITED,Individual,Consumer,COTTON DHURRIE-HGD-161A,9 X 10 FT,1,$460.00,HANDMADE COTTON DHURRIE-HGD-161A-9 X 10 FT,57050024,,,,,,,,25-May-2026,
,,,RF-12618-2/3,ETSY-CASAVANI,4066741691,Emma Bay-Hansen,,19-May-2026,1,COTTON DHURRIE,3 X 7 FT ,No,22-May-2026,DISPATCHED,,25-May-2026,STK-26B,Dispatch,,Emma Bay-Hansen,25 kent street,Montpelier,Montpelier,VT,5602,United States,8022492330,emmawinthrop@yahoo.com,CUSTOMER,HETALLS GLOBAL PRIVATE LIMITED,Individual,Consumer,COTTON DHURRIE-STK-26B,3 X 7 FT ,1,$160.52,HANDMADE COTTON DHURRIE-STK-26B-3 X 7 FT ,57050024,,,,,,,,25-May-2026,
,,,RF-12618-3/3,ETSY-CASAVANI,4066741691,Emma Bay-Hansen,,19-May-2026,1,COTTON DHURRIE,5 X 6 FT ,No,22-May-2026,DISPATCHED,,25-May-2026,STK-13F,Dispatch,,Emma Bay-Hansen,25 kent street,Montpelier,Montpelier,VT,5602,United States,8022492330,emmawinthrop@yahoo.com,CUSTOMER,HETALLS GLOBAL PRIVATE LIMITED,Individual,Consumer,COTTON DHURRIE-STK-13F,5 X 6 FT ,1,$153.60,HANDMADE COTTON DHURRIE-STK-13F-5 X 6 FT ,57050024,,,,,,,,25-May-2026,
,,,RF-12619,ETSY-CASAVANI,4066451583,Laura Lum,,19-May-2026,1,COTTON DHURRIE,3 X 12 FT,No,22-May-2026,DISPATCHED,,22-May-2026,HP-259A,Dispatch,,Laura Lum,4 Welch Street,,North Manly ,NSW,2100,Australia,283978190,lhoglum@gmail.com,CUSTOMER,HETALLS GLOBAL PRIVATE LIMITED,Individual,Consumer,COTTON DHURRIE-HP-259A,3 X 12 FT,1,$152.10,HANDMADE COTTON DHURRIE-HP-259A-3 X 12 FT,57050024,,,,,,,,22-May-2026,
,,,RF-12620,ETSY-CASAVANI,4061053748,Teddie DeZarn,,19-May-2026,1,COTTON DHURRIE,2 X 26 FT ,No,22-May-2026,DISPATCHED,,22-May-2026,CUS-HP-259A,Dispatch,,Teddie DeZarn,16287 Jada Way,,"Oregon City,",OR, 97045-8205,United States,971 2633580,teddie.garland@gmail.com,CUSTOMER,HETALLS GLOBAL PRIVATE LIMITED,Individual,Consumer,COTTON DHURRIE-CUS-HP-259A,2 X 26 FT ,1,$252.20,HANDMADE COTTON DHURRIE-CUS-HP-259A-2 X 26 FT ,57050024,,,,,,,,22-May-2026,
IOSS VAT identification number:  IM4420001405,TOP URGENT,TOP URGENT,RF-12621,AMAZON,306-8543508-4534758,Armand,,19-May-2026,1,WOOL JUTE,4 X 6 FT,Yes,2-Jun-2026,DISPATCHED,,29-May-2026,WJRH-13,Dispatch,,Armand Lepage,Friedhofstrasse 1,,Waldfischbach-burgalben,,67714,Germany,1708569094,,CUSTOMER,HETALLS GLOBAL PRIVATE LIMITED,Individual,Consumer,WOOL JUTE-WJRH-13,4 X 6 FT,1,$146.73,HANDMADE WOOL JUTE-WJRH-13-4 X 6 FT,57050039,,,,IN STOCK,,,,29-May-2026,
,,,RF-12622,ETSY-CASAVANI,4061715086,Jette Mai,,19-May-2026,1,COTTON DHURRIE,3 X 12 FT,Yes,23-May-2026,DISPATCHED,,23-May-2026,HP-259,Dispatch,,Jette Mai,Leipziger Str. 33,,Leipziger Str. 33,Schöneiche,15566,Germany,49 173 9294669,jettearbeit@gmx.de,CUSTOMER,HETALLS GLOBAL PRIVATE LIMITED,Individual,Consumer,COTTON DHURRIE-HP-259,3 X 12 FT,1,$152.10,HANDMADE COTTON DHURRIE-HP-259-3 X 12 FT,57050024,,,,,,,,23-May-2026,
,,,RF-12623,ETSY-CASAVANI,4061916534,Kathrine Allen,,20-May-2026,1,COTTON DHURRIE,2 X 6 FT,Yes,23-May-2026,DISPATCHED,,23-May-2026,STK-26B,Dispatch,,Kathrine Allen,35 Brockman Drive,Apt D,Charleston,SC ,29412,United States,7708468813,allen.kathrine@gmail.com,CUSTOMER,HETALLS GLOBAL PRIVATE LIMITED,Individual,Consumer,COTTON DHURRIE-STK-26B,2 X 6 FT,1,$62.40,HANDMADE COTTON DHURRIE-STK-26B-2 X 6 FT,57050024,,,,,,,,23-May-2026,
,TOP URGENT,TOP URGENT,RF-12624,AMAZON, 114-8809806-1607406,Brett,,20-May-2026,1,JUTE DHURRIE,12 X 12-Scalloped,No,26-May-2026,DISPATCHED,,26-May-2026,VI-24B,Dispatch,,Brett Willis,1160 Coventry Dr,,THOUSAND OAKS, CA,91360,United States,1 415-419-8616 ext. 22451,,CUSTOMER,HETALLS GLOBAL PRIVATE LIMITED,Individual,Consumer,JUTE DHURRIE-VI-24B,12 X 12-Scalloped,1,$748.00,HANDMADE JUTE DHURRIE-VI-24B-12 X 12-Scalloped,57050039,,,,,,,25-May-2026,26-May-2026,
,TOP URGENT,TOP URGENT,RF-12625-1/2,AMAZON,205-6933844-5671536,William,,20-May-2026,1,JUTE DHURRIE,2 X 3 FT,No,26-May-2026,DISPATCHED,,27-May-2026,VI-51B,Dispatch,,William Buckhurst,THATCHERS,WITHYHAM,HARTFIELD,East Sussex,TN7 4BB,United Kingdom,7775946678,,CUSTOMER,HETALLS GLOBAL PRIVATE LIMITED,Individual,Consumer,JUTE DHURRIE-VI-51B,2 X 3 FT,1,$43.93,HANDMADE JUTE DHURRIE-VI-51B-2 X 3 FT,57050039,,,,,,,27-May-2026,27-May-2026,
,TOP URGENT,TOP URGENT,RF-12625-2/2,AMAZON,205-6933844-5671536,William,,20-May-2026,2,JUTE DHURRIE,2 X 3 FT,No,26-May-2026,DISPATCHED,,27-May-2026,VI-49A,Dispatch,,William Buckhurst,THATCHERS,WITHYHAM,HARTFIELD,East Sussex,TN7 4BB,United Kingdom,7775946678,,CUSTOMER,HETALLS GLOBAL PRIVATE LIMITED,Individual,Consumer,JUTE DHURRIE-VI-49A,2 X 3 FT,2,$139.30,HANDMADE JUTE DHURRIE-VI-49A-2 X 3 FT,57050039,,,,,,,27-May-2026,27-May-2026,
,,"Please write Etsy’s UK VAT number, 370 6004 28, on your",RF-12626,ETSY-RUGSFOREVER,4062821566,Stuart Ewing,,21-May-2026,1,CHINDI-COTTON,5 X 7 FT,No,25-May-2026,DISPATCHED,,1-Jun-2026,NR-157,Dispatch,,"Eversleigh Cottage,","9 Fore Street,",Bishopsteignton,Nr Teignmouth,Devon,TQ14 9QR,United Kingdom,07481 559939,salesotm-memorabilia@hotmail.co.uk,CUSTOMER,HETALLS GLOBAL PRIVATE LIMITED,Individual,Consumer,CHINDI-COTTON-NR-157,5 X 7 FT,1,$171.60,HANDMADE CHINDI-COTTON-NR-157-5 X 7 FT,57050024,,,,,,,30-May-2026,1-Jun-2026,
,," UK VAT number, 370 6004 28",RF-12627,ETSY-CASAVANI,4062725070,"
Stacey Newmark",,20-May-2026,1,COTTON DHURRIE,2.6 X 3 FT ,No,25-May-2026,DISPATCHED,,26-May-2026,HP-263,Dispatch,,Stacey Newmark,139 Farnham Road,,"Guildford, ",Surrey,GU2 7RL,United Kingdom,,stacey.newmark@gmail.com,CUSTOMER,HETALLS GLOBAL PRIVATE LIMITED,Individual,Consumer,COTTON DHURRIE-HP-263,2.6 X 3 FT ,1,$50.70,HANDMADE COTTON DHURRIE-HP-263-2.6 X 3 FT ,57050024,,,,,,,,26-May-2026,
,,,RF-12628,ETSY-CASAVANI,4068955259,Philippa Fox,,21-May-2026,1,COTTON DHURRIE,2.6 X 12 FT,No,25-May-2026,HOLD,HOLD,,STK-26B,Dispatch,,Philippa Fox,"2 Grange Walk, Grangeways","Patcham,","Brighton,", E Sussex,BN1 8BL,United Kingdom,44 7947 648042,pcfox.hk@gmail.com,CUSTOMER,HETALLS GLOBAL PRIVATE LIMITED,Individual,Consumer,COTTON DHURRIE-STK-26B,2.6 X 12 FT,1,$225.00,HANDMADE COTTON DHURRIE-STK-26B-2.6 X 12 FT,57050024,,,,,,,,,
,TOP URGENT,TOP URGENT,RF-12629,AMAZON,112-7536905-0016235,Anne,,21-May-2026,1,COTTON DHURRIE,2.6 X 10 FT,No,26-May-2026,DISPATCHED,,26-May-2026,STK-26O,Dispatch,,Anne Heck,800 KENWOOD TRL,,LUCAS,TX,75002-6238,United States,1 314-282-9402 ext. 46435,,CUSTOMER,HETALLS GLOBAL PRIVATE LIMITED,Individual,Consumer,COTTON DHURRIE-STK-26O,2.6 X 10 FT,1,$169.00,HANDMADE COTTON DHURRIE-STK-26O-2.6 X 10 FT,57050024,,,,,,,,26-May-2026,
 ,TOP URGENT,TOP URGENT,RF-12630,AMAZON,113-6309392-8977031,Mary,,21-May-2026,1,CHINDI COTTON-JUTE,8.5 x 28 INCH,No,27-May-2026,DISPATCHED,,6-Jun-2026,NR-1077,Dispatch,,Mary Claire Zanti,329 OLIVER ST,,"NORTH TONAWANDA,",NY ,14120-7227,United States,1 763-225-9463 ext. 77096,,CUSTOMER,HETALLS GLOBAL PRIVATE LIMITED,Individual,Consumer,CHINDI COTTON-JUTE-NR-1077,8.5 x 28 INCH,1,$189.00,HANDMADE CHINDI COTTON-JUTE-NR-1077-8.5 x 28 INCH,57050039,,,,,,,4-Jun-2026,5-Jun-2026,
,TOP URGENT,TOP URGENT,RF-12631,AMAZON, 114-5625190-2400218,"
Hilliary",,21-May-2026,1,COTTON DHURRIE,6 X 9 FT,No,26-May-2026,DISPATCHED,,26-May-2026,STK-26O,Dispatch,,Hilliary Edwards,131 NATURES WAY,,GUNTERSVILLE,AL,35976-4813,United States,1 619-854-2705 ext. 65556,,CUSTOMER,HETALLS GLOBAL PRIVATE LIMITED,Individual,Consumer,COTTON DHURRIE-STK-26O,6 X 9 FT,1,$350.00,HANDMADE COTTON DHURRIE-STK-26O-6 X 9 FT,57050024,,,,,,,,26-May-2026,
,TOP URGENT,TOP URGENT,RF-12632,AMAZON,111-4950432-3643413,"
Hellen",,21-May-2026,1,COTTON DHURRIE,8 X 8 FT,Yes,26-May-2026,DISPATCHED,,27-May-2026,HP-75B,Dispatch,,Hellen Alvarez,815 MARYLAND AVE NE APT 307,,WASHINGTON,DC ,20002-5385,United States,1 207-835-4259 ext. 89822,,CUSTOMER,HETALLS GLOBAL PRIVATE LIMITED,Individual,Consumer,COTTON DHURRIE-HP-75B,8 X 8 FT,1,$210.00,HANDMADE COTTON DHURRIE-HP-75B-8 X 8 FT,57050024,,,,,,,,27-May-2026,
,,,RF-12633,WALMART,200014808152880,Lorraine Thompson,,21-May-2026,1,COTTON DHURRIE,2.6 X 4 FT,No,26-May-2026,DISPATCHED,,27-May-2026,STK-26P,Dispatch,,Lorraine Thompson,7144 Shannon,,Fort Myers,FL,33908,United States,239 7712689,ilthompson555@yahoo.com,CUSTOMER,HETALLS GLOBAL PRIVATE LIMITED,Individual,Consumer,COTTON DHURRIE-STK-26P,2.6 X 4 FT,1,$92.00,HANDMADE COTTON DHURRIE-STK-26P-2.6 X 4 FT,57050024,,,,,,,,27-May-2026,
,TOP URGENT,TOP URGENT,RF-12634,AMAZON,112-1396648-5505014,Lauren,,22-May-2026,1,COTTON DHURRIE,4 X 6 FT,Yes,27-May-2026,DISPATCHED,,27-May-2026, JHGD-02A,Dispatch,,Lauren Grossmann,4114 MORIN ST,,ALEXANDRIA,VA ,22312-1053,United States,1 929-436-4790 ext. 59980,,CUSTOMER,HETALLS GLOBAL PRIVATE LIMITED,Individual,Consumer,COTTON DHURRIE- JHGD-02A,4 X 6 FT,1,$124.00,HANDMADE COTTON DHURRIE- JHGD-02A-4 X 6 FT,57050024,,,,,,,,27-May-2026,
,TOP URGENT,TOP URGENT,RF-12635,AMAZON,113-3597800-7702649,Fabiola,,22-May-2026,1,JUTE DHURRIE,4 X 6 FT,No,28-May-2026,DISPATCHED,,2-Jun-2026,NR-99J,Dispatch,,Fabiola L. Velasquez,The River Condominium-110 Charoen Nakhon Road,"Tower A- #4003, Khlong San, Khlong Ton Sai District",Bangkok,,10600,Thailand,66630424247,,CUSTOMER,HETALLS GLOBAL PRIVATE LIMITED,Individual,Consumer,JUTE DHURRIE-NR-99J,4 X 6 FT,1,$232.00,HANDMADE JUTE DHURRIE-NR-99J-4 X 6 FT,57050039,,,,,,,1-Jun-2026,2-Jun-2026,
,TOP URGENT,TOP URGENT,RF-12636,AMAZON,111-9366262-5320265,Fauzia,,22-May-2026,1,COTTON DHURRIE,3 X 5 FT,Yes,27-May-2026,DISPATCHED,,27-May-2026,HP-271,Dispatch,,Fauzia usmani,463 W CUPERTINO CT,,MOUNTAIN HOUSE,CA,95391-1213,United States,1 929-436-4790 ext. 22104,,CUSTOMER,HETALLS GLOBAL PRIVATE LIMITED,Individual,Consumer,COTTON DHURRIE-HP-271,3 X 5 FT,1,$99.00,HANDMADE COTTON DHURRIE-HP-271-3 X 5 FT,57050024,,,,,,,,27-May-2026,
Buyer National Id: AMX230116HQA,TOP URGENT,TOP URGENT,RF-12637,AMAZON,701-9601425-4590618,	thomas,,22-May-2026,1,COTTON DHURRIE,6 X 9 FT,Yes,27-May-2026,CANCELLED,CANCELLED,,EMD-30,Dispatch,,Jungle Luxe Rachel ,HugenschmidtPONAMASTE,Calle Itzamna MZ 26 L57 Local 3 Zona Commercial Aldea Zama TULUM CENTRO,TULUM,QUINTANA ROO,77760,Mexico,2224840903,,CUSTOMER,HETALLS GLOBAL PRIVATE LIMITED,Individual,Consumer,COTTON DHURRIE-EMD-30,6 X 9 FT,1,$496.02,HANDMADE COTTON DHURRIE-EMD-30-6 X 9 FT,57050024,,,,,,,,,
,TOP URGENT,TOP URGENT,RF-12638,AMAZON,111-9376145-4465032,      Chad,,22-May-2026,1,COTTON DHURRIE,3 X 5 FT,Yes,27-May-2026,DISPATCHED,,28-May-2026,HGD-161B,Dispatch,,Cambria McCammon,44021 SILVERWOOD LN,,CALIFORNIA,MD, 20619-2156,United States,1 314-282-9402 ext. 25443,,CUSTOMER,HETALLS GLOBAL PRIVATE LIMITED,Individual,Consumer,COTTON DHURRIE-HGD-161B,3 X 5 FT,1,$79.00,HANDMADE COTTON DHURRIE-HGD-161B-3 X 5 FT,57050024,,,,,,,,28-May-2026,
,TOP URGENT,TOP URGENT,RF-12639,AMAZON,114-8168759-6332261,       Kim,,22-May-2026,1,JUTE DHURRIE,5 X 5 FT,No,28-May-2026,DISPATCHED,,27-May-2026,NR-108,Dispatch,,Kimberly Kodama,2814 W 166TH ST,,TORRANCE,CA,90504-1817,United States,1 763-225-9463 ext. 88012,,CUSTOMER,HETALLS GLOBAL PRIVATE LIMITED,Individual,Consumer,JUTE DHURRIE-NR-108,5 X 5 FT,1,$128.00,HANDMADE JUTE DHURRIE-NR-108-5 X 5 FT,57050039,,,,,,,27-May-2026,27-May-2026,
,,"OSS number, IM3720000224,",RF-12640,ETSY-CASAVANI,4064473688,Edith Ulrike Blum,,22-May-2026,1,COTTON DHURRIE,2.6 X 8 FT,No,26-May-2026,DISPATCHED,,28-May-2026,HP-118,Dispatch,,Edith Ulrike Blum,Gartenweg 20,,Eitorf-Mühleip,Eitorf-Mühleip,53783,Germany,491777079029,u@blumsdesign.com,CUSTOMER,HETALLS GLOBAL PRIVATE LIMITED,Individual,Consumer,COTTON DHURRIE-HP-118,2.6 X 8 FT,1,$120.00,HANDMADE COTTON DHURRIE-HP-118-2.6 X 8 FT,57050024,,,,,,,,28-May-2026,
,,SET OF 10-Pieces,RF-12641,ETSY-RUGSFOREVER,4070558559,"Sawyer, Lacey",,23-May-2026,1,JUTE DHURRIE,8 X 28 Inch,No,27-May-2026,DISPATCHED,,2-Jun-2026,NR-1089,Dispatch,,"Sawyer, Lacey",19 Jameson Rd,Presque,"Isle,",ME,4769,United States,,laceylyn@gmail.com,CUSTOMER,HETALLS GLOBAL PRIVATE LIMITED,Individual,Consumer,JUTE DHURRIE-NR-1089,8 X 28 Inch,1,$96.85,HANDMADE JUTE DHURRIE-NR-1089-8 X 28 Inch,57050039,,,,,,,1-Jun-2026,2-Jun-2026,
,,SET OF 10-Pieces,RF-12642,ETSY-RUGSFOREVER,4064643624,Caitlin Rosenthal,,23-May-2026,1,CHINDI-COTTON,9 X 29 Inch,No,27-May-2026,DISPATCHED,,2-Jun-2026,NR-33-Rec-A,Dispatch,,Caitlin Rosenthal,9646 Fieldcrest,,"Dallas, ",TX,75238,United States,,caitlinhrosenthal@gmail.com,CUSTOMER,HETALLS GLOBAL PRIVATE LIMITED,Individual,Consumer,CHINDI-COTTON-NR-33-Rec-A,9 X 29 Inch,1,$129.35,HANDMADE CHINDI-COTTON-NR-33-Rec-A-9 X 29 Inch,57050024,,,,,,,1-Jun-2026,2-Jun-2026,
,TOP URGENT,TOP URGENT,RF-12643,AMAZON,114-2694866-8717022,nazarita,,23-May-2026,1,COTTON DHURRIE,3 X 5 FT,Yes,28-May-2026,DISPATCHED,,29-May-2026,HP-60,Dispatch,,nazarita goldhammer,235 S IDAHO ST,,DILLON,MT,59725-2529,United States,1 763-225-9463 ext. 67638,,CUSTOMER,HETALLS GLOBAL PRIVATE LIMITED,Individual,Consumer,COTTON DHURRIE-HP-60,3 X 5 FT,1,$99.00,HANDMADE COTTON DHURRIE-HP-60-3 X 5 FT,57050024,,,,,,,,29-May-2026,
,TOP URGENT,TOP URGENT,RF-12644,AMAZON,702-3284253-7897055,Amy,,23-May-2026,1,JUTE DHURRIE,4 X 6 FT,No,29-May-2026,DISPATCHED,,2-Jun-2026,NR-185D,Dispatch,,Amy Nolen,65 Badgerow Ave,,Toronto,Ontario,M4M 1V5,Canada,16475250523,,CUSTOMER,HETALLS GLOBAL PRIVATE LIMITED,Individual,Consumer,JUTE DHURRIE-NR-185D,4 X 6 FT,1,$142.38,HANDMADE JUTE DHURRIE-NR-185D-4 X 6 FT,57050039,,,,,,,1-Jun-2026,2-Jun-2026,
,TOP URGENT,TOP URGENT,RF-12645,AMAZON,113-8676619-2652258,Will,,23-May-2026,1,COTTON DHURRIE,2 X 20 FT,No,28-May-2026,DISPATCHED,,28-May-2026,HP-259,Dispatch,,Will Hazelden,29 Sheridan Road,,Frimley,Surrey,GU167DU,United Kingdom,7982657486,,CUSTOMER,HETALLS GLOBAL PRIVATE LIMITED,Individual,Consumer,COTTON DHURRIE-HP-259,2 X 20 FT,1,$251.00,HANDMADE COTTON DHURRIE-HP-259-2 X 20 FT,57050024,,,,,,,,28-May-2026,
,TOP URGENT,TOP URGENT,RF-12646,AMAZON,112-3852546-1475449,"
Melody",,23-May-2026,1,COTTON DHURRIE,2.6 X 10 FT,No,28-May-2026,DISPATCHED,,28-May-2026,HP-85B,Dispatch,,Melody Falcone,1310 ESPLANADE APT 204S,,REDONDO BEACH,CA ,90277-5039,United States,1 210-728-4548 ext. 43142,,CUSTOMER,HETALLS GLOBAL PRIVATE LIMITED,Individual,Consumer,COTTON DHURRIE-HP-85B,2.6 X 10 FT,1,$135.00,HANDMADE COTTON DHURRIE-HP-85B-2.6 X 10 FT,57050024,,,,,,,,28-May-2026,
,,,RF-12647,ETSY-CASAVANI,4066975806,Ellery Foster,,25-May-2026,1,COTTON DHURRIE,8 X 8 FT,Yes,30-May-2026,DISPATCHED,,29-May-2026,STK-26B,Dispatch,,Ellery Foster,14475 Sundance Dr,,14475 Sundance Dr," Dr
Reno",NV 89511,United States,858-444-7649,elleryfoster@icloud.com,CUSTOMER,HETALLS GLOBAL PRIVATE LIMITED,Individual,Consumer,COTTON DHURRIE-STK-26B,8 X 8 FT,1,$304.85,HANDMADE COTTON DHURRIE-STK-26B-8 X 8 FT,57050024,,,,,,,,29-May-2026,
,,,RF-12648,ETSY-CASAVANI,4072295677,Olivia Peltier,,25-May-2026,1,COTTON DHURRIE,2.5 X 6.5 FT,Yes,30-May-2026,DISPATCHED,,29-May-2026,STK-26B,Dispatch,,Olivia Peltier,1610 Chesterfield,"Avenue
103",North Vancouver ,BC,V7M 2N7,Canada,(209) 360-3459,oliviapeltierxc@gmail.com,CUSTOMER,HETALLS GLOBAL PRIVATE LIMITED,Individual,Consumer,COTTON DHURRIE-STK-26B,2.5 X 6.5 FT,1,$71.50,HANDMADE COTTON DHURRIE-STK-26B-2.5 X 6.5 FT,57050024,,,,,,,,29-May-2026,
,,SET OF 15-Pieces,RF-12649,ETSY-RUGSFOREVER,4066008286,Cassandra Mitchell,,25-May-2026,1,CHINDI-COTTON,8 X 28 Inch,No,30-May-2026,DISPATCHED,,2-Jun-2026,NR-33-Oval,Dispatch,,Cassandra Mitchell,338 Lafayette Ave,Apt 1,Brooklyn, NY,11238,United States,,cassie.a.mitchell@gmail.com,CUSTOMER,HETALLS GLOBAL PRIVATE LIMITED,Individual,Consumer,CHINDI-COTTON-NR-33-Oval,8 X 28 Inch,1,$159.25,HANDMADE CHINDI-COTTON-NR-33-Oval-8 X 28 Inch,57050024,,,,,,,1-Jun-2026,2-Jun-2026,
,TOP URGENT,TOP URGENT,RF-12650,AMAZON,112-7595334-3659436,Sandra,,25-May-2026,1,JUTE DHURRIE,3 X 3 FT,No,30-May-2026,DISPATCHED,,30-May-2026,VI-24B,Dispatch,,Sandra Y Adams,421 Station Ave,,Haddonfield,NJ,8033,United States,1 763-225-9463 ext. 15688,,CUSTOMER,HETALLS GLOBAL PRIVATE LIMITED,Individual,Consumer,JUTE DHURRIE-VI-24B,3 X 3 FT,1,$60.00,HANDMADE JUTE DHURRIE-VI-24B-3 X 3 FT,57050039,,,,,,,30-May-2026,30-May-2026,
,TOP URGENT,TOP URGENT,RF-12651,AMAZON,113-5957067-1416267,Anubhav,,25-May-2026,1,COTTON DHURRIE,4 X 6 FT,Yes,30-May-2026,DISPATCHED,,30-May-2026,HGD-161,Dispatch,,Anubhav P. Singh,1987 RELIEZ VALLEY RD,,LAFAYETTE,CA ,94549-1801,United States,1 314-282-9402 ext. 68009,,CUSTOMER,HETALLS GLOBAL PRIVATE LIMITED,Individual,Consumer,COTTON DHURRIE-HGD-161,4 X 6 FT,1,$124.00,HANDMADE COTTON DHURRIE-HGD-161-4 X 6 FT,57050024,,,,,,,,30-May-2026,
,TOP URGENT,TOP URGENT,RF-12652,AMAZON,702-3105468-4974656,Laure,,25-May-2026,1,JUTE DHURRIE,5 X 7 FT,No,30-May-2026,DISPATCHED,,1-Jun-2026,VI-88E,Dispatch,,Laure A Nation,21 Erie Street,Unit 119,Victoria,British Columbia,V8V 5A8,Canada,2508580266,,CUSTOMER,HETALLS GLOBAL PRIVATE LIMITED,Individual,Consumer,JUTE DHURRIE-VI-88E,5 X 7 FT,1,$253.51,HANDMADE JUTE DHURRIE-VI-88E-5 X 7 FT,57050039,,,,,,,30-May-2026,1-Jun-2026,
,TOP URGENT,TOP URGENT,RF-12653,AMAZON, 111-3629074-4800236,	Angelic,,25-May-2026,1,CHINDI COTTON-JUTE,4 X 4 FT,No,1-Jun-2026,DISPATCHED,,1-Jun-2026,NR-50A,Dispatch,,Andrene Watson,360 GRANT ST,,SALEM,NJ,08079-2108,United States,1 480-618-5344 ext. 77956,,CUSTOMER,HETALLS GLOBAL PRIVATE LIMITED,Individual,Consumer,CHINDI COTTON-JUTE-NR-50A,4 X 4 FT,1,$88.00,HANDMADE CHINDI COTTON-JUTE-NR-50A-4 X 4 FT,57050039,,,,neha canecl and new party send order 26-5-26,,,30-May-2026,1-Jun-2026,
,TOP URGENT,TOP URGENT,RF-12654,AMAZON,114-7286850-2071419,Melissa,,25-May-2026,1,COTTON DHURRIE,5 X 5 FT,Yes,30-May-2026,DISPATCHED,,30-May-2026,HGD-129,Dispatch,,Melissa A Beall,78 RAMSEY PL,,ALBANY,NY,12208-3015,United States,1 207-835-4259 ext. 36535,,CUSTOMER,HETALLS GLOBAL PRIVATE LIMITED,Individual,Consumer,COTTON DHURRIE-HGD-129,5 X 5 FT,1,$128.00,HANDMADE COTTON DHURRIE-HGD-129-5 X 5 FT,57050024,,,,,,,,30-May-2026,
,TOP URGENT,TOP URGENT,RF-12655,AMAZON,702-9159219-2117833,Laure,,25-May-2026,1,JUTE DHURRIE,5 X 7 FT,No,30-May-2026,CANCELLED,CANCELLED,,VI-88E,Dispatch,,Laure A Nation,21 Erie Street,Unit 119,Victoria,British Columbia,V8V 5A8,Canada,2508580266,,CUSTOMER,HETALLS GLOBAL PRIVATE LIMITED,Individual,Consumer,JUTE DHURRIE-VI-88E,5 X 7 FT,1,$253.51,HANDMADE JUTE DHURRIE-VI-88E-5 X 7 FT,57050039,,,,,,,,,
Buyer National Id: MULX620616KA8,TOP URGENT,TOP URGENT,RF-12656,AMAZON,701-8752110-3467412,Adriana,,25-May-2026,1,COTTON DHURRIE,2 X 3 FT,Yes,30-May-2026,DISPATCHED,,29-May-2026,STK-98,Dispatch,,Adriana Murguía,Paz Montes de Oca 30-206,GENERAL PEDRO MARÍA ANAYA,CIUDAD DE MÉXICO,CIUDAD DE MÉXICO,3340,Mexico,5560866892,,CUSTOMER,HETALLS GLOBAL PRIVATE LIMITED,Individual,Consumer,COTTON DHURRIE-STK-98,2 X 3 FT,1,$175.36,HANDMADE COTTON DHURRIE-STK-98-2 X 3 FT,57050024,,,,,,,,29-May-2026,
,,,RF-12657,ETSY-CASAVANI,4072676509,Ashley Coe,,25-May-2026,1,COTTON DHURRIE,2 X 11 FT,No,30-May-2026,DISPATCHED,,1-Jun-2026,HP-121A,Dispatch,,Ashley Coe,3 / 21 Arcadia St,,Coogee,Coogee,NSW 2034,Australia,,ashleycoe@hotmail.co.uk,CUSTOMER,HETALLS GLOBAL PRIVATE LIMITED,Individual,Consumer,COTTON DHURRIE-HP-121A,2 X 11 FT,1,$143.00,HANDMADE COTTON DHURRIE-HP-121A-2 X 11 FT,57050024,,,,,,,,1-Jun-2026,
,,SET OF 11-Pieces,RF-12658,ETSY-RUGSFOREVER,4072915117,Liv DiGirolamo,,26-May-2026,1,JUTE DHURRIE,8 X 28 Inch,No,1-Jun-2026,DISPATCHED,,10-Jun-2026,NR-1100,Dispatch,,Liv DiGirolamo,8 Harrington Ave,,Manchester, NH,3103,United States,03103-6534,lmdigi@hotmail.com,CUSTOMER,HETALLS GLOBAL PRIVATE LIMITED,Individual,Consumer,JUTE DHURRIE-NR-1100,8 X 28 Inch,1,$109.85,HANDMADE JUTE DHURRIE-NR-1100-8 X 28 Inch,57050039,,,,,,,8-Jun-2026,9-Jun-2026,
,TOP URGENT,TOP URGENT,RF-12659,AMAZON,111-0640036-7781868,Nancy,,26-May-2026,1,CHINDI COTTON-JUTE,5 X 5 FT,No,1-Jun-2026,DISPATCHED,,1-Jun-2026,NR-50A,Dispatch,,Nancy J Edralin,8963 CAMPBELL RD,,ELK GROVE,CA ,95624-1445,United States,1 929-436-4790 ext. 85456,,CUSTOMER,HETALLS GLOBAL PRIVATE LIMITED,Individual,Consumer,CHINDI COTTON-JUTE-NR-50A,5 X 5 FT,1,$128.00,HANDMADE CHINDI COTTON-JUTE-NR-50A-5 X 5 FT,57050039,,,,neha canecl and new party send order 26-5-26,,,30-May-2026,1-Jun-2026,
,TOP URGENT,TOP URGENT,RF-12660-1/2,AMAZON,111-3228388-4389009,KAREN,,26-May-2026,1,CHINDI COTTON-JUTE,4 X 12 FT,No,1-Jun-2026,DISPATCHED,,3-Jun-2026,NR-89,Dispatch,,KAREN NAPIER,8604 CAMILLE DR SE,,HUNTSVILLE,AL,35802,United States,,,CUSTOMER,HETALLS GLOBAL PRIVATE LIMITED,Individual,Consumer,CHINDI COTTON-JUTE-NR-89,4 X 12 FT,1,$167.25,HANDMADE CHINDI COTTON-JUTE-NR-89-4 X 12 FT,57050039,,,,,,,1-Jun-2026,3-Jun-2026,
,TOP URGENT,TOP URGENT,RF-12660-2/2,AMAZON,111-3228388-4389009,KAREN,,26-May-2026,1,JUTE DHURRIE,5 X 5 FT,No,1-Jun-2026,DISPATCHED,,3-Jun-2026,NR-108,Dispatch,,KAREN NAPIER,8604 CAMILLE DR SE,,HUNTSVILLE,AL,35802,United States,,,CUSTOMER,HETALLS GLOBAL PRIVATE LIMITED,Individual,Consumer,JUTE DHURRIE-NR-108,5 X 5 FT,1,$96.00,HANDMADE JUTE DHURRIE-NR-108-5 X 5 FT,57050039,,,,,,,30-May-2026,3-Jun-2026,
,TOP URGENT,TOP URGENT,RF-12661,AMAZON,111-9798738-8319450,Claire,,26-May-2026,1,WOOL JUTE,2 X 3 FT,No,9-Jun-2026,DISPATCHED,,19-Jun-2026,DWJ-11,Dispatch,,Claire Boyle,1840 STAR PINE CT,,RENO,NV,89523-4807,United States,1 207-835-4259 ext. 66054,,CUSTOMER,HETALLS GLOBAL PRIVATE LIMITED,Individual,Consumer,WOOL JUTE-DWJ-11,2 X 3 FT,1,$91.00,HANDMADE WOOL JUTE-DWJ-11-2 X 3 FT,57050039,,,,yah pcs dubra bnega color issue h party ko bola 6-june dusra bnega pcs,,,18-Jun-2026,19-Jun-2026,
,TOP URGENT,TOP URGENT,RF-12662,AMAZON,113-2052327-6751435,Alexa,,26-May-2026,1,COTTON DHURRIE,2.6 X 8 FT,No,1-Jun-2026,DISPATCHED,,1-Jun-2026,HGD-161D,Dispatch,,Alexa Adler,328 DUTCHTOWN RD,,BUTLER,PA,16002-0620,United States,1 763-225-9463 ext. 92878,,CUSTOMER,HETALLS GLOBAL PRIVATE LIMITED,Individual,Consumer,COTTON DHURRIE-HGD-161D,2.6 X 8 FT,1,$120.00,HANDMADE COTTON DHURRIE-HGD-161D-2.6 X 8 FT,57050024,,,,,,,,1-Jun-2026,
,TOP URGENT,TOP URGENT,RF-12663,AMAZON,113-4355674-0513849,melissa,,26-May-2026,1,JUTE DHURRIE,2 X 20 FT,No,2-Jun-2026,DISPATCHED,,3-Jun-2026,NR-1015,Dispatch,,Zachary DeWalt,6314 OPAEKAA RD,,KAPAA,HI,96746-9441,United States,1 763-225-9463 ext. 45772,,CUSTOMER,HETALLS GLOBAL PRIVATE LIMITED,Individual,Consumer,JUTE DHURRIE-NR-1015,2 X 20 FT,1,$280.00,HANDMADE JUTE DHURRIE-NR-1015-2 X 20 FT,57050039,,,,,,,1-Jun-2026,3-Jun-2026,
,TOP URGENT,TOP URGENT,RF-12664,AMAZON,114-0989486-1217056,Luke,,26-May-2026,1,COTTON DHURRIE,3 X 5 FT,Yes,1-Jun-2026,DISPATCHED,,1-Jun-2026,JHGD-02A,Dispatch,,Luke,63 SEARLES RD,,WINDHAM,NH, 03087-1201,United States,1 346-307-9643 ext. 28035,,CUSTOMER,HETALLS GLOBAL PRIVATE LIMITED,Individual,Consumer,COTTON DHURRIE-JHGD-02A,3 X 5 FT,1,$79.00,HANDMADE COTTON DHURRIE-JHGD-02A-3 X 5 FT,57050024,,,,,,,,1-Jun-2026,
,TOP URGENT,TOP URGENT,RF-12665,AMAZON,249-7373920-8442226,Felicity,,26-May-2026,1,JUTE DHURRIE,5 X 5 FT,No,2-Jun-2026,DISPATCHED,,3-Jun-2026,NR-123D,Dispatch,,Felicity Wyatt,12 Mountain view rd,,MOUNT ELIZA,VIC,3930,Australia,413064555,,CUSTOMER,HETALLS GLOBAL PRIVATE LIMITED,Individual,Consumer,JUTE DHURRIE-NR-123D,5 X 5 FT,1,$154.32,HANDMADE JUTE DHURRIE-NR-123D-5 X 5 FT,57050039,,,,,,,1-Jun-2026,2-Jun-2026,
,TOP URGENT,TOP URGENT,RF-12666,AMAZON,249-2785919-9640615,TATIANA,,26-May-2026,1,JUTE DHURRIE,4 X 4 FT,No,2-Jun-2026,DISPATCHED,,2-Jun-2026,NR-123D,Dispatch,,TATIANA ASNAO,"3/36 Kitchner street Broadmeadow
3",,BROADMEADOWS,VIC,3047,Australia,426854919,,CUSTOMER,HETALLS GLOBAL PRIVATE LIMITED,Individual,Consumer,JUTE DHURRIE-NR-123D,4 X 4 FT,1,$106.14,HANDMADE JUTE DHURRIE-NR-123D-4 X 4 FT,57050039,,,,,,,1-Jun-2026,2-Jun-2026,
,,,RF-12667,ETSY-CASAVANI,4069034744,Liz Taylor,,27-May-2026,1,COTTON DHURRIE,5 X 5 FT,Yes,1-Jun-2026,DISPATCHED,,2-Jun-2026,STK-26B,Dispatch,,Liz Taylor,583 Malabar Rd,,Maroubra,Maroubra,NSW 2035,Australia,61415381953,liz.taylor@mac.com,CUSTOMER,HETALLS GLOBAL PRIVATE LIMITED,Individual,Consumer,COTTON DHURRIE-STK-26B,5 X 5 FT,1,$181.00,HANDMADE COTTON DHURRIE-STK-26B-5 X 5 FT,57050024,,,,,,,,1-Jun-2026,
,TOP URGENT,TOP URGENT,RF-12668,AMAZON,111-0550667-3716233,Kevin,,27-May-2026,1,JUTE DHURRIE,4 X 10 FT,No,2-Jun-2026,DISPATCHED,,3-Jun-2026,NR-56,Dispatch,,Kevin Stoffer,190 ASHINGTON CIR,,HENDERSONVILLE,TN,37075-1476,United States,1 619-854-2705 ext. 06584,,CUSTOMER,HETALLS GLOBAL PRIVATE LIMITED,Individual,Consumer,JUTE DHURRIE-NR-56,4 X 10 FT,1,$260.00,HANDMADE JUTE DHURRIE-NR-56-4 X 10 FT,57050039,,,,,,,1-Jun-2026,3-Jun-2026,
,TOP URGENT,TOP URGENT,RF-12669,AMAZON,111-7150117-5647443,Tiffiny,,27-May-2026,1,JUTE DHURRIE,4 X 6 FT,No,2-Jun-2026,DISPATCHED,,30-May-2026,NR-56,Dispatch,,Tiffiny Alexander,"PODP 203 TL - TA
",18 EXECUTIVE PARK RD STE 5,HILTON HEAD ISLAND,SC,29928-4795,United States,1 619-854-2705 ext. 00507,,CUSTOMER,HETALLS GLOBAL PRIVATE LIMITED,Individual,Consumer,JUTE DHURRIE-NR-56,4 X 6 FT,1,$155.00,HANDMADE JUTE DHURRIE-NR-56-4 X 6 FT,57050039,,,,IN STOCK,,,,30-May-2026,
,TOP URGENT,TOP URGENT,RF-12670,AMAZON,113-1542269-3105860,"
Maura",,27-May-2026,1,COTTON DHURRIE,3 X 5 FT,Yes,1-Jun-2026,DISPATCHED,,1-Jun-2026,JHGD-02A,Dispatch,,Maura Y McKenney,1200 S RESERVE ST STE E,,MISSOULA,MT,59801-3107,United States,1 480-618-5344 ext. 18759,,CUSTOMER,HETALLS GLOBAL PRIVATE LIMITED,Individual,Consumer,COTTON DHURRIE-JHGD-02A,3 X 5 FT,1,$79.00,HANDMADE COTTON DHURRIE-JHGD-02A-3 X 5 FT,57050024,,,,,,,,1-Jun-2026,
,TOP URGENT,TOP URGENT,RF-12671,AMAZON,203-4761033-5692335,Gwen,,27-May-2026,1,JUTE DHURRIE,3 X 3 FT,No,2-Jun-2026,DISPATCHED,,30-May-2026,NR-99,Dispatch,,Gwen Baker,2A MOLYNEUX ALMSHOUSES,HIGH STREET RUSTHALL,TUNBRIDGE WELLS,Kent,TN4 8SE,United Kingdom,7554963384,,CUSTOMER,HETALLS GLOBAL PRIVATE LIMITED,Individual,Consumer,JUTE DHURRIE-NR-99,3 X 3 FT,1,$68.39,HANDMADE JUTE DHURRIE-NR-99-3 X 3 FT,57050039,,,,,,,30-May-2026,30-May-2026,
,TOP URGENT,TOP URGENT,RF-12672,AMAZON,205-5558746-4209119,Norrie,,27-May-2026,1,JUTE DHURRIE,2 X 6 FT,No,2-Jun-2026,DISPATCHED,,2-Jun-2026,CSN-04-D5,Dispatch,,Norbert Gilliland,FLAT 2 KENSINGTON COURT,,20 KENSINGTON ROAD,GLASGOW,G12 9NX,United Kingdom,7831889968,,CUSTOMER,HETALLS GLOBAL PRIVATE LIMITED,Individual,Consumer,JUTE DHURRIE-CSN-04-D5,2 X 6 FT,1,$77.36,HANDMADE JUTE DHURRIE-CSN-04-D5-2 X 6 FT,57050039,,,,,,,,2-Jun-2026,
,TOP URGENT,TOP URGENT,RF-12673,AMAZON, 114-9927493-9168231,jeff,,28-May-2026,1,COTTON DHURRIE,4 X 8 FT,Yes,2-Jun-2026,DISPATCHED,,3-Jun-2026,STK-44,Dispatch,,Emilie Hawkins,112 W 9TH ST APT 601,,KANSAS CITY,MO,64105-2437,United States,1 619-854-2705 ext. 02310,,CUSTOMER,HETALLS GLOBAL PRIVATE LIMITED,Individual,Consumer,COTTON DHURRIE-STK-44,4 X 8 FT,1,$168.00,HANDMADE COTTON DHURRIE-STK-44-4 X 8 FT,57050024,,,,,,,,3-Jun-2026,
,TOP URGENT,TOP URGENT,RF-12674,AMAZON,112-9590478-4056263,Jeannie,,28-May-2026,2,JUTE DHURRIE,3 X 3 FT,No,3-Jun-2026,DISPATCHED,,3-Jun-2026,NR-56E,Dispatch,,Jeannie Carroll,8414 Moxey Point,,West Palm Beach,FL,33411,United States,1 314-282-9402 ext. 74909,,CUSTOMER,HETALLS GLOBAL PRIVATE LIMITED,Individual,Consumer,JUTE DHURRIE-NR-56E,3 X 3 FT,2,$138.00,HANDMADE JUTE DHURRIE-NR-56E-3 X 3 FT,57050039,,,,,,,1-Jun-2026,1-Jun-2026,
,TOP URGENT,TOP URGENT,RF-12675,AMAZON,113-0127767-5377850,Parinoz,,28-May-2026,1,COTTON DHURRIE,8 X 8 FT,Yes,2-Jun-2026,DISPATCHED,,4-Jun-2026,HGD-110,Dispatch,,Parinoz abdulloeva,15689 E PROGRESS DR,,CENTENNIAL,CO,80015-4257,United States,1 210-728-4548 ext. 20774,,CUSTOMER,HETALLS GLOBAL PRIVATE LIMITED,Individual,Consumer,COTTON DHURRIE-HGD-110,8 X 8 FT,1,$332.00,HANDMADE COTTON DHURRIE-HGD-110-8 X 8 FT,57050024,,,,,,,,1-Jun-2026,
,TOP URGENT,TOP URGENT,RF-12676,AMAZON,026-1053318-1249923,stella,,28-May-2026,1,JUTE DHURRIE,3 X 3 FT,No,3-Jun-2026,DISPATCHED,,30-May-2026,NR-123A,Dispatch,,stella marshall,2 BLAENWERN,,NEWCASTLE EMLYN,,SA38 9BE,United Kingdom,1239920676,,CUSTOMER,HETALLS GLOBAL PRIVATE LIMITED,Individual,Consumer,JUTE DHURRIE-NR-123A,3 X 3 FT,1,$67.99,HANDMADE JUTE DHURRIE-NR-123A-3 X 3 FT,57050039,,,,,,,30-May-2026,30-May-2026,
,TOP URGENT,TOP URGENT,RF-12677,AMAZON,306-1366325-3746712,Anna,,28-May-2026,1,WOOL JUTE,2.6 X 8 FT,Yes,11-Jun-2026,DISPATCHED,,6-Jun-2026,WJRH-15,Dispatch,,Anna Georgi,Rotenbergstraße 23,,Saarbrücken,,66111,Germany,4917664806699,,CUSTOMER,HETALLS GLOBAL PRIVATE LIMITED,Individual,Consumer,WOOL JUTE-WJRH-15,2.6 X 8 FT,1,$154.16,HANDMADE WOOL JUTE-WJRH-15-2.6 X 8 FT,57050039,,,,,,,30-May-2026,4-Jun-2026,
,,SET OF 6-Pieces 1 Pieces Inches ,RF-12678,ETSY-RUGSFOREVER,4075226735,Madison Frey,,28-May-2026,1,JUTE DHURRIE,8 X 20 INCH + 18 X 25 INCH,No,2-Jun-2026,DISPATCHED,,2-Jun-2026,NR-1100A,Dispatch,,"
Madison Frey",56 Harvey Rd,,Durham,CT ,6422,United States,8605583386,madison.nastri2@gmail.com,CUSTOMER,HETALLS GLOBAL PRIVATE LIMITED,Individual,Consumer,JUTE DHURRIE-NR-1100A,8 X 20 INCH + 18 X 25 INCH,1,$250.90,HANDMADE JUTE DHURRIE-NR-1100A-8 X 20 INCH + 18 X 25 INCH,57050039,,,,,,,1-Jun-2026,2-Jun-2026,
,,,RF-12679-1/2,ETSY-RUGSFOREVER,4075357111,Frauke Beeck,,29-May-2026,1,CHINDI-COTTON,3 X 5 FT,No,2-Jun-2026,DISPATCHED,,10-Jun-2026,NR-120,Dispatch,,Frauke Beeck,An der Oberen , Alten ,Donau 3-11/9/13,Vienna (Wien),1210,Austria,,wyrd@gmx.li,CUSTOMER,HETALLS GLOBAL PRIVATE LIMITED,Individual,Consumer,CHINDI-COTTON-NR-120,3 X 5 FT,1,$78.00,HANDMADE CHINDI-COTTON-NR-120-3 X 5 FT,57050024,,,,,,,8-Jun-2026,9-Jun-2026,
,,,RF-12679-2/2,ETSY-RUGSFOREVER,4075357111,Frauke Beeck,,29-May-2026,2,CHINDI-COTTON,3 X 3 FT,No,2-Jun-2026,DISPATCHED,,10-Jun-2026,NR-120,Dispatch,,Frauke Beeck,An der Oberen , Alten ,Donau 3-11/9/13,Vienna (Wien),1210,Austria,,wyrd@gmx.li,CUSTOMER,HETALLS GLOBAL PRIVATE LIMITED,Individual,Consumer,CHINDI-COTTON-NR-120,3 X 3 FT,2,$128.70,HANDMADE CHINDI-COTTON-NR-120-3 X 3 FT,57050024,,,,,,,8-Jun-2026,9-Jun-2026,
,,,RF-12680,ETSY-RUGSFOREVER,4075701135,MIREIA CALSINA CALVET,,29-May-2026,1,WOOL JUTE,3 X 6 FT ,Yes,8-Jun-2026,DISPATCHED,,16-Jun-2026,WJRH-75,Dispatch,,MIREIA CALSINA CALVET,"CALLE SANTIGA,",SABADELL, Barcelona, Barcelona,"96
08203",Spain,627708251,mireiacalsina@gmail.com,CUSTOMER,HETALLS GLOBAL PRIVATE LIMITED,Individual,Consumer,WOOL JUTE-WJRH-75,3 X 6 FT ,1,$149.50,HANDMADE WOOL JUTE-WJRH-75-3 X 6 FT ,57050039,,,,,,,15-Jun-2026,15-Jun-2026,
,," number, IM3720000224",RF-12681,ETSY-RUGSFOREVER,4075843843,Richard Pickett,,29-May-2026,2,CHINDI-COTTON,2 X 3 FT,No,8-Jun-2026,DISPATCHED,,10-Jun-2026,HW-54,Dispatch,,Richard Pickett,21 Lester Lane,,Hoosick Falls,NY,12090,United States, 914 318 5596,richpickett13@gmail.com,CUSTOMER,HETALLS GLOBAL PRIVATE LIMITED,Individual,Consumer,CHINDI-COTTON-HW-54,2 X 3 FT,2,$123.50,HANDMADE CHINDI-COTTON-HW-54-2 X 3 FT,57050024,,,,,,,8-Jun-2026,8-Jun-2026,
,TOP URGENT,TOP URGENT,RF-12682,AMAZON,113-9380544-2168265,Zach,,29-May-2026,1,COTTON DHURRIE,2.6 X 8 FT,Yes,3-Jun-2026,DISPATCHED,,4-Jun-2026,JHGD-12A,Dispatch,,Zach Wilson,ZACH WILSON 7803 MEADOW VIEW DR,,SHAWNEE,KS ,66227-3026,United States,1 619-854-2705 ext. 25396,,CUSTOMER,HETALLS GLOBAL PRIVATE LIMITED,Individual,Consumer,COTTON DHURRIE-JHGD-12A,2.6 X 8 FT,1,$86.40,HANDMADE COTTON DHURRIE-JHGD-12A-2.6 X 8 FT,57050024,,,,,,,,4-Jun-2026,
,TOP URGENT,TOP URGENT,RF-12683,AMAZON,112-2111172-0491446,Jill,,29-May-2026,1,COTTON DHURRIE,2.6 X 4 FT,No,3-Jun-2026,DISPATCHED,,4-Jun-2026,HP-259,Dispatch,,Jill Bouchard,57 GERALD DR,,VERNON, CT,06066-2212,United States,1 213-442-1463 ext. 21605,,CUSTOMER,HETALLS GLOBAL PRIVATE LIMITED,Individual,Consumer,COTTON DHURRIE-HP-259,2.6 X 4 FT,1,$72.00,HANDMADE COTTON DHURRIE-HP-259-2.6 X 4 FT,57050024,,,,,,,,4-Jun-2026,
,,,RF-12684,ETSY-CASAVANI,4076712671,kelly johnson,,30-May-2026,1,COTTON DHURRIE,4 x 40 Feet,Yes,3-Jun-2026,DISPATCHED,,6-Jun-2026,HGD-129-LR,Dispatch,,kelly johnson,568 Broadway Fl 10,FL 10,"New York,",NY,10012-3276,United States,1847 7146613,kellymariejohns@gmail.com,CUSTOMER,HETALLS GLOBAL PRIVATE LIMITED,Individual,Consumer,COTTON DHURRIE-HGD-129-LR,4 x 40 Feet,1,$777.40,HANDMADE COTTON DHURRIE-HGD-129-LR-4 x 40 Feet,57050024,,,,,,,,5-Jun-2026,
,,,RF-12685,ETSY-RUGSFOREVER,4076515459,"
Chelicy Wanders",,30-May-2026,1,WOOL JUTE,2 X 10 FT,No,9-Jun-2026,DISPATCHED,,10-Jun-2026,HW-61,Dispatch,,Chelicy Wanders,3320 HWY 52,,"Payette,",ID,83661,United States,,cdwanders@gmail.com,CUSTOMER,HETALLS GLOBAL PRIVATE LIMITED,Individual,Consumer,WOOL JUTE-HW-61,2 X 10 FT,1,$146.25,HANDMADE WOOL JUTE-HW-61-2 X 10 FT,57050039,,,,,,,6-Jun-2026,10-Jun-2026,
,TOP URGENT,TOP URGENT,RF-12686,AMAZON,113-4272302-8541008,Joseph,,30-May-2026,1,COTTON DHURRIE,7 X 7 FT,Yes,6-Jun-2026,DISPATCHED,,6-Jun-2026,HGD-129,Dispatch,,Joseph Page,6107 HARIETTA AVE,,COLUMBIA,SC,29209-1416,United States,1 210-728-4548 ext. 89357,,CUSTOMER,HETALLS GLOBAL PRIVATE LIMITED,Individual,Consumer,COTTON DHURRIE-HGD-129,7 X 7 FT,1,$256.00,HANDMADE COTTON DHURRIE-HGD-129-7 X 7 FT,57050024,,,,,,,,6-Jun-2026,
,TOP URGENT,TOP URGENT,RF-12687,AMAZON,112-6543460-0973814,LISA ,,30-May-2026,1,COTTON DHURRIE,2.6 X 10 FT,No,6-Jun-2026,DISPATCHED,,6-Jun-2026,STK-26O,Dispatch,,LISA BOUDREAUX,3799 HIGHWAY 19,,ETHEL, LA,70730-4509,United States,1 763-225-9463 ext. 84311,,CUSTOMER,HETALLS GLOBAL PRIVATE LIMITED,Individual,Consumer,COTTON DHURRIE-STK-26O,2.6 X 10 FT,1,$169.00,HANDMADE COTTON DHURRIE-STK-26O-2.6 X 10 FT,57050024,,,,,,,,6-Jun-2026,
,TOP URGENT,TOP URGENT,RF-12688,AMAZON,701-0394048-7753026,Jacqueline,,30-May-2026,1,JUTE DHURRIE,3 X 10 FT,No,8-Jun-2026,DISPATCHED,,3-Jun-2026,NR-91,Dispatch,,Dr Jacqueline Kueh,1048 Belmont Avenue,,North Vancouver,British Columbia,V7R 1K2,Canada,12365011116,,CUSTOMER,HETALLS GLOBAL PRIVATE LIMITED,Individual,Consumer,JUTE DHURRIE-NR-91,3 X 10 FT,1,$165.90,HANDMADE JUTE DHURRIE-NR-91-3 X 10 FT,57050039,,,,,,,1-Jun-2026,3-Jun-2026,
,TOP URGENT,TOP URGENT,RF-12689,AMAZON,112-3877876-4038601,	Luiza,,30-May-2026,1,COTTON DHURRIE,4 X 12 FT,Yes,6-Jun-2026,DISPATCHED,,6-Jun-2026,HGD-161B,Dispatch,,Hannan Happi,301 WEST AVE UNIT 3105,,AUSTIN,TX,78701-4768,United States,1 207-835-4259 ext. 32887,,CUSTOMER,HETALLS GLOBAL PRIVATE LIMITED,Individual,Consumer,COTTON DHURRIE-HGD-161B,4 X 12 FT,1,$248.00,HANDMADE COTTON DHURRIE-HGD-161B-4 X 12 FT,57050024,,,,,,,,6-Jun-2026,
,TOP URGENT,TOP URGENT,RF-12690,AMAZON,112-4960773-5045005,Diana,,30-May-2026,1,COTTON DHURRIE,3 X 5 FT,Yes,6-Jun-2026,DISPATCHED,,6-Jun-2026,JHGD-02A,Dispatch,,Diana Taylor,120 SHORELINE DR,,BASTROP,TX,78602-3110,United States,1 415-419-8616 ext. 06925,,CUSTOMER,HETALLS GLOBAL PRIVATE LIMITED,Individual,Consumer,COTTON DHURRIE-JHGD-02A,3 X 5 FT,1,$79.00,HANDMADE COTTON DHURRIE-JHGD-02A-3 X 5 FT,57050024,,,,,,,,5-Jun-2026,
,TOP URGENT,TOP URGENT,RF-12691,AMAZON,111-5707094-6332237,Sarah,,30-May-2026,1,WOOL JUTE,5 X 7 FT,Yes,13-Jun-2026,DISPATCHED,,8-Jun-2026,WJRH-21,Dispatch,,Adam Varro,504 colgate way,,san mateo,ca ,94402,United States,1 619-854-2705 ext. 69952,,CUSTOMER,HETALLS GLOBAL PRIVATE LIMITED,Individual,Consumer,WOOL JUTE-WJRH-21,5 X 7 FT,1,$230.00,HANDMADE WOOL JUTE-WJRH-21-5 X 7 FT,57050039,,,,,,,6-Jun-2026,8-Jun-2026,
IOSS VAT identification number:  IM4420001405,TOP URGENT,TOP URGENT,RF-12692,AMAZON,408-3089963-8598734,Gustavo,,30-May-2026,1,COTTON DHURRIE,4 X 6 FT,Yes,6-Jun-2026,DISPATCHED,,6-Jun-2026,STK-21B,Dispatch,,Gustavo Segundo Fernández Cancelas,Rua da Rubiña 6 C Coiro,,Cangas do Morrazo,Pontevedra,36947,Spain,669964532,,CUSTOMER,HETALLS GLOBAL PRIVATE LIMITED,Individual,Consumer,COTTON DHURRIE-STK-21B,4 X 6 FT,1,$159.98,HANDMADE COTTON DHURRIE-STK-21B-4 X 6 FT,57050024,,,,,,,,6-Jun-2026,
IOSS VAT identification number:  IM4420001405,TOP URGENT,TOP URGENT,RF-12693,AMAZON,402-3714185-6721950,Rugraff,,30-May-2026,1,JUTE DHURRIE,3 X 5 FT,No,8-Jun-2026,DISPATCHED,,10-Jun-2026, CSN-01-D1,Dispatch,,Rugraff Christine,26 A Rue des Champs,,Waldighofen,,68640,France,638794885,,CUSTOMER,HETALLS GLOBAL PRIVATE LIMITED,Individual,Consumer,JUTE DHURRIE- CSN-01-D1,3 X 5 FT,1,$103.00,HANDMADE JUTE DHURRIE- CSN-01-D1-3 X 5 FT,57050039,,,,,,,8-Jun-2026,9-Jun-2026,
,TOP URGENT,TOP URGENT,RF-12694,AMAZON,202-3544904-1524300,Harry,,30-May-2026,1,JUTE DHURRIE,2 X 3 FT,No,8-Jun-2026,DISPATCHED,,10-Jun-2026,VI-49G,Dispatch,,Harry Newton,"5
MALTON TERRACE SEDGEFIELD",,STOCKTON-ON-TEES,,TS21 3AP,United Kingdom,447557133907,,CUSTOMER,HETALLS GLOBAL PRIVATE LIMITED,Individual,Consumer,JUTE DHURRIE-VI-49G,2 X 3 FT,1,$85.00,HANDMADE JUTE DHURRIE-VI-49G-2 X 3 FT,57050039,,,,,,,8-Jun-2026,9-Jun-2026,
,TOP URGENT,TOP URGENT,RF-12695,AMAZON,114-5450462-3488242,Joseph,,30-May-2026,1,COTTON DHURRIE,2 X 6 FT,Yes,8-Jun-2026,DISPATCHED,,8-Jun-2026,HP-67B,Dispatch,,Joseph Kirton,178 Old Boswell Rd,,Travelers Rest,SC ,29690,United States,1 619-854-2705 ext. 86899,,CUSTOMER,HETALLS GLOBAL PRIVATE LIMITED,Individual,Consumer,COTTON DHURRIE-HP-67B,2 X 6 FT,1,$68.00,HANDMADE COTTON DHURRIE-HP-67B-2 X 6 FT,57050024,,,,,,,,8-Jun-2026,
,TOP URGENT,TOP URGENT,RF-12696,AMAZON,112-8564273-6165814,THOMAS,,1-Jun-2026,1,JUTE DHURRIE,3 X 3 FT,No,8-Jun-2026,DISPATCHED,,10-Jun-2026,NR-88,Dispatch,,THOMAS D SMITH,9631 HARBOUR COVE CT,,YPSILANTI,MI,48197-6901,United States,1 619-854-2705 ext. 92542,,CUSTOMER,HETALLS GLOBAL PRIVATE LIMITED,Individual,Consumer,JUTE DHURRIE-NR-88,3 X 3 FT,1,$73.00,HANDMADE JUTE DHURRIE-NR-88-3 X 3 FT,57050039,,,,,,,8-Jun-2026,8-Jun-2026,
,TOP URGENT,TOP URGENT,RF-12697,AMAZON, 114-4505901-8025827,Kelleen ,,1-Jun-2026,1,COTTON DHURRIE,4 X 6 FT,Yes,6-Jun-2026,DISPATCHED,,6-Jun-2026,JHGD-02A,Dispatch,,Kelleen LoMenzo,1458 N 2400 W,,CLEARFIELD,UT,84015-8551,United States,1 602-671-6610 ext. 38810,,CUSTOMER,HETALLS GLOBAL PRIVATE LIMITED,Individual,Consumer,COTTON DHURRIE-JHGD-02A,4 X 6 FT,1,$124.00,HANDMADE COTTON DHURRIE-JHGD-02A-4 X 6 FT,57050024,,,,,,,,6-Jun-2026,
,TOP URGENT,TOP URGENT,RF-12698,AMAZON,111-3915444-0653053,vidhi ,,1-Jun-2026,2,COTTON DHURRIE,2.6 X 10 FT,Yes,6-Jun-2026,DISPATCHED,,6-Jun-2026,HGD-129,Dispatch,,vidhi sanders,448 SIERRA KEYS DR,,SIERRA MADRE,CA,91024-1046,United States,1 207-835-4259 ext. 42973,,CUSTOMER,HETALLS GLOBAL PRIVATE LIMITED,Individual,Consumer,COTTON DHURRIE-HGD-129,2.6 X 10 FT,2,$202.50,HANDMADE COTTON DHURRIE-HGD-129-2.6 X 10 FT,57050024,,,,,,,,6-Jun-2026,
,TOP URGENT,TOP URGENT,RF-12699,AMAZON,114-7034003-1799438,Phillip ,,1-Jun-2026,1,JUTE DHURRIE,5 X 7 FT,No,8-Jun-2026,DISPATCHED,,10-Jun-2026,NR-56,Dispatch,,Phillip Pendley,1101 GULF BLVD,,INDIAN ROCKS BEACH, FL,33785-2744,United States,1 207-835-4259 ext. 81341,,CUSTOMER,HETALLS GLOBAL PRIVATE LIMITED,Individual,Consumer,JUTE DHURRIE-NR-56,5 X 7 FT,1,$230.00,HANDMADE JUTE DHURRIE-NR-56-5 X 7 FT,57050039,,,,,,,8-Jun-2026,9-Jun-2026,
,TOP URGENT,TOP URGENT,RF-12700,AMAZON, 701-7915670-5397814,Arlene ,,1-Jun-2026,1,JUTE DHURRIE,6 X 9 FT,No,8-Jun-2026,CANCELLED,CANCELLED,, NR-108H,Dispatch,,Arlene Metz,43 Breckwood Place,,Kitchener,Ontario,N2A 4C6,Canada,5105022757,,CUSTOMER,HETALLS GLOBAL PRIVATE LIMITED,Individual,Consumer,JUTE DHURRIE- NR-108H,6 X 9 FT,1,$97.87,HANDMADE JUTE DHURRIE- NR-108H-6 X 9 FT,57050039,,,,Hold by aryan,,,,,
,TOP URGENT,TOP URGENT,RF-12701,AMAZON,114-2653531-1215417,Druelle,,1-Jun-2026,1,JUTE DHURRIE,3 X 3 FT,No,8-Jun-2026,DISPATCHED,,10-Jun-2026,NF-06,Dispatch,,Druelle Nicolas,1025 HAMPSHIRE ST UNIT C,,SAN FRANCISCO,CA,94110-3425,United States,1 602-671-6610 ext. 13724,,CUSTOMER,HETALLS GLOBAL PRIVATE LIMITED,Individual,Consumer,JUTE DHURRIE-NF-06,3 X 3 FT,1,$57.00,HANDMADE JUTE DHURRIE-NF-06-3 X 3 FT,57050039,,,,,,,8-Jun-2026,9-Jun-2026,
,TOP URGENT,TOP URGENT,RF-12702,AMAZON,114-6027879-8491466,MAI,,1-Jun-2026,1,COTTON DHURRIE,2 X 6 FT,Yes,6-Jun-2026,DISPATCHED,,6-Jun-2026,JHGD-02A,Dispatch,,DEREK MAI,3906 MURRAY HILL RD,,LA MESA,CA,91941-7649,United States,1 480-618-5344 ext. 92994,,CUSTOMER,HETALLS GLOBAL PRIVATE LIMITED,Individual,Consumer,COTTON DHURRIE-JHGD-02A,2 X 6 FT,1,$59.00,HANDMADE COTTON DHURRIE-JHGD-02A-2 X 6 FT,57050024,,,,,,,,6-Jun-2026,
,TOP URGENT,TOP URGENT,RF-12703,AMAZON,114-6628043-2092224,Jill,,1-Jun-2026,1,CHINDI COTTON-JUTE,4 X 6 FT,No,8-Jun-2026,DISPATCHED,,10-Jun-2026,NR-85,Dispatch,,Jill Dyer,1023 SANDSTONE DR,,WYOMISSING,PA,19610-6818,United States,1 314-282-9402 ext. 67037,,CUSTOMER,HETALLS GLOBAL PRIVATE LIMITED,Individual,Consumer,CHINDI COTTON-JUTE-NR-85,4 X 6 FT,1,$124.00,HANDMADE CHINDI COTTON-JUTE-NR-85-4 X 6 FT,57050039,,,,,,,8-Jun-2026,9-Jun-2026,
,TOP URGENT,TOP URGENT,RF-12704,AMAZON,113-3588412-2229854,Kelley,,1-Jun-2026,1,CHINDI-COTTON,9 X 9 FT,No,8-Jun-2026,DISPATCHED,,6-Jun-2026,NR-80,Dispatch,,Kelley Peck,64925 GALLATIN RD,,GALLATIN GATEWAY,MT,59730-8607,United States,1 619-854-2705 ext. 98704,,CUSTOMER,HETALLS GLOBAL PRIVATE LIMITED,Individual,Consumer,CHINDI-COTTON-NR-80,9 X 9 FT,1,$420.00,HANDMADE CHINDI-COTTON-NR-80-9 X 9 FT,57050024,,,,,,,4-Jun-2026,5-Jun-2026,
,TOP URGENT,TOP URGENT,RF-12705,AMAZON,113-2607967-9090660,KELLY,,1-Jun-2026,1,COTTON DHURRIE,4 X 6 FT,Yes,6-Jun-2026,DISPATCHED,,8-Jun-2026,HGD-161B,Dispatch,,KELLY ABRAM,1702 E PALO VERDE DR,,PHOENIX,AZ ,85016,United States,1 415-851-9136 ext. 31295,,CUSTOMER,HETALLS GLOBAL PRIVATE LIMITED,Individual,Consumer,COTTON DHURRIE-HGD-161B,4 X 6 FT,1,$124.00,HANDMADE COTTON DHURRIE-HGD-161B-4 X 6 FT,57050024,,,,,,,,8-Jun-2026,
,TOP URGENT,TOP URGENT,RF-12706,AMAZON,112-4975598-9167451,Courtney,,1-Jun-2026,1,COTTON DHURRIE,3 X 5 FT,Yes,6-Jun-2026,DISPATCHED,,6-Jun-2026,HP-272,Dispatch,,Courtney Sancillo,125 EAGLE DR,,LIPAN,TX,76462-2913,United States,1 602-671-6610 ext. 94713,,CUSTOMER,HETALLS GLOBAL PRIVATE LIMITED,Individual,Consumer,COTTON DHURRIE-HP-272,3 X 5 FT,1,$99.00,HANDMADE COTTON DHURRIE-HP-272-3 X 5 FT,57050024,,,,,,,,6-Jun-2026,
Buyer National Id: GODA910801RJ9,TOP URGENT,TOP URGENT,RF-12707,AMAZON,701-6021189-6245837,Andrea,,1-Jun-2026,1,COTTON DHURRIE,5 X 10 FT,Yes,6-Jun-2026,DISPATCHED,,6-Jun-2026,HGD-161B,Dispatch,,Andrea Gomez,Naciones unidas los castaños 218 7500,VIRREYES RESIDENCIAL,ZAPOPAN, JALISCO,45110,Mexico,523316033828,,CUSTOMER,HETALLS GLOBAL PRIVATE LIMITED,Individual,Consumer,COTTON DHURRIE-HGD-161B,5 X 10 FT,1,$344.84,HANDMADE COTTON DHURRIE-HGD-161B-5 X 10 FT,57050024,,,,,,,,6-Jun-2026,
,TOP URGENT,TOP URGENT,RF-12708,AMAZON,113-3473415-7409059,Techsin,,1-Jun-2026,1,COTTON DHURRIE,2.6 X 8 FT,Yes,6-Jun-2026,DISPATCHED,,8-Jun-2026,HP-103,Dispatch,,Carolyn Ty,101 BEDFORD AVE APT B304,,BROOKLYN,NY ,11211-3255,United States,1 619-854-2705 ext. 35832,,CUSTOMER,HETALLS GLOBAL PRIVATE LIMITED,Individual,Consumer,COTTON DHURRIE-HP-103,2.6 X 8 FT,1,$96.00,HANDMADE COTTON DHURRIE-HP-103-2.6 X 8 FT,57050024,,,,,,,,8-Jun-2026,
,TOP URGENT,TOP URGENT,RF-12709,AMAZON,111-5024504-3276222,Susan,,1-Jun-2026,1,JUTE DHURRIE,4 X 8 FT,No,8-Jun-2026,DISPATCHED,,10-Jun-2026,VI-61,Dispatch,,Mr. and Mrs. Jeff Nedblake,6001 JULIAN DR,,KANSAS CITY,MO,64152-3214,United States,1 619-854-2705 ext. 38609,,CUSTOMER,HETALLS GLOBAL PRIVATE LIMITED,Individual,Consumer,JUTE DHURRIE-VI-61,4 X 8 FT,1,$263.00,HANDMADE JUTE DHURRIE-VI-61-4 X 8 FT,57050039,,,,,,,8-Jun-2026,9-Jun-2026,
,TOP URGENT,TOP URGENT,RF-12710,AMAZON,408-4417987-9781121,deborah,,1-Jun-2026,1,JUTE DHURRIE,6 X 9 FT,No,8-Jun-2026,DISPATCHED,,10-Jun-2026,NR-108E,Dispatch,,deborah van mol,urb valle del sol Guadalmina alta,Calle 7 nr 66-67a,marbella,malaga,29670,Spain,659086578,,CUSTOMER,HETALLS GLOBAL PRIVATE LIMITED,Individual,Consumer,JUTE DHURRIE-NR-108E,6 X 9 FT,1,$438.09,HANDMADE JUTE DHURRIE-NR-108E-6 X 9 FT,57050039,,,,,,,8-Jun-2026,9-Jun-2026,
,TOP URGENT,TOP URGENT,RF-12711,AMAZON,404-3334202-3840338,Veronique,,1-Jun-2026,1,JUTE DHURRIE,3 X 10 FT,No,8-Jun-2026,DISPATCHED,,10-Jun-2026,VI-61,Dispatch,,PEERO Denise,"Baron Opsomerdreef, 31",,Overijse,,3090,Belgium,3226877912,,CUSTOMER,HETALLS GLOBAL PRIVATE LIMITED,Individual,Consumer,JUTE DHURRIE-VI-61,3 X 10 FT,1,$215.55,HANDMADE JUTE DHURRIE-VI-61-3 X 10 FT,57050039,,,,,,,8-Jun-2026,9-Jun-2026,
,,,RF-12712-1/3,ETSY-RUGSFOREVER,4074198906,"
Sabrina Abdelwahab",,1-Jun-2026,1,JUTE DHURRIE,5 X 7 FT,No,6-Jun-2026,DISPATCHED,,10-Jun-2026,NR-1049C,Dispatch,,"
Sabrina Abdelwahab",2059 48th St,# 3FL,"ASTORIA, ",NY,11105-1203,United States,9293303325,sabdelwahab97@gmail.com,CUSTOMER,HETALLS GLOBAL PRIVATE LIMITED,Individual,Consumer,JUTE DHURRIE-NR-1049C,5 X 7 FT,1,$171.60,HANDMADE JUTE DHURRIE-NR-1049C-5 X 7 FT,57050039,,,,,,,,10-Jun-2026,
,,,RF-12712-2/3,ETSY-RUGSFOREVER,4074198906,"
Sabrina Abdelwahab",,1-Jun-2026,1,JUTE DHURRIE,2.6 X 8 FT,No,6-Jun-2026,CANCELLED,cancel ,,NR-129A,Dispatch,,"
Sabrina Abdelwahab",2059 48th St,# 3FL,"ASTORIA, ",NY,11105-1203,United States,9293303325,sabdelwahab97@gmail.com,CUSTOMER,HETALLS GLOBAL PRIVATE LIMITED,Individual,Consumer,JUTE DHURRIE-NR-129A,2.6 X 8 FT,1,$146.25,HANDMADE JUTE DHURRIE-NR-129A-2.6 X 8 FT,57050039,,,,,,,,,
,,,RF-12712-3/3,ETSY-RUGSFOREVER,4074198906,"
Sabrina Abdelwahab",,1-Jun-2026,1,JUTE DHURRIE,5 X 7 FT,No,6-Jun-2026,DISPATCHED,,10-Jun-2026,VI-78A,Dispatch,,"
Sabrina Abdelwahab",2059 48th St,# 3FL,"ASTORIA, ",NY,11105-1203,United States,9293303325,sabdelwahab97@gmail.com,CUSTOMER,HETALLS GLOBAL PRIVATE LIMITED,Individual,Consumer,JUTE DHURRIE-VI-78A,5 X 7 FT,1,$172.25,HANDMADE JUTE DHURRIE-VI-78A-5 X 7 FT,57050039,,,,,,,,10-Jun-2026,
,,,RF-12713,ETSY-CASAVANI,4078473219,Catharine MacKinnon,,1-Jun-2026,1,COTTON DHURRIE,2 X 8 FT,No,5-Jun-2026,DISPATCHED,,6-Jun-2026,HGD-129-LR,Dispatch,,Catharine MacKinnon,8 Castlethorpe ,Crescent,Ottawa ,ON,K2G 5P5,Canada,6133242045,catharineelaine@gmail.com,CUSTOMER,HETALLS GLOBAL PRIVATE LIMITED,Individual,Consumer,COTTON DHURRIE-HGD-129-LR,2 X 8 FT,1,$67.60,HANDMADE COTTON DHURRIE-HGD-129-LR-2 X 8 FT,57050024,,,,,,,,5-Jun-2026,
,,,RF-12714,ETSY-CASAVANI,4078467207,Jane Geisler,,1-Jun-2026,1,COTTON DHURRIE,3 X 5 FT,Yes,5-Jun-2026,DISPATCHED,,6-Jun-2026,HP-259C,Dispatch,,Jane Geisler,909 Congress ,"Street
NEW","ORLEANS, ",LA,70117,United States,1-781-718-3967,janegeisler@gmail.com,CUSTOMER,HETALLS GLOBAL PRIVATE LIMITED,Individual,Consumer,COTTON DHURRIE-HP-259C,3 X 5 FT,1,$74.10,HANDMADE COTTON DHURRIE-HP-259C-3 X 5 FT,57050039,,,,,,,8-Jun-2026,5-Jun-2026,
,TOP URGENT,TOP URGENT,RF-12715-1/3,AMAZON,111-2006083-4878653,Lesli Hart,,1-Jun-2026,1,JUTE DHURRIE,3 X 3 FT,No,8-Jun-2026,DISPATCHED,,10-Jun-2026,NR-91,Dispatch,,Lesli Hart,9426 PALM SHORES DR,,SPRING,TX ,77379-4473,United States,1 763-225-9463 ext. 21445,,CUSTOMER,HETALLS GLOBAL PRIVATE LIMITED,Individual,Consumer,JUTE DHURRIE-NR-91,3 X 3 FT,1,$45.00,HANDMADE JUTE DHURRIE-NR-91-3 X 3 FT,57050039,,,,,,,,10-Jun-2026,
,TOP URGENT,TOP URGENT,RF-12715-2/3,AMAZON,111-2006083-4878653,Lesli Hart,,1-Jun-2026,1,JUTE DHURRIE,6 X 8 FT,No,8-Jun-2026,DISPATCHED,,10-Jun-2026,NR-91,Dispatch,,Lesli Hart,9426 PALM SHORES DR,,SPRING,TX ,77379-4473,United States,1 763-225-9463 ext. 21445,,CUSTOMER,HETALLS GLOBAL PRIVATE LIMITED,Individual,Consumer,JUTE DHURRIE-VI-78A,6 X 8 FT,1,$186.00,HANDMADE JUTE DHURRIE-NR-91-6 X 8 FT,57050039,,,,,,,8-Jun-2026,10-Jun-2026,
,TOP URGENT,TOP URGENT,RF-12715-3/3,AMAZON,111-2006083-4878653,Lesli Hart,,1-Jun-2026,1,JUTE DHURRIE,6 x 6 FT,No,8-Jun-2026,DISPATCHED,,10-Jun-2026,NR-91,Dispatch,,Lesli Hart,9426 PALM SHORES DR,,SPRING,TX ,77379-4473,United States,1 763-225-9463 ext. 21445,,CUSTOMER,HETALLS GLOBAL PRIVATE LIMITED,Individual,Consumer,COTTON DHURRIE-HGD-129-LR,6 x 6 FT,1,$141.00,HANDMADE JUTE DHURRIE-NR-91-6 x 6 FT,57050024,,,,,,,,10-Jun-2026,
,,,RF-12716,ETSY-CASAVANI,4078670609,Melissa Maas,,1-Jun-2026,1,COTTON DHURRIE,2 X 12 FT,No,5-Jun-2026,DISPATCHED,,10-Jun-2026,STK-26H,Dispatch,,Melissa Maas,10/848 Glen huntly Rd,Caulfield , South ,VIC,3162,Australia,438767619,2vhhm5q5yj@privaterelay.appleid.com,CUSTOMER,HETALLS GLOBAL PRIVATE LIMITED,Individual,Consumer,COTTON DHURRIE-HP-259C,2 X 12 FT,1,$100.75,HANDMADE COTTON DHURRIE-STK-26H-2 X 12 FT,57050024,,,,,,,,8-Jun-2026,
,,,RF-12717,ETSY-CASAVANI,4074891804,ALICE WOOD,,2-Jun-2026,1,COTTON DHURRIE,5 X 8 FT,Yes,6-Jun-2026,DISPATCHED,,6-Jun-2026,HP-259A,Dispatch,,ALICE WOOD,3 Cripple Syke,,"Leeds, ",West Yorkshire ,LS18 5AY,United Kingdom,447411216958,alicehannahwood@hotmail.co.uk,CUSTOMER,HETALLS GLOBAL PRIVATE LIMITED,Individual,Consumer,COTTON DHURRIE-HP-259A,5 X 8 FT,1,$169.00,HANDMADE COTTON DHURRIE-HP-259A-5 X 8 FT,57050024,,,,,,,,6-Jun-2026,
,,,RF-12718,ETSY-CASAVANI,4078899631,Lauren Vollinger,,2-Jun-2026,1,COTTON DHURRIE,5 X 7 FT,No,6-Jun-2026,DISPATCHED,,8-Jun-2026,STK-26P,Dispatch,,Lauren Vollinger,2016 N Whitcomb St,,Fort Collins,", CO ",80524,United States,913-909-7862,laurenadillman89@gmail.com,CUSTOMER,HETALLS GLOBAL PRIVATE LIMITED,Individual,Consumer,COTTON DHURRIE-STK-26P,5 X 7 FT,1,$168.35,HANDMADE COTTON DHURRIE-STK-26P-5 X 7 FT,57050024,,,,,,,,8-Jun-2026,
,,,RF-12719,ETSY-RUGSFOREVER,4074594936,Lisa newton,,2-Jun-2026,1,CHINDI-COTTON,3 X 3 FT,No,6-Jun-2026,DISPATCHED,,10-Jun-2026,VI-02,Dispatch,,Lisa newton,1311 N Shore Dr,,"Clear Lake,",IA , 50428-1235,United States,2392072829,lisaclark514@yahoo.com,CUSTOMER,HETALLS GLOBAL PRIVATE LIMITED,Individual,Consumer,CHINDI-COTTON-VI-02,3 X 3 FT,1,$74.75,HANDMADE CHINDI-COTTON-VI-02-3 X 3 FT,57050024,,,,,,,8-Jun-2026,8-Jun-2026,
,TOP URGENT,TOP URGENT,RF-12720,AMAZON, 113-1360000-8453062,christine,,2-Jun-2026,1,JUTE DHURRIE,2.6 X 4 FT,No,8-Jun-2026,DISPATCHED,,10-Jun-2026,VI-50,Dispatch,,christine johansen-ristaino,5742 DARMONDALE,,SAN ANTONIO,TX,78261-2624,United States,1 415-851-9136 ext. 68229,,CUSTOMER,HETALLS GLOBAL PRIVATE LIMITED,Individual,Consumer,JUTE DHURRIE-VI-50,2.6 X 4 FT,1,$64.00,HANDMADE JUTE DHURRIE-VI-50-2.6 X 4 FT,57050039,,,,,,,8-Jun-2026,9-Jun-2026,
,TOP URGENT,TOP URGENT,RF-12721,AMAZON,111-9096524-1266602,Richard,,2-Jun-2026,1,COTTON DHURRIE,2.6 X 4 FT,Yes,8-Jun-2026,DISPATCHED,,8-Jun-2026,HP-105,Dispatch,,Beau Trudel,1001 13TH ST N,,SAINT PETERSBURG, FL,33705-1138,United States,1 763-225-9463 ext. 47214,,CUSTOMER,HETALLS GLOBAL PRIVATE LIMITED,Individual,Consumer,COTTON DHURRIE-HP-105,2.6 X 4 FT,1,$64.00,HANDMADE COTTON DHURRIE-HP-105-2.6 X 4 FT,57050024,,,,,,,,8-Jun-2026,
,TOP URGENT,TOP URGENT,RF-12722,AMAZON,113-0780413-5636241,Darko,,2-Jun-2026,1,JUTE DHURRIE,3 X 5 FT,No,8-Jun-2026,DISPATCHED,,6-Jun-2026,NR-30,Dispatch,,G,6802 10TH AVE 2,,BROOKLYN,NY,11219-5809,United States,1 929-436-4790 ext. 52367,,CUSTOMER,HETALLS GLOBAL PRIVATE LIMITED,Individual,Consumer,JUTE DHURRIE-NR-30,3 X 5 FT,1,$79.00,HANDMADE JUTE DHURRIE-NR-30-3 X 5 FT,57050039,,,,,,,4-Jun-2026,5-Jun-2026,
"Buyer cancellation
Cancellation reason: Reason left unspecified",TOP URGENT,TOP URGENT,RF-12723,AMAZON,112-9678179-0888222,Lindsay,,2-Jun-2026,1,WOOL JUTE,2 X 8 FT,Yes,16-Jun-2026,CANCELLED,CANCELLED,,HW-61,Dispatch,,Lindsay Driver,8140 W 10TH AVE,,LAKEWOOD,CO,80214-4079,United States,1 602-671-6610 ext. 63390,,CUSTOMER,HETALLS GLOBAL PRIVATE LIMITED,Individual,Consumer,WOOL JUTE-HW-61,2 X 8 FT,1,$146.00,HANDMADE WOOL JUTE-HW-61-2 X 8 FT,57050039,,,,,,,,,
,TOP URGENT,TOP URGENT,RF-12724-1/2,AMAZON,204-2886687-8320348,Clare,,2-Jun-2026,2,COTTON DHURRIE,4 X 6 FT,Yes,8-Jun-2026,DISPATCHED,,10-Jun-2026,STK-26B,Dispatch,,Clare Baker,BATTENHURST FARM,Battenhurst Road,Stonegate,East Sussex,TN5 7DU,United Kingdom,7774491801,,CUSTOMER,HETALLS GLOBAL PRIVATE LIMITED,Individual,Consumer,COTTON DHURRIE-STK-26B,4 X 6 FT,2,$200.32,HANDMADE COTTON DHURRIE-STK-26B-4 X 6 FT,57050024,,,,,,,,9-Jun-2026,
,TOP URGENT,TOP URGENT,RF-12724-2/2,AMAZON,204-2886687-8320348,Clare,,2-Jun-2026,2,COTTON DHURRIE,2.6 X 8 FT,Yes,8-Jun-2026,DISPATCHED,,10-Jun-2026,STK-26B,Dispatch,,Clare Baker,BATTENHURST FARM,Battenhurst Road,Stonegate,East Sussex,TN5 7DU,United Kingdom,7774491801,,CUSTOMER,HETALLS GLOBAL PRIVATE LIMITED,Individual,Consumer,COTTON DHURRIE-STK-26B,2.6 X 8 FT,2,$163.71,HANDMADE COTTON DHURRIE-STK-26B-2.6 X 8 FT,57050024,,,,,,,,9-Jun-2026,
,,,RF-12725,PEPPERFRY,310834411_FU2034129-S-PM39203,Pankaj Kansra,,2-Jun-2026,1,COTTON DHURRIE,4 X 6 FT,Yes,7-Jun-2026,DISPATCHED,,11-Jun-2026,JHGD-15,Dispatch,,Pankaj Kansra,162 Upper Ground Floor,State Bank Nagar Paschim Vihar,Delhi ,Delhi ,110087,"India,",9873498709,,CUSTOMER,HETALLS GLOBAL PRIVATE LIMITED,Individual,Consumer,COTTON DHURRIE-JHGD-15,4 X 6 FT,1,$23.57,HANDMADE COTTON DHURRIE-JHGD-15-4 X 6 FT,57050024,,,,,,,,9-Jun-2026,
,,,RF-12726,ETSY-CASAVANI,4080510515,Melanie Assumma,,3-Jun-2026,2,COTTON DHURRIE,2 X 3 FT,Yes,8-Jun-2026,DISPATCHED,,10-Jun-2026,MR-67,Dispatch,,"	
Melanie Assumma",42544 Garcia Way,,"Temecula,",CA,92592,United States,,fassumma@yahoo.com,CUSTOMER,HETALLS GLOBAL PRIVATE LIMITED,Individual,Consumer,COTTON DHURRIE-MR-67,2 X 3 FT,2,$97.50,HANDMADE COTTON DHURRIE-MR-67-2 X 3 FT,57050024,,,,,,,,8-Jun-2026,
,,,RF-12727,ETSY-CASAVANI,4080117959,Ellen M Joseph,,3-Jun-2026,1,COTTON DHURRIE,2 X 14 FT,No,8-Jun-2026,DISPATCHED,,10-Jun-2026,STK-40R,Dispatch,,Ellen M Joseph,89 Ventura Street,,"Half Moon Bay,",CA,94019,United States,,,CUSTOMER,HETALLS GLOBAL PRIVATE LIMITED,Individual,Consumer,COTTON DHURRIE-STK-40R,2 X 14 FT,1,$135.85,HANDMADE COTTON DHURRIE-STK-40R-2 X 14 FT,57050024,,,,,,,,8-Jun-2026,
,TOP URGENT,TOP URGENT,RF-12728,AMAZON,114-8149955-3903428,Damita,,3-Jun-2026,1,JUTE DHURRIE,3 X 3 FT,No,9-Jun-2026,DISPATCHED,,10-Jun-2026,NR-149,Dispatch,,Damita Thomas,835 GOLF VALLEY DR,,APOPKA, FL,32712-4070,United States,1 619-854-2705 ext. 31485,,CUSTOMER,HETALLS GLOBAL PRIVATE LIMITED,Individual,Consumer,JUTE DHURRIE-NR-149,3 X 3 FT,1,$60.00,HANDMADE JUTE DHURRIE-NR-149-3 X 3 FT,57050039,,,,,,,8-Jun-2026,9-Jun-2026,
,TOP URGENT,TOP URGENT,RF-12729,AMAZON,112-8177939-8612264,Sandra,,3-Jun-2026,1,COTTON DHURRIE,5 X 5 FT,Yes,9-Jun-2026,DISPATCHED,,10-Jun-2026,JHGD-02A,Dispatch,,Sandra spiro,4705 HENRY HUDSON PKWY W APT 12J,,BRONX,NY,10471-3236,United States,1 619-854-2705 ext. 22757,,CUSTOMER,HETALLS GLOBAL PRIVATE LIMITED,Individual,Consumer,COTTON DHURRIE-JHGD-02A,5 X 5 FT,1,$128.00,HANDMADE COTTON DHURRIE-JHGD-02A-5 X 5 FT,57050024,,,,,,,,9-Jun-2026,
,TOP URGENT,TOP URGENT,RF-12730,AMAZON,114-2840491-7916237,Erica,,3-Jun-2026,1,COTTON DHURRIE,2.6 X 4 FT,Yes,9-Jun-2026,DISPATCHED,,11-Jun-2026,HGD-161,Dispatch,,Erica Van Steen,2210 1ST ST NW APT 1,,"WASHINGTON,",DC,20001-1016,United States,1 213-442-1463 ext. 81398,,CUSTOMER,HETALLS GLOBAL PRIVATE LIMITED,Individual,Consumer,COTTON DHURRIE-HGD-161,2.6 X 4 FT,1,$64.00,HANDMADE COTTON DHURRIE-HGD-161-2.6 X 4 FT,57050024,,,,,,,,11-Jun-2026,
,TOP URGENT,TOP URGENT,RF-12731,AMAZON,111-8084850-5797057,"
christine",,3-Jun-2026,1,COTTON DHURRIE,4 X 15 FT,Yes,9-Jun-2026,DISPATCHED,,10-Jun-2026,HP-206,Dispatch,,christine williams-ryba,25534 HAZY HOLW,,SAN ANTONIO,TX ,78255-3600,United States,1 213-442-1463 ext. 18880,,CUSTOMER,HETALLS GLOBAL PRIVATE LIMITED,Individual,Consumer,COTTON DHURRIE-HP-206,4 X 15 FT,1,$390.00,HANDMADE COTTON DHURRIE-HP-206-4 X 15 FT,57050024,,,,,,,,10-Jun-2026,
,,,RF-12732,ETSY-CASAVANI,4081020415,Kimberly Bone,,4-Jun-2026,1,COTTON DHURRIE,2.5 X 8 FT ,No,8-Jun-2026,DISPATCHED,,8-Jun-2026,STK-82R,Dispatch,,Kimberly Bone,,505 State St,APT 19D,NY, 11217-5369,United States,919 830-7509,bone.kimberlyd@gmail.com,CUSTOMER,HETALLS GLOBAL PRIVATE LIMITED,Individual,Consumer,COTTON DHURRIE-STK-82R,2.5 X 8 FT ,1,$100.75,HANDMADE COTTON DHURRIE-STK-82R-2.5 X 8 FT ,57050024,,,,,,,,8-Jun-2026,
"Buyer cancellation
Cancellation reason: Reason left unspecified",TOP URGENT,TOP URGENT,RF-12733,AMAZON,114-5129397-4700220,j del rosario,,4-Jun-2026,1,JUTE DHURRIE,2.5 X 10 FT,No,10-Jun-2026,CANCELLED,CANCELLED,,NR-1065,Dispatch,,j del rosario,12300 SW 69TH CT,,MIAMI,FL,33156-5428,United States,1 763-225-9463 ext. 33157,,CUSTOMER,HETALLS GLOBAL PRIVATE LIMITED,Individual,Consumer,JUTE DHURRIE-NR-1065,2.5 X 10 FT,1,$252.00,HANDMADE JUTE DHURRIE-NR-1065-2.5 X 10 FT,57050039,,,,,,,12-Jun-2026,,
,TOP URGENT,TOP URGENT,RF-12734,AMAZON,111-9079118-5393069,Irene,,4-Jun-2026,1,COTTON DHURRIE,4 X 7 FT,Yes,9-Jun-2026,DISPATCHED,,11-Jun-2026,HGD-129,Dispatch,,Irene Vest,17 DIXIE AVE,,KILMARNOCK,VA ,22482-9654,United States,1 763-225-9463 ext. 58788,,CUSTOMER,HETALLS GLOBAL PRIVATE LIMITED,Individual,Consumer,COTTON DHURRIE-HGD-129,4 X 7 FT,1,$144.00,HANDMADE COTTON DHURRIE-HGD-129-4 X 7 FT,57050024,,,,,,,,11-Jun-2026,
,TOP URGENT,TOP URGENT,RF-12735,AMAZON,112-7185669-9248222,Theresa,,4-Jun-2026,1,COTTON DHURRIE,2 X 20 FT,Yes,9-Jun-2026,DISPATCHED,,10-Jun-2026,HP-103A,Dispatch,,Theresa Zurn,601 Parkenham Drive,,Hendersonville,Tennessee,37075,United States,1 346-307-9643 ext. 00054,,CUSTOMER,HETALLS GLOBAL PRIVATE LIMITED,Individual,Consumer,COTTON DHURRIE-HP-103A,2 X 20 FT,1,$260.00,HANDMADE COTTON DHURRIE-HP-103A-2 X 20 FT,57050024,,,,,,,,10-Jun-2026,
,,,RF-12736,ETSY-CASAVANI,4081604575,Laura Menzies,,4-Jun-2026,1,COTTON DHURRIE,3 X 12 FT,No,8-Jun-2026,DISPATCHED,,10-Jun-2026,STK-26H,Dispatch,,Laura Menzies,10 Lovely Meadows Ct,,Rosebud,VIC,3939,Australia,413372244,laura.menzies1@gmail.com,CUSTOMER,HETALLS GLOBAL PRIVATE LIMITED,Individual,Consumer,COTTON DHURRIE-STK-26H,3 X 12 FT,1,$234.00,HANDMADE COTTON DHURRIE-STK-26H-3 X 12 FT,57050024,,,,,,,,9-Jun-2026,
,,,RF-12737,ETSY-RUGSFOREVER,4077695040,Judith Becker,,5-Jun-2026,1,JUTE DHURRIE,3 X 3 FT,No,9-Jun-2026,DISPATCHED,,16-Jun-2026,NR-183B,Dispatch,,Judith Becker,Bürgeler Straße 34,,Offenbach am Main,Offenbach am Main,63075,Germany,,j.becker-of@gmx.de,CUSTOMER,HETALLS GLOBAL PRIVATE LIMITED,Individual,Consumer,JUTE DHURRIE-NR-183B,3 X 3 FT,1,$63.05,HANDMADE JUTE DHURRIE-NR-183B-3 X 3 FT,57050039,,,,,,,14-Jun-2026,16-Jun-2026,
,,,RF-12738,ETSY-RUGSFOREVER,4082464597,Lizabeth Eaton,,5-Jun-2026,1,WOOL JUTE,2.6 X 8 FT,Yes,15-Jun-2026,DISPATCHED,,16-Jun-2026,HW-61,Dispatch,,Lizabeth Eaton,2705 NE 40th Ave,,"Portland,",OR,97212,United States,13038881819,lizabethmeaton@gmail.com,CUSTOMER,HETALLS GLOBAL PRIVATE LIMITED,Individual,Consumer,WOOL JUTE-HW-61,2.6 X 8 FT,1,$146.25,HANDMADE WOOL JUTE-HW-61-2.6 X 8 FT,57050039,,,,,,,15-Jun-2026,15-Jun-2026,
,TOP URGENT,TOP URGENT,RF-12739,AMAZON, 113-1601851-5010624,K.Cullen,,5-Jun-2026,1,COTTON DHURRIE,5 X 7 FT,Yes,11-Jun-2026,DISPATCHED,,12-Jun-2026,HGD-161B,Dispatch,,Kimberly Cullen,73 COBALT LN,,MIRAMAR BEACH,FL,32550-5262,United States,1 210-728-4548 ext. 68945,,CUSTOMER,HETALLS GLOBAL PRIVATE LIMITED,Individual,Consumer,COTTON DHURRIE-HGD-161B,5 X 7 FT,1,$184.00,HANDMADE COTTON DHURRIE-HGD-161B-5 X 7 FT,57050024,,,,,,,,12-Jun-2026,
,TOP URGENT,TOP URGENT,RF-12740,AMAZON,112-3159147-2402667,Angela,,5-Jun-2026,1,COTTON DHURRIE,2.6 X 4 FT,Yes,11-Jun-2026,DISPATCHED,,11-Jun-2026,HGD-161B,Dispatch,,Kara Coulter,330 JOHNSON ST APT 3,,SAUSALITO,CA,94965-2138,United States,1 415-851-9136 ext. 91142,,CUSTOMER,HETALLS GLOBAL PRIVATE LIMITED,Individual,Consumer,COTTON DHURRIE-HGD-161B,2.6 X 4 FT,1,$64.00,HANDMADE COTTON DHURRIE-HGD-161B-2.6 X 4 FT,57050024,,,,,,,,11-Jun-2026,
"Buyer cancellation
Cancellation reason: Reason left unspecified",,,RF-12741,AMAZON,205-3780054-0769931,	Romee,,5-Jun-2026,1,WOOL JUTE,2 X 6 FT,Yes,20-Jun-2026,CANCELLED,CANCELLED,,WJRH-15,Dispatch,,RightAsRayne Fisher,"8
ELDON STREET",,LEICESTER,,LE1 3QL,United Kingdom,44 07875014798,,CUSTOMER,HETALLS GLOBAL PRIVATE LIMITED,Individual,Consumer,WOOL JUTE-WJRH-15,2 X 6 FT,1,$71.62,HANDMADE WOOL JUTE-WJRH-15-2 X 6 FT,57050039,,,,,,,,,
IOSS VAT identification number:  IM4420001405,TOP URGENT,TOP URGENT,RF-12742,AMAZON,171-1573915-5771535,Bisard,,5-Jun-2026,1,COTTON DHURRIE,2 X 3 FT,Yes,11-Jun-2026,DISPATCHED,,12-Jun-2026,STK-96,Dispatch,,Bisard,"12, Esplanade du Port",,Auvillar,,82340,France,33754362613,,CUSTOMER,HETALLS GLOBAL PRIVATE LIMITED,Individual,Consumer,COTTON DHURRIE-STK-96,2 X 3 FT,1,$66.67,HANDMADE COTTON DHURRIE-STK-96-2 X 3 FT,57050024,,,,,,,,12-Jun-2026,
" IOSS number, IM3720000224",,,RF-12743,ETSY-RUGSFOREVER,4082562715,Stephanie,,5-Jun-2026,1,CHINDI-COTTON,3 X 3 FT,No,10-Jun-2026,DISPATCHED,,10-Jun-2026,VI-15,Dispatch,,Stephanie,Adenauer,Platz 5,4. Etage,Mönchengladbach,41061,Germany,4917622616624,Stephanie-brass@web.de,CUSTOMER,HETALLS GLOBAL PRIVATE LIMITED,Individual,Consumer,CHINDI-COTTON-VI-15,3 X 3 FT,1,$74.75,HANDMADE CHINDI-COTTON-VI-15-3 X 3 FT,57050024,,,,,,,8-Jun-2026,9-Jun-2026,
,,,RF-12744,ETSY-CASAVANI,4082701665,Morgan Gee,,5-Jun-2026,1,COTTON DHURRIE,2.5 X 14 FT ,No,9-Jun-2026,DISPATCHED,,11-Jun-2026,HGD-129-LR,Dispatch,,Morgan Gee,1619 S Ravinia Pl,,Appleton,WI,54915-1204,United States,414-531-0520,geemorgan25@gmail.com,CUSTOMER,HETALLS GLOBAL PRIVATE LIMITED,Individual,Consumer,COTTON DHURRIE-HGD-129-LR,2.5 X 14 FT ,1,$175.50,HANDMADE COTTON DHURRIE-HGD-129-LR-2.5 X 14 FT ,57050024,,,,,,,,11-Jun-2026,
,, CERD961012FT7,RF-12745,ETSY-CASAVANI,4083195159,Diana María Chen Rodríguez,,6-Jun-2026,1,COTTON DHURRIE,6 x 6 FT,No,10-Jun-2026,DISPATCHED,,12-Jun-2026,HGD-110A,Dispatch,,Diana María Chen Rodríguez,Puno 640,LINDAVISTA Ciudad de,Mexico City,Mexico,7300,Mexico,5559685941,diana96.chen@gmail.com,CUSTOMER,HETALLS GLOBAL PRIVATE LIMITED,Individual,Consumer,COTTON DHURRIE-HGD-110A,6 x 6 FT,1,$152.75,HANDMADE COTTON DHURRIE-HGD-110A-6 x 6 FT,57050024,,,,,,,,12-Jun-2026,
,,,RF-12746,ETSY-RUGSFOREVER,4083382227,Kate Berg,,6-Jun-2026,1,CHINDI-COTTON,9 X 15 FT,No,11-Jun-2026,DISPATCHED,,13-Jun-2026,NR-72,Dispatch,,Kate Berg,,406 potter road,Framingham,MA,1701,United States,970-646-5212,katebeckcvt@gmail.com,CUSTOMER,HETALLS GLOBAL PRIVATE LIMITED,Individual,Consumer,CHINDI-COTTON-NR-72,9 X 15 FT,1,$750.75,HANDMADE CHINDI-COTTON-NR-72-9 X 15 FT,57050024,,,,,,,12-Jun-2026,13-Jun-2026,
,TOP URGENT,TOP URGENT,RF-12747,AMAZON,114-0491126-1871404,John,,6-Jun-2026,1,CHINDI-COTTON,4 X 4 FT,No,12-Jun-2026,DISPATCHED,,13-Jun-2026,NR-80,Dispatch,,John Antrobus,800 REDFIELD PKWY APT 136,,RENO,NV ,89509-6532,United States,1 415-851-9136 ext. 05570,,CUSTOMER,HETALLS GLOBAL PRIVATE LIMITED,Individual,Consumer,CHINDI-COTTON-NR-80,4 X 4 FT,1,$88.00,HANDMADE CHINDI-COTTON-NR-80-4 X 4 FT,57050024,,,,,,,12-Jun-2026,13-Jun-2026,
,TOP URGENT,TOP URGENT,RF-12748,AMAZON,112-5452508-7474611,Paul,,6-Jun-2026,1,WOOL JUTE,5 X 7 FT,Yes,20-Jun-2026,DISPATCHED,,24-Jun-2026,WJRH-13,Dispatch,,Paul Heiderscheidt,237 SPERRY LOOP,,WAHIAWA,HI,96786-4183,United States,1 619-854-2705 ext. 61553,,CUSTOMER,HETALLS GLOBAL PRIVATE LIMITED,Individual,Consumer,WOOL JUTE-WJRH-13,5 X 7 FT,1,$220.00,HANDMADE WOOL JUTE-WJRH-13-5 X 7 FT,57050039,,,,,20-Jun-2026,,20-Jun-2026,24-Jun-2026,
"Buyer cancellation
Cancellation reason: Reason left unspecified",TOP URGENT,TOP URGENT,RF-12749-1/2,AMAZON,112-9454416-6747447,LIN,,6-Jun-2026,1,JUTE DHURRIE,6 X 9 FT,No,12-Jun-2026,CANCELLED,CANCELLED,,NR-56,Dispatch,,LIN MA,1510 PELICAN POINT DR APT BA267,,SARASOTA,FL,34231-1716,United States,1 619-854-2705 ext. 02203,,CUSTOMER,HETALLS GLOBAL PRIVATE LIMITED,Individual,Consumer,JUTE DHURRIE-NR-56,6 X 9 FT,1,$262.50,HANDMADE JUTE DHURRIE-NR-56-6 X 9 FT,57050039,,,,,,,12-Jun-2026,,
"Buyer cancellation
Cancellation reason: Reason left unspecified",TOP URGENT,TOP URGENT,RF-12749-2/2,AMAZON,112-9454416-6747447,LIN,,6-Jun-2026,1,JUTE DHURRIE,8 X 10 FT,No,12-Jun-2026,CANCELLED,CANCELLED,,NR-432,Dispatch,,LIN MA,1510 PELICAN POINT DR APT BA267,,SARASOTA,FL,34231-1716,United States,1 619-854-2705 ext. 02203,,CUSTOMER,HETALLS GLOBAL PRIVATE LIMITED,Individual,Consumer,JUTE DHURRIE-NR-432,8 X 10 FT,1,$312.00,HANDMADE JUTE DHURRIE-NR-432-8 X 10 FT,57050039,,,,,,,,,
"Buyer cancellation
Cancellation reason: Reason left unspecified",TOP URGENT,TOP URGENT,RF-12750,AMAZON,112-5864836-4717861,cheryl,,6-Jun-2026,1,JUTE DHURRIE,5 X 7 FT,No,12-Jun-2026,CANCELLED,CANCELLED,,NR-108,Dispatch,,cheryl myers,810 Weedon St,,Fredericksburg,Va,22401,United States,1 207-835-4259 ext. 11452,,CUSTOMER,HETALLS GLOBAL PRIVATE LIMITED,Individual,Consumer,JUTE DHURRIE-NR-108,5 X 7 FT,1,$184.00,HANDMADE JUTE DHURRIE-NR-108-5 X 7 FT,57050039,,,,,,,,,
,TOP URGENT,TOP URGENT,RF-12751,AMAZON,205-1533415-4913963,Romee,,6-Jun-2026,1,WOOL JUTE,2.6 X 8 FT,Yes,20-Jun-2026,DISPATCHED,,17-Jun-2026,WJRH-15,Dispatch,,RightAsRayne Fisher,"8
ELDON STREET",,LEICESTER,,LE1 3QL,United Kingdom,44 07875014798,,CUSTOMER,HETALLS GLOBAL PRIVATE LIMITED,Individual,Consumer,WOOL JUTE-WJRH-15,2.6 X 8 FT,1,$102.30,HANDMADE WOOL JUTE-WJRH-15-2.6 X 8 FT,57050039,,,,,,,15-Jun-2026,16-Jun-2026,
,,,RF-12752,ETSY-RUGSFOREVER,4083280321,Diane Hulbert,,6-Jun-2026,1,JUTE DHURRIE,2 X 3 FT,No,11-Jun-2026,DISPATCHED,,12-Jun-2026,VI-24D,Dispatch,,Diane Hulbert,6904 Wythe,Hill Cir,"Prospect,",KY,40059-9401,United States,502-523-1418,diane.hulbert@aol.com,CUSTOMER,HETALLS GLOBAL PRIVATE LIMITED,Individual,Consumer,JUTE DHURRIE- VI-24D,2 X 3 FT,1,$68.25,HANDMADE JUTE DHURRIE- VI-24D-2 X 3 FT,57050039,,,,,,,,12-Jun-2026,
,TOP URGENT,TOP URGENT,RF-12753,AMAZON,114-0773391-0862657,Greg,,6-Jun-2026,1,WOOL JUTE,8 X 10 FT,Yes,20-Jun-2026,DISPATCHED,,12-Jun-2026,WJRH-13,Dispatch,,Gregory Alan Isakov,7770 VALMONT RD BOULDER CO 80301,,BOULDER,CO,80301-4803,United States,1 619-854-2705 ext. 17047,,CUSTOMER,HETALLS GLOBAL PRIVATE LIMITED,Individual,Consumer,WOOL JUTE-WJRH-13,8 X 10 FT,1,$520.00,HANDMADE WOOL JUTE-WJRH-13-8 X 10 FT,57050039,,,,IN STOCK,,,,12-Jun-2026,
,TOP URGENT,TOP URGENT,RF-12754,AMAZON,026-9854672-4522739,   J,,6-Jun-2026,1,JUTE DHURRIE,2.6 X 4 FT SCALLOPED ,No,11-Jun-2026,DISPATCHED,,10-Jun-2026,VI-25,Dispatch,,JEREMY BARRATT,Brick Kiln Farmhouse,East Lexham,KINGS LYNN,Norfolk,PE32 2QW,United Kingdom,1328700652,,CUSTOMER,HETALLS GLOBAL PRIVATE LIMITED,Individual,Consumer,JUTE DHURRIE-VI-25,2.6 X 4 FT SCALLOPED ,1,$51.14,HANDMADE JUTE DHURRIE-VI-25-2.6 X 4 FT SCALLOPED ,57050039,,,,,,,8-Jun-2026,8-Jun-2026,
,TOP URGENT,TOP URGENT,RF-12755,AMAZON,204-3338323-9379523,	roger,,6-Jun-2026,1,WOOL JUTE,3 X 5 FT,Yes,20-Jun-2026,DISPATCHED,,25-Jun-2026,WJRH-02,Dispatch,,Elizabeth windo,16 ALEXANDRA ROAD,,GLOUCESTER,,GL1 3DR,United Kingdom,7979518613,,CUSTOMER,HETALLS GLOBAL PRIVATE LIMITED,Individual,Consumer,WOOL JUTE-WJRH-02,3 X 5 FT,1,$88.96,HANDMADE WOOL JUTE-WJRH-02-3 X 5 FT,57050039,,,,,20-Jun-2026,,24-Jun-2026,25-Jun-2026,
,,,RF-12756,ETSY-CASAVANI,4084559575,Paresh Patel,,8-Jun-2026,1,COTTON DHURRIE,2 X 8 FT,Yes,11-Jun-2026,DISPATCHED,,11-Jun-2026,STK-26B,Dispatch,,Paresh Patel,1230 I St NE,,"Washington,",DC,20002,United States,,paresh_patel@fd.org,CUSTOMER,HETALLS GLOBAL PRIVATE LIMITED,Individual,Consumer,COTTON DHURRIE-STK-26B,2 X 8 FT,1,$83.85,HANDMADE COTTON DHURRIE-STK-26B-2 X 8 FT,57050024,,,,,,,,11-Jun-2026,
,,,RF-12757,ETSY-RUGSFOREVER,4084950643,Tamara Grouse,,8-Jun-2026,1,JUTE DHURRIE,4 X 6 FT,No,13-Jun-2026,DISPATCHED,,17-Jun-2026,NR-1049,Dispatch,,Tamara Grouse,3704 Sheridge Dr,," Sherman Oaks,",CA,91403-5005,United States,,littlewing8@mac.com,CUSTOMER,HETALLS GLOBAL PRIVATE LIMITED,Individual,Consumer,JUTE DHURRIE-NR-1049,4 X 6 FT,1,$169.00,HANDMADE JUTE DHURRIE-NR-1049-4 X 6 FT,57050039,,,,,,,14-Jun-2026,17-Jun-2026,
,,SET OF 6-Pieces  ,RF-12758,ETSY-RUGSFOREVER,4080309630,Christin George,,8-Jun-2026,1,JUTE DHURRIE,9 X 28 Inch,No,12-Jun-2026,DISPATCHED,,16-Jun-2026,NR-1100,Dispatch,,Christin George,17 Torrey Ln,,Holden,MA,1520,United States,508 958 6492,christin3310@gmail.com,CUSTOMER,HETALLS GLOBAL PRIVATE LIMITED,Individual,Consumer,JUTE DHURRIE-NR-1100,9 X 28 Inch,1,$74.10,HANDMADE JUTE DHURRIE-NR-1100-9 X 28 Inch,57050039,,,,,,,14-Jun-2026,15-Jun-2026,
,,,RF-12759,ETSY-RUGSFOREVER,4083939687,Kimberly Umbrage,,8-Jun-2026,1,WOOL JUTE,2 X 3 FT,No,17-Jun-2026,DISPATCHED,,13-Jun-2026,HW-61,Dispatch,,9909 Barrinson NE,,"Albuquerque,","Albuquerque,",NM,87111-5895,United States,(505) 600-5688,kumbragespt17@gmail.com,CUSTOMER,HETALLS GLOBAL PRIVATE LIMITED,Individual,Consumer,WOOL JUTE-HW-61,2 X 3 FT,1,$61.75,HANDMADE WOOL JUTE-HW-61-2 X 3 FT,57050039,,,,,,,11-Jun-2026,13-Jun-2026,
,TOP URGENT,TOP URGENT,RF-12760,AMAZON,113-1031369-3636251,Anne,,8-Jun-2026,1,COTTON DHURRIE,9 X 12 FT,Yes,13-Jun-2026,DISPATCHED,,16-Jun-2026,HGD-132,Dispatch,,Anne Price,150 E SOUTH ST,,SENECA,IL,61360-9404,United States,1 929-436-4790 ext. 61338,,CUSTOMER,HETALLS GLOBAL PRIVATE LIMITED,Individual,Consumer,COTTON DHURRIE-HGD-132,9 X 12 FT,1,$559.00,HANDMADE COTTON DHURRIE-HGD-132-9 X 12 FT,57050024,,,,,,,,15-Jun-2026,
"Buyer cancellation
Cancellation reason: Found Cheaper Somewhere Else",TOP URGENT,TOP URGENT,RF-12761,AMAZON,111-2714497-7610632,Shea,,8-Jun-2026,1,WOOL JUTE,5 X 7 FT,Yes,22-Jun-2026,CANCELLED,CANCELLED,,WJRH-13,Dispatch,,Shea Swauger,5704 S ELATI WAY,,LITTLETON,CO,80120-2308,United States,1 213-442-1463 ext. 75425,,CUSTOMER,HETALLS GLOBAL PRIVATE LIMITED,Individual,Consumer,WOOL JUTE-WJRH-13,5 X 7 FT,1,$195.50,HANDMADE WOOL JUTE-WJRH-13-5 X 7 FT,57050039,,,,,,,,,
,TOP URGENT,TOP URGENT,RF-12762,AMAZON,113-5280516-6768224,	John,,8-Jun-2026,1,JUTE DHURRIE,4 X 10 FT,No,15-Jun-2026,DISPATCHED,,16-Jun-2026,NF-09,Dispatch,,Gold's Gym,2500 Williamson Co Prky,,Marion,IL,62959,United States,1 210-728-4548 ext. 66178,,CUSTOMER,HETALLS GLOBAL PRIVATE LIMITED,Individual,Consumer,JUTE DHURRIE-NF-09,4 X 10 FT,1,$171.00,HANDMADE JUTE DHURRIE-NF-09-4 X 10 FT,57050039,,,,,,,12-Jun-2026,15-Jun-2026,
,,SET OF 10-Pieces  ,RF-12763-1/2,ETSY-RUGSFOREVER,4086009821,Katherine Koenig,,9-Jun-2026,1,CHINDI-COTTON,8.5 X 29 INCH,No,15-Jun-2026,DISPATCHED,,16-Jun-2026,NR-33-Rec-A,Dispatch,,Katherine Koenig,18110 Marcella Rd,,"Cleveland,",OH,44119,United States,,katherinekoenig@sbcglobal.net,CUSTOMER,HETALLS GLOBAL PRIVATE LIMITED,Individual,Consumer,CHINDI-COTTON-NR-33-Rec-A,8.5 X 29 INCH,1,$116.35,HANDMADE CHINDI-COTTON-NR-33-Rec-A-8.5 X 29 INCH,57050024,,,,,,,14-Jun-2026,15-Jun-2026,
,,SET OF 4-Pieces  ,RF-12763-2/2,ETSY-RUGSFOREVER,4086009821,Katherine Koenig,,9-Jun-2026,1,CHINDI-COTTON,8.5X36 Inches,No,15-Jun-2026,DISPATCHED,,16-Jun-2026,NR-33-Rec-A,Dispatch,,Katherine Koenig,18110 Marcella Rd,,"Cleveland,",OH,44119,United States,,katherinekoenig@sbcglobal.net,CUSTOMER,HETALLS GLOBAL PRIVATE LIMITED,Individual,Consumer,CHINDI-COTTON-NR-33-Rec-A,8.5X36 Inches,1,$93.60,HANDMADE CHINDI-COTTON-NR-33-Rec-A-8.5X36 Inches,57050024,,,,,,,14-Jun-2026,15-Jun-2026,
,,,RF-12764,ETSY-RUGSFOREVER,4085473171,Holly Tolisano,,9-Jun-2026,1,JUTE DHURRIE,Custom Size,No,15-Jun-2026,LATE,,,CUSTOM SKU,Dispatch,,Holly Tolisano,183 Cherry ,Springs Ln,Asheville,NC,28804,United States,727-481-2064.,holly.tolisano@gmail.com,CUSTOMER,HETALLS GLOBAL PRIVATE LIMITED,Individual,Consumer,JUTE DHURRIE-CUSTOM SKU,Custom Size,1,$299.65,HANDMADE JUTE DHURRIE-CUSTOM SKU-Custom Size,57050039,,,,16-June 1 pcs received for approval ,,,[06-Aug-2026],,
,TOP URGENT,TOP URGENT,RF-12765,AMAZON,112-1899285-7393037,Christina,,9-Jun-2026,1,WOOL JUTE,4 X 6 FT,Yes,23-Jun-2026,DISPATCHED,,13-Jun-2026,WJRH-21,Dispatch,,Christina Taylor,8508 DICK WOODS RD,,AFTON,VA,22920-1526,United States,1 619-854-2705 ext. 50378,,CUSTOMER,HETALLS GLOBAL PRIVATE LIMITED,Individual,Consumer,WOOL JUTE-WJRH-21,4 X 6 FT,1,$131.75,HANDMADE WOOL JUTE-WJRH-21-4 X 6 FT,57050039,,,,IN STOCK,,,,13-Jun-2026,
,TOP URGENT,TOP URGENT,RF-12766,AMAZON,111-0878858-3777022,MEME,,9-Jun-2026,1,JUTE DHURRIE,2.6 X 10 FT,No,16-Jun-2026,DISPATCHED,,18-Jun-2026,NR-185A,Dispatch,,MEME DESIGN,5817 SHARP RD,,CALISTOGA, CA ,94515,United States,1 210-728-4548 ext. 52030,,CUSTOMER,HETALLS GLOBAL PRIVATE LIMITED,Individual,Consumer,JUTE DHURRIE-NR-185A,2.6 X 10 FT,1,$245.00,HANDMADE JUTE DHURRIE-NR-185A-2.6 X 10 FT,57050039,,,,,,,17-Jun-2026,18-Jun-2026,
,TOP URGENT,TOP URGENT,RF-12767,AMAZON,111-5993614-4168259,Haley,,9-Jun-2026,1,COTTON DHURRIE,2 X 3 FT,Yes,15-Jun-2026,DISPATCHED,,16-Jun-2026,JHGD-02A,Dispatch,,Haley Moses,2129 W MAIN ST,,RICHMOND,VA ,23220-4527,United States,1 602-671-6610 ext. 67083,,CUSTOMER,HETALLS GLOBAL PRIVATE LIMITED,Individual,Consumer,COTTON DHURRIE-JHGD-02A,2 X 3 FT,1,$52.00,HANDMADE COTTON DHURRIE-JHGD-02A-2 X 3 FT,57050024,,,,,,,,15-Jun-2026,
,TOP URGENT,TOP URGENT,RF-12768,AMAZON,249-8929259-4662234,Lucy3709,,9-Jun-2026,1,JUTE DHURRIE,2.5 X 18 FT RUNNER,No,16-Jun-2026,DISPATCHED,,16-Jun-2026,VI-20,Dispatch,,Lucy Siebens,1/35 LOWER ROAD,,NEW NORFOLK,TAS,7140,Australia,481767886,,CUSTOMER,HETALLS GLOBAL PRIVATE LIMITED,Individual,Consumer,JUTE DHURRIE-VI-20,2.5 X 18 FT RUNNER,1,$185.34,HANDMADE JUTE DHURRIE-VI-20-2.5 X 18 FT RUNNER,57050039,,,,,,,12-Jun-2026,13-Jun-2026,
,,,RF-12769,ETSY-RUGSFOREVER,4083252108,Keri Shunk,,10-Jun-2026,1,CHINDI-COTTON,Custom Size,No,15-Jun-2026,DISPATCHED,,20-Jun-2026,CUSTOM SKU,Dispatch,,Keri Shunk,30 Balloch Place,Red Bank,Red Bank,NJ,07701-6111,United States,347-782-1283,kshunk930@gmail.com,CUSTOMER,HETALLS GLOBAL PRIVATE LIMITED,Individual,Consumer,CHINDI-COTTON-CUSTOM SKU,Custom Size,1,$195.00,HANDMADE CHINDI-COTTON-CUSTOM SKU-Custom Size,57050024,,,,,,,17-Jun-2026,20-Jun-2026,
Buyer National Id: TATA950628HDFNSL00,TOP URGENT,TOP URGENT,RF-12770,AMAZON, 702-5314935-2096260,Alfredo,,10-Jun-2026,1,COTTON DHURRIE,2.6 X 10 FT,Yes,15-Jun-2026,DISPATCHED,,16-Jun-2026,HGD-161B,Dispatch,,Alfredo Tanaka,ORIGINA PEDREGAL Anillo Perif. 4271 Torre A INT. 3305,FUENTES DEL PEDREGAL,CIUDAD DE MEXICO,CIUDAD DE MEXICO,14140,Mexico,525542830404,,CUSTOMER,HETALLS GLOBAL PRIVATE LIMITED,Individual,Consumer,COTTON DHURRIE-HGD-161B,2.6 X 10 FT,1,$246.88,HANDMADE COTTON DHURRIE-HGD-161B-2.6 X 10 FT,57050024,,,,,,,,15-Jun-2026,
,TOP URGENT,TOP URGENT,RF-12771,AMAZON,113-0794527-1577809,Kyna,,10-Jun-2026,1,JUTE DHURRIE,3 X 5 FT,No,16-Jun-2026,DISPATCHED,,18-Jun-2026,NF-07C,Dispatch,,Kyna Smith,210 STOCKWELL AVE,,FLEMINGSBURG, KY,41041-1045,United States,1 602-671-6610 ext. 24038,,CUSTOMER,HETALLS GLOBAL PRIVATE LIMITED,Individual,Consumer,JUTE DHURRIE-NF-07C,3 X 5 FT,1,$79.00,HANDMADE JUTE DHURRIE-NF-07C-3 X 5 FT,57050039,,,,,,,17-Jun-2026,18-Jun-2026,
,TOP URGENT,TOP URGENT,RF-12772-1/3,AMAZON,113-0725657-1867420,Clareece,,10-Jun-2026,3,CHINDI COTTON-JUTE,2 X 3 FT,No,16-Jun-2026,DISPATCHED,,19-Jun-2026,NR-83,Dispatch,,Clareece Burnett,2417 N CROOKED CREEK LN,,MERIDIAN,ID,83646-3991,United States,1 210-728-4548 ext. 58522,,CUSTOMER,HETALLS GLOBAL PRIVATE LIMITED,Individual,Consumer,CHINDI COTTON-JUTE-NR-83,2 X 3 FT,3,$117.00,HANDMADE CHINDI COTTON-JUTE-NR-83-2 X 3 FT,57050039,,,,,,,17-Jun-2026,19-Jun-2026,
,TOP URGENT,TOP URGENT,RF-12772-2/3,AMAZON,113-0725657-1867420,Clareece,,10-Jun-2026,2,CHINDI COTTON-JUTE,3 X 3 FT,No,16-Jun-2026,DISPATCHED,,19-Jun-2026,NR-83,Dispatch,,Clareece Burnett,2417 N CROOKED CREEK LN,,MERIDIAN,ID,83646-3991,United States,1 210-728-4548 ext. 58522,,CUSTOMER,HETALLS GLOBAL PRIVATE LIMITED,Individual,Consumer,CHINDI COTTON-JUTE-NR-83,3 X 3 FT,2,$90.00,HANDMADE CHINDI COTTON-JUTE-NR-83-3 X 3 FT,57050039,,,,,,,17-Jun-2026,19-Jun-2026,
,TOP URGENT,TOP URGENT,RF-12772-3/3,AMAZON,113-0725657-1867420,Clareece,,10-Jun-2026,1,CHINDI COTTON-JUTE,6 X 8 FT,No,16-Jun-2026,DISPATCHED,,19-Jun-2026,NR-83,Dispatch,,Clareece Burnett,2417 N CROOKED CREEK LN,,MERIDIAN,ID,83646-3991,United States,1 210-728-4548 ext. 58522,,CUSTOMER,HETALLS GLOBAL PRIVATE LIMITED,Individual,Consumer,CHINDI COTTON-JUTE-NR-83,6 X 8 FT,1,$186.00,HANDMADE CHINDI COTTON-JUTE-NR-83-6 X 8 FT,57050039,,,,,,,17-Jun-2026,19-Jun-2026,
,TOP URGENT,TOP URGENT,RF-12773,AMAZON,112-8057881-2614638,Jana,,10-Jun-2026,1,COTTON DHURRIE,2.6 X 14 FT,Yes,15-Jun-2026,DISPATCHED,,17-Jun-2026,HP-128B,Dispatch,,Jana Amos,2136 RANDOLPH RD,,MOGADORE, OH,44260-9344,United States,1 602-671-6610 ext. 05726,,CUSTOMER,HETALLS GLOBAL PRIVATE LIMITED,Individual,Consumer,COTTON DHURRIE-HP-128B,2.6 X 14 FT,1,$188.00,HANDMADE COTTON DHURRIE-HP-128B-2.6 X 14 FT,57050024,,,,,,,,17-Jun-2026,
,TOP URGENT,TOP URGENT,RF-12774,AMAZON,026-4986343-2048335,Merilyn ley,,10-Jun-2026,1,WOOL JUTE,2.6 X 4 FT,Yes,24-Jun-2026,DISPATCHED,,17-Jun-2026,WJRH-31,Dispatch,,Merilyn ley,THE PARK,KINGSTON ON SOAR,NOTTINGHAM,,NG11 0DH,United Kingdom,7870103299,,CUSTOMER,HETALLS GLOBAL PRIVATE LIMITED,Individual,Consumer,WOOL JUTE-WJRH-31,2.6 X 4 FT,1,$72.50,HANDMADE WOOL JUTE-WJRH-31-2.6 X 4 FT,57050039,,,,,,,15-Jun-2026,17-Jun-2026,
,TOP URGENT,TOP URGENT,RF-12775,AMAZON,203-3140366-6981156,Estates,,10-Jun-2026,1,JUTE DHURRIE,2.6 X 8 FT,No,16-Jun-2026,DISPATCHED,,13-Jun-2026,NR-97,Dispatch,,Jo ProsserPO12463,THE KINGSLEY SCHOOL,BEAUCHAMP AVENUE,LEAMINGTON SPA,,CV32 5RD,United Kingdom,01926 425127,,CUSTOMER,HETALLS GLOBAL PRIVATE LIMITED,Individual,Consumer,JUTE DHURRIE-NR-97,2.6 X 8 FT,1,$101.71,HANDMADE JUTE DHURRIE-NR-97-2.6 X 8 FT,57050039,,,,,,,12-Jun-2026,13-Jun-2026,
,,,RF-12776,ETSY-CASAVANI,4083979232,Regan Hansen,,11-Jun-2026,1,COTTON DHURRIE,2.5 X 14 FT ,No,15-Jun-2026,DISPATCHED,,16-Jun-2026,STK-260,Dispatch,,Regan Hansen,15483 W,Dequesne Ave,"Morrison,",CO,80465,United States,5736190985,RILEY2309@GMAIL.COM,CUSTOMER,HETALLS GLOBAL PRIVATE LIMITED,Individual,Consumer,COTTON DHURRIE-STK-260,2.5 X 14 FT ,1,$177.45,HANDMADE COTTON DHURRIE-STK-260-2.5 X 14 FT ,57050024,,,,,,,,16-Jun-2026,
,TOP URGENT,TOP URGENT,RF-12777,AMAZON,113-2406564-3442613,Randi,,11-Jun-2026,1,COTTON DHURRIE,3 X 3 FT,Yes,16-Jun-2026,DISPATCHED,,16-Jun-2026,HGD-119,Dispatch,,Randi Beck,413 E JODY RD,,BASALT,CO,81621-8410,United States,1 929-436-4790 ext. 77100,,CUSTOMER,HETALLS GLOBAL PRIVATE LIMITED,Individual,Consumer,COTTON DHURRIE-HGD-119,3 X 3 FT,1,$60.00,HANDMADE COTTON DHURRIE-HGD-119-3 X 3 FT,57050024,,,,,,,,16-Jun-2026,
,TOP URGENT,TOP URGENT,RF-12778,AMAZON,113-8802294-8332257,Tray,,11-Jun-2026,1,WOOL JUTE,2.6 X 22 FT,Yes,25-Jun-2026,DISPATCHED,,24-Jun-2026,HW-61,Dispatch,,Claire Vedock,15400 W 81ST ST,,LENEXA,KS,66219-1506,United States,1 602-671-6610 ext. 42990,,CUSTOMER,HETALLS GLOBAL PRIVATE LIMITED,Individual,Consumer,WOOL JUTE-HW-61,2.6 X 22 FT,1,$386.00,HANDMADE WOOL JUTE-HW-61-2.6 X 22 FT,57050039,,,,,22-Jun-2026,,20-Jun-2026,23-Jun-2026,
,TOP URGENT,TOP URGENT,RF-12779,AMAZON,113-7423941-6291442,	Sandra,,11-Jun-2026,1,JUTE DHURRIE,9 X 9 FT,No,17-Jun-2026,DISPATCHED,,16-Jun-2026,VI-01,Dispatch,,Sandrajimenez,9948 VIA DE LA AMISTAD,,SAN DIEGO,CA,92154-7207,United States,1 347-448-3190 ext. 20669,,CUSTOMER,HETALLS GLOBAL PRIVATE LIMITED,Individual,Consumer,JUTE DHURRIE-VI-01,9 X 9 FT,1,$420.00,HANDMADE JUTE DHURRIE-VI-01-9 X 9 FT,57050039,,,,,,,14-Jun-2026,16-Jun-2026,
,TOP URGENT,TOP URGENT,RF-12780,AMAZON,111-2365824-8002654,Kimber,,11-Jun-2026,1,CHINDI COTTON-JUTE,2 X 3 FT,No,18-Jun-2026,DISPATCHED,,18-Jun-2026,NR-85,Dispatch,,Kimber,136 TURKEY CREEK RD,,GILA,NM,88038-9537,United States,1 415-851-9136 ext. 55304,,CUSTOMER,HETALLS GLOBAL PRIVATE LIMITED,Individual,Consumer,CHINDI COTTON-JUTE-NR-85,2 X 3 FT,1,$52.00,HANDMADE CHINDI COTTON-JUTE-NR-85-2 X 3 FT,57050039,,,,,,,17-Jun-2026,18-Jun-2026,
,TOP URGENT,TOP URGENT,RF-12781,AMAZON,114-7078190-8857002,alexsy,,11-Jun-2026,1,COTTON DHURRIE,6 X 9 FT,Yes,17-Jun-2026,DISPATCHED,,17-Jun-2026,HGD-129,Dispatch,,Alexsy Anderson,9585 TOOKE SHORE DR,,WEEKI WACHEE,FL,34613-6482,United States,1 480-618-5344 ext. 56515,,CUSTOMER,HETALLS GLOBAL PRIVATE LIMITED,Individual,Consumer,COTTON DHURRIE-HGD-129,6 X 9 FT,1,$280.00,HANDMADE COTTON DHURRIE-HGD-129-6 X 9 FT,57050024,,,,,,,,17-Jun-2026,
,TOP URGENT,TOP URGENT,RF-12782-1/2,AMAZON,206-3908751-0447515, peter,,11-Jun-2026,1,JUTE DHURRIE,3 X 5 FT,No,18-Jun-2026,DISPATCHED,,18-Jun-2026,NR-97,Dispatch,,peter stevens,2 YEWTREE COTTAGES ROCKNESS ,HILL NAILSWORTH,NAILSWORTH,,GL6 0JT,United Kingdom,7596442526,,CUSTOMER,HETALLS GLOBAL PRIVATE LIMITED,Individual,Consumer,JUTE DHURRIE-NR-97,3 X 5 FT,1,$70.14,HANDMADE JUTE DHURRIE-NR-97-3 X 5 FT,57050039,,,,,,,17-Jun-2026,18-Jun-2026,
,TOP URGENT,TOP URGENT,RF-12782-2/2,AMAZON,206-3908751-0447515,    peter,,11-Jun-2026,1,JUTE DHURRIE,2 X 3 FT,No,18-Jun-2026,DISPATCHED,,18-Jun-2026,NR-97,Dispatch,,peter stevens,2 YEWTREE COTTAGES ROCKNESS ,HILL NAILSWORTH,NAILSWORTH,,GL6 0JT,United Kingdom,7596442526,,CUSTOMER,HETALLS GLOBAL PRIVATE LIMITED,Individual,Consumer,JUTE DHURRIE-NR-97,2 X 3 FT,1,$45.65,HANDMADE JUTE DHURRIE-NR-97-2 X 3 FT,57050039,,,,,,,14-Jun-2026,18-Jun-2026,
,,,RF-12783,ETSY-RUGSFOREVER,4085669882,peta Virtue,,12-Jun-2026,1,CHINDI-COTTON,4 X 6 FT,No,22-Jun-2026,DISPATCHED,,19-Jun-2026,HW-55,Dispatch,,peta Virtue,12 Smith Street,,Carnarvon, WA ,6701,Australia,438037032,virtueousp@gmail.com,CUSTOMER,HETALLS GLOBAL PRIVATE LIMITED,Individual,Consumer,CHINDI-COTTON-HW-55,4 X 6 FT,1,$169.00,HANDMADE CHINDI-COTTON-HW-55-4 X 6 FT,57050024,,,,,,,17-Jun-2026,19-Jun-2026,
,TOP URGENT,TOP URGENT,RF-12784,AMAZON,112-4153565-6241864,Katarina,,12-Jun-2026,1,JUTE DHURRIE,3 X 5 FT,No,18-Jun-2026,DISPATCHED,,20-Jun-2026,NR-25,Dispatch,,Katarina Lansing,3365 LAKE VIEW TER,,ESCONDIDO,CA,92029-7701,United States,1 314-282-9402 ext. 19150,,CUSTOMER,HETALLS GLOBAL PRIVATE LIMITED,Individual,Consumer,JUTE DHURRIE-NR-25,3 X 5 FT,1,$79.00,HANDMADE JUTE DHURRIE-NR-25-3 X 5 FT,57050039,,,,,19-Jun-2026,,20-Jun-2026,20-Jun-2026,
,TOP URGENT,TOP URGENT,RF-12785,AMAZON,111-7669426-7001006,bob,,12-Jun-2026,1,COTTON DHURRIE,2.6 X 8 FT,Yes,17-Jun-2026,DISPATCHED,,17-Jun-2026,STK-26B,Dispatch,,bob peck,5 PARK PL UNIT 314,,ANNAPOLIS,MD,21401-3395,United States,1 415-851-9136 ext. 90022,,CUSTOMER,HETALLS GLOBAL PRIVATE LIMITED,Individual,Consumer,COTTON DHURRIE-STK-26B,2.6 X 8 FT,1,$89.36,HANDMADE COTTON DHURRIE-STK-26B-2.6 X 8 FT,57050024,,,,,,,,17-Jun-2026,
,,,RF-12786-1/2,ETSY-CASAVANI,4086567846,Nynneya Columbus,,13-Jun-2026,1,COTTON DHURRIE,3 X 5 FT,Yes,17-Jun-2026,DISPATCHED,,20-Jun-2026,HP-128C,Dispatch,,Nynneya Columbus,3608 Dudley ave,,BALTIMORE,MD,21213,United States,3472441721,nynneyatc@yahoo.com,CUSTOMER,HETALLS GLOBAL PRIVATE LIMITED,Individual,Consumer,COTTON DHURRIE-HP-128C,3 X 5 FT,1,$72.80,HANDMADE COTTON DHURRIE-HP-128C-3 X 5 FT,57050024,,,,,,,,20-Jun-2026,
,,,RF-12786-2/2,ETSY-CASAVANI,4086567846,Nynneya Columbus,,13-Jun-2026,1,COTTON DHURRIE,2.5 X 5 FT ,Yes,17-Jun-2026,DISPATCHED,,20-Jun-2026,JHGD-02AR,Dispatch,,Nynneya Columbus,3608 Dudley ave,,BALTIMORE,MD,21213,United States,3472441721,nynneyatc@yahoo.com,CUSTOMER,HETALLS GLOBAL PRIVATE LIMITED,Individual,Consumer,COTTON DHURRIE-JHGD-02AR,2.5 X 5 FT ,1,$66.30,HANDMADE COTTON DHURRIE-JHGD-02AR-2.5 X 5 FT ,57050024,,,,,,,,20-Jun-2026,
,TOP URGENT,TOP URGENT,RF-12787,AMAZON,112-7775841-8960222,Elisa,,13-Jun-2026,1,WOOL JUTE,3 X 5 FT,Yes,27-Jun-2026,DISPATCHED,,19-Jun-2026,WJRH-15,Dispatch,,Elisa Goldmann,1481 VINCA PL,,SUPERIOR,CO,80027-6006,United States,1 602-671-6610 ext. 03944,,CUSTOMER,HETALLS GLOBAL PRIVATE LIMITED,Individual,Consumer,WOOL JUTE-WJRH-15,3 X 5 FT,1,$84.53,HANDMADE WOOL JUTE-WJRH-15-3 X 5 FT,57050039,,,,,,,18-Jun-2026,19-Jun-2026,
,TOP URGENT,TOP URGENT,RF-12788,AMAZON,111-7996215-8236266,Maribel,,13-Jun-2026,1,JUTE DHURRIE,2 X 3 FT,No,19-Jun-2026,DISPATCHED,,18-Jun-2026,NR-30,Dispatch,,Maribel Arredondo,3224 MIMOSA PARK DR,,RICHLAND HILLS,TX ,76118-6346,United States,1 415-851-9136 ext. 44930,,CUSTOMER,HETALLS GLOBAL PRIVATE LIMITED,Individual,Consumer,JUTE DHURRIE-NR-30,2 X 3 FT,1,$52.00,HANDMADE JUTE DHURRIE-NR-30-2 X 3 FT,57050039,,,,,,,17-Jun-2026,18-Jun-2026,
,TOP URGENT,TOP URGENT,RF-12789,AMAZON,114-3028301-0177846,paige,,13-Jun-2026,1,JUTE DHURRIE,3 X 3 FT,No,19-Jun-2026,DISPATCHED,,18-Jun-2026,NR-149,Dispatch,,paige vaught,1101 S COAST HWY B,,OCEANSIDE,CA,92054-5101,United States,1 602-671-6610 ext. 23354,,CUSTOMER,HETALLS GLOBAL PRIVATE LIMITED,Individual,Consumer,JUTE DHURRIE-NR-149,3 X 3 FT,1,$51.00,HANDMADE JUTE DHURRIE-NR-149-3 X 3 FT,57050039,,,,,,,17-Jun-2026,18-Jun-2026,
,,,RF-12790,ETSY-CASAVANI,4086450138,Brett Blazier,,13-Jun-2026,1,COTTON DHURRIE,2.6 X 8 FT,No,17-Jun-2026,DISPATCHED,,20-Jun-2026,STK-10AR,Dispatch,,Brett Blazier,8026 Jefferson Hwy,Apt 122,Apt 122,LA,70809,United States,,brettmblazier3@gmail.com,CUSTOMER,HETALLS GLOBAL PRIVATE LIMITED,Individual,Consumer,COTTON DHURRIE-STK-10AR,2.6 X 8 FT,1,$89.70,HANDMADE COTTON DHURRIE-STK-10AR-2.6 X 8 FT,57050024,,,,,,,,20-Jun-2026,
,TOP URGENT,TOP URGENT,RF-12791,AMAZON,111-2105998-4078609,Qian,,13-Jun-2026,1,COTTON DHURRIE,4 X 6 FT,Yes,18-Jun-2026,DISPATCHED,,18-Jun-2026,HP-259,Dispatch,,Jane Xu,518 TRAYNOR LN,,SUGAR LAND,TX,77479-2171,United States,1 314-282-9402 ext. 81475,,CUSTOMER,HETALLS GLOBAL PRIVATE LIMITED,Individual,Consumer,COTTON DHURRIE-HP-259,4 X 6 FT,1,$155.00,HANDMADE COTTON DHURRIE-HP-259-4 X 6 FT,57050024,,,,,,,,18-Jun-2026,
,TOP URGENT,TOP URGENT,RF-12792-1/2,AMAZON,114-6919173-6922622,Laura,,13-Jun-2026,1,WOOL JUTE,4 X 4 FT,Yes,27-Jun-2026,DISPATCHED,,20-Jun-2026,HW-61,Dispatch,,Laura E. Mertz,1075 MOKELUMNE ST,,WOODBRIDGE,CA ,95258-9341,United States,1 480-618-5344 ext. 91261,,CUSTOMER,HETALLS GLOBAL PRIVATE LIMITED,Individual,Consumer,WOOL JUTE-HW-61,4 X 4 FT,1,$109.50,HANDMADE WOOL JUTE-HW-61-4 X 4 FT,57050039,,,,,,,18-Jun-2026,20-Jun-2026,
,TOP URGENT,TOP URGENT,RF-12792-2/2,AMAZON,114-6919173-6922622,Laura,,13-Jun-2026,1,WOOL JUTE,6 X 9 FT,Yes,27-Jun-2026,DISPATCHED,,20-Jun-2026,WJRH-13,Dispatch,,Laura E. Mertz,1075 MOKELUMNE ST,,WOODBRIDGE,CA ,95258-9341,United States,1 480-618-5344 ext. 91261,,CUSTOMER,HETALLS GLOBAL PRIVATE LIMITED,Individual,Consumer,WOOL JUTE-WJRH-13,6 X 9 FT,1,$262.50,HANDMADE WOOL JUTE-WJRH-13-6 X 9 FT,57050039,,,,IN STOCK,,,,20-Jun-2026,
,TOP URGENT,TOP URGENT,RF-12793-1/2,AMAZON,701-8150368-2706638,Jona,,13-Jun-2026,1,JUTE DHURRIE,9 X 9 FT,No,18-Jun-2026,DISPATCHED,,2-Jul-2026,NR-1019,Dispatch,,Jona Hilton,483 Dunmora Court,,Saanichton,British Columbia,V8M 1S4,Canada,6055190339,,CUSTOMER,HETALLS GLOBAL PRIVATE LIMITED,Individual,Consumer,JUTE DHURRIE-NR-1019,9 X 9 FT,1,$347.25,HANDMADE JUTE DHURRIE-NR-1019-9 X 9 FT,57050039,,,,15-june design confirm,20-Jun-2026,22-Jun-2026,22-Jun-2026,2-Jul-2026,
,TOP URGENT,TOP URGENT,RF-12793-2/2,AMAZON,701-8150368-2706638,Jona,,13-Jun-2026,1,JUTE DHURRIE,12 X 18 FT,No,18-Jun-2026,DISPATCHED,,2-Jul-2026,NR-1019,Dispatch,,Jona Hilton,483 Dunmora Court,,Saanichton,British Columbia,V8M 1S4,Canada,6055190339,,CUSTOMER,HETALLS GLOBAL PRIVATE LIMITED,Individual,Consumer,JUTE DHURRIE-NR-1019,12 X 18 FT,1,$863.13,HANDMADE JUTE DHURRIE-NR-1019-12 X 18 FT,57050039,,,,"15-june design confirm
27-june ko aayega late hoga pcs 30 june ko aayega",20-Jun-2026,22-Jun-2026,30-Jun-2026,2-Jul-2026,
,TOP URGENT,TOP URGENT,RF-12794,AMAZON,113-2955120-1229810,kelly,,13-Jun-2026,2,COTTON DHURRIE,2 X 8 FT,No,17-Jun-2026,DISPATCHED,,17-Jun-2026,STK-26O,Dispatch,,kelly Day,3601 STATE HIGHWAY 70,,SWEETWATER,TX,79556-8143,United States,1 314-282-9402 ext. 50775,,CUSTOMER,HETALLS GLOBAL PRIVATE LIMITED,Individual,Consumer,COTTON DHURRIE-STK-26O,2 X 8 FT,2,$172.50,HANDMADE COTTON DHURRIE-STK-26O-2 X 8 FT,57050024,,,,,,,,17-Jun-2026,
"Buyer cancellation
Cancellation reason: Reason left unspecified",TOP URGENT,TOP URGENT,RF-12795,AMAZON,111-3837192-8977067,anne,,13-Jun-2026,1,COTTON DHURRIE,5 X 8 FT,No,18-Jun-2026,CANCELLED,CANCELLED,,STK-26O,Dispatch,,anne coyne,68 ANTHONY WAYNE RD D,,New Vernon,NJ,7976,United States,1 213-442-1463 ext. 83417,,CUSTOMER,HETALLS GLOBAL PRIVATE LIMITED,Individual,Consumer,COTTON DHURRIE-STK-26O,5 X 8 FT,1,$260.00,HANDMADE COTTON DHURRIE-STK-26O-5 X 8 FT,57050024,,,,,,,,,
,,,RF-12796-1/2,ETSY-CASAVANI,4091358169,Maria Guarente,,15-Jun-2026,1,COTTON DHURRIE,3 X 5 FT,No,19-Jun-2026,DISPATCHED,,19-Jun-2026,STK-03,Dispatch,,anne coyne,321 Old Harbor Road,,Vinalhaven,ME,4863,United States,3475347148,careycamer@gmail.com,CUSTOMER,HETALLS GLOBAL PRIVATE LIMITED,Individual,Consumer,COTTON DHURRIE-STK-03,3 X 5 FT,1,$74.10,HANDMADE COTTON DHURRIE-STK-03-3 X 5 FT,57050024,,,,,,,,19-Jun-2026,
,,,RF-12796-2/2,ETSY-CASAVANI,4091358169,Maria Guarente,,15-Jun-2026,1,COTTON DHURRIE,2 X 4 FT,No,19-Jun-2026,DISPATCHED,,19-Jun-2026,STK-03,Dispatch,,anne coyne,321 Old Harbor Road,,Vinalhaven,ME,4863,United States,3475347148,careycamer@gmail.com,CUSTOMER,HETALLS GLOBAL PRIVATE LIMITED,Individual,Consumer,COTTON DHURRIE-STK-03,2 X 4 FT,1,$52.65,HANDMADE COTTON DHURRIE-STK-03-2 X 4 FT,57050024,,,,,,,,19-Jun-2026,
,,,RF-12797,ETSY-CASAVANI,4088087102,Alison Einbender,,15-Jun-2026,1,COTTON DHURRIE,3 X 5 FT,No,18-Jun-2026,DISPATCHED,,19-Jun-2026,HP-152,Dispatch,,Alison Einbender,3126 Lakeland Ave,Apt . 2,Madison,WI,53704,United States,,ajeinben@wisc.edu,CUSTOMER,HETALLS GLOBAL PRIVATE LIMITED,Individual,Consumer,COTTON DHURRIE-HP-152,3 X 5 FT,1,$74.10,HANDMADE COTTON DHURRIE-HP-152-3 X 5 FT,57050024,,,,,,,,19-Jun-2026,
,,SET OF 15-Pieces  ,RF-12798,ETSY-RUGSFOREVER,4090065345,Marcela Slapnik,,15-Jun-2026,1,JUTE DHURRIE,8 X 29 Inch,No,18-Jun-2026,DISPATCHED,,20-Jun-2026,NR-1100,Dispatch,,Marcela Slapnik,7265 A1A S,Unit A6,Saint Augustine,FL,32080-8114,United States,940-597-2969,marcela.slapnik@yahoo.com,CUSTOMER,HETALLS GLOBAL PRIVATE LIMITED,Individual,Consumer,JUTE DHURRIE-NR-1100,8 X 29 Inch,1,$172.25,HANDMADE JUTE DHURRIE-NR-1100-8 X 29 Inch,57050039,,,,,19-Jun-2026,,20-Jun-2026,20-Jun-2026,
,,,RF-12799,ETSY-RUGSFOREVER,4090159455,Ana Marques,,15-Jun-2026,2,JUTE DHURRIE,8 Inches x 3 Feet,No,18-Jun-2026,DISPATCHED,,20-Jun-2026,NF-09,Dispatch,,Ana Marques,11011-B Villaridge Ct,,Reston,VA,20191,United States,,ana0898@hotmail.com,CUSTOMER,HETALLS GLOBAL PRIVATE LIMITED,Individual,Consumer,JUTE DHURRIE-NF-09,8 Inches x 3 Feet,2,$123.50,HANDMADE JUTE DHURRIE-NF-09-8 Inches x 3 Feet,57050039,,,,,19-Jun-2026,,20-Jun-2026,20-Jun-2026,
,,,RF-12800,ETSY-RUGSFOREVER,4091229065,Bella Coleman,,15-Jun-2026,1,WOOL JUTE,4 X 12 FT,No,20-Jun-2026,DISPATCHED,,30-Jun-2026,WJRH-22,Dispatch,,Bella Coleman,115 10th Ave W,,Huntington, WV ,25701,United States,1 607 321 1714,sxu2k9ikis@privaterelay.appleid.com,CUSTOMER,HETALLS GLOBAL PRIVATE LIMITED,Individual,Consumer,WOOL JUTE-WJRH-22,4 X 12 FT,1,$299.00,HANDMADE WOOL JUTE-WJRH-22-4 X 12 FT,57050039,,,,,29-Jun-2026,,24-Jun-2026,29-Jun-2026,
,TOP URGENT,TOP URGENT,RF-12801,AMAZON,113-3293937-8207436,Seenauth,,15-Jun-2026,1,WOOL JUTE,3 X 5 FT,Yes,29-Jun-2026,DISPATCHED,,30-Jun-2026,WJRH-15,Dispatch,,Seenauth Seecharran,1250 ASTOR AVE,,BRONX,NY,10469-5802,United States,1 763-225-9463 ext. 90741,,CUSTOMER,HETALLS GLOBAL PRIVATE LIMITED,Individual,Consumer,WOOL JUTE-WJRH-15,3 X 5 FT,1,$84.79,HANDMADE WOOL JUTE-WJRH-15-3 X 5 FT,57050039,,,,,25-Jun-2026,,29-Jun-2026,30-Jun-2026,
,TOP URGENT,TOP URGENT,RF-12802,AMAZON,111-1812611-8057810,Rana,,15-Jun-2026,1,COTTON DHURRIE,2 X 3 FT,Yes,20-Jun-2026,DISPATCHED,,22-Jun-2026,HGD-161B,Dispatch,,Rana Wallace,2911 TALLAVANA TRL,,HAVANA,FL,32333-5611,United States,1 415-851-9136 ext. 69943,,CUSTOMER,HETALLS GLOBAL PRIVATE LIMITED,Individual,Consumer,COTTON DHURRIE-HGD-161B,2 X 3 FT,1,$64.00,HANDMADE COTTON DHURRIE-HGD-161B-2 X 3 FT,57050024,,,,,,,,22-Jun-2026,
,TOP URGENT,TOP URGENT,RF-12803,AMAZON,702-0499865-9241068,Genevieve,,15-Jun-2026,1,JUTE DHURRIE,4 X 6 FT,No,22-Jun-2026,DISPATCHED,,24-Jun-2026,NR-185A,Dispatch,,Genevieve LeClair,60 Coburn Drive,,Fredericton,NB,E3B 6Z7,Canada,506-450-3973,,CUSTOMER,HETALLS GLOBAL PRIVATE LIMITED,Individual,Consumer,JUTE DHURRIE-NR-185A,4 X 6 FT,1,$148.36,HANDMADE JUTE DHURRIE-NR-185A-4 X 6 FT,57050039,,,,,19-Jun-2026,,20-Jun-2026,23-Jun-2026,
,TOP URGENT,TOP URGENT,RF-12804,AMAZON,114-9464450-7222636,Lauren,,15-Jun-2026,1,COTTON DHURRIE,2.6 X 10 FT,No,20-Jun-2026,DISPATCHED,,20-Jun-2026,STK-26O,Dispatch,,Lauren Wiley,7839 WILLOWBROOK RD,,FAIRFAX STATION,VA,22039-2109,United States,1 602-671-6610 ext. 62095,,CUSTOMER,HETALLS GLOBAL PRIVATE LIMITED,Individual,Consumer,COTTON DHURRIE-STK-26O,2.6 X 10 FT,1,$169.00,HANDMADE COTTON DHURRIE-STK-26O-2.6 X 10 FT,57050024,,,,,,,,20-Jun-2026,
,TOP URGENT,TOP URGENT,RF-12805,AMAZON,112-7975840-4357842,Katelyn,,15-Jun-2026,1,COTTON DHURRIE,2.6 X 10 FT,No,20-Jun-2026,DISPATCHED,,20-Jun-2026,JHGD-02A,Dispatch,,Katelyn Johnson,2384 SONNINGTON DR,,DUBLIN,OH,43016-9212,United States,1 210-728-4548 ext. 47185,,CUSTOMER,HETALLS GLOBAL PRIVATE LIMITED,Individual,Consumer,COTTON DHURRIE-JHGD-02A,2.6 X 10 FT,1,$135.00,HANDMADE COTTON DHURRIE-JHGD-02A-2.6 X 10 FT,57050024,,,,,,,,20-Jun-2026,
"Buyer cancellation
Cancellation reason: Reason left unspecified",TOP URGENT,TOP URGENT,RF-12806,AMAZON,113-0940387-4575420,Rebecca,,15-Jun-2026,1,JUTE DHURRIE,4 X 8 FT,No,22-Jun-2026,CANCELLED,CANCELLED,,NR-136,Dispatch,,Rebecca Fuller,9907 CHAPEL ST,,SAN ANTONIO,TX ,78217-4539,United States,1 346-307-9643 ext. 38833,,CUSTOMER,HETALLS GLOBAL PRIVATE LIMITED,Individual,Consumer,JUTE DHURRIE-NR-136,4 X 8 FT,1,$168.00,HANDMADE JUTE DHURRIE-NR-136-4 X 8 FT,57050039,,,,,,,,,
,TOP URGENT,TOP URGENT,RF-12807-1/2,AMAZON,111-2624680-0076247,Jennifer,,15-Jun-2026,1,COTTON DHURRIE,4 X 4 FT,Yes,20-Jun-2026,DISPATCHED,,20-Jun-2026,HGD-119,Dispatch,,Emily-Jennifer Reed/Jones,702 PHERSON ST,,SITKA,AK,99835-7239,United States,1 207-835-4259 ext. 79297,,CUSTOMER,HETALLS GLOBAL PRIVATE LIMITED,Individual,Consumer,COTTON DHURRIE-HGD-119,4 X 4 FT,1,$66.00,HANDMADE COTTON DHURRIE-HGD-119-4 X 4 FT,57050024,,,,,,,,20-Jun-2026,
,TOP URGENT,TOP URGENT,RF-12807-2/2,AMAZON,111-2624680-0076247,Jennifer,,15-Jun-2026,1,COTTON DHURRIE,2.6 X 8 FT,No,20-Jun-2026,DISPATCHED,,20-Jun-2026,HP-59D,Dispatch,,Emily-Jennifer Reed/Jones,702 PHERSON ST,,SITKA,AK,99835-7239,United States,1 207-835-4259 ext. 79297,,CUSTOMER,HETALLS GLOBAL PRIVATE LIMITED,Individual,Consumer,COTTON DHURRIE-HP-59D,2.6 X 8 FT,1,$90.00,HANDMADE COTTON DHURRIE-HP-59D-2.6 X 8 FT,57050024,,,,,,,,20-Jun-2026,
,TOP URGENT,TOP URGENT,RF-12808,AMAZON,026-9258849-0737969,Emma,,15-Jun-2026,1,JUTE DHURRIE,2.6 X 4 FT,No,22-Jun-2026,DISPATCHED,,24-Jun-2026,VI-49D,Dispatch,,Emma Beattie,"56
WEST ACRES",LOCKERBIE,Dumfries and galloway,,DG11 2EL,United Kingdom,7742521718,,CUSTOMER,HETALLS GLOBAL PRIVATE LIMITED,Individual,Consumer,JUTE DHURRIE-VI-49D,2.6 X 4 FT,1,$67.28,HANDMADE JUTE DHURRIE-VI-49D-2.6 X 4 FT,57050039,,,,,19-Jun-2026,,22-Jun-2026,23-Jun-2026,
,TOP URGENT,TOP URGENT,RF-12809,AMAZON,405-9630078-8133102,Veronika,,15-Jun-2026,1,COTTON DHURRIE,4 X 4 FT,Yes,20-Jun-2026,DISPATCHED,,20-Jun-2026,HGD-129,Dispatch,,Veronika Vajdova,Route de Ferney 120,,Genève,Genève,1202,Switzerland,41798815770,,CUSTOMER,HETALLS GLOBAL PRIVATE LIMITED,Individual,Consumer,COTTON DHURRIE-HGD-129,4 X 4 FT,1,$126.79,HANDMADE COTTON DHURRIE-HGD-129-4 X 4 FT,57050024,,,,,,,,20-Jun-2026,
,TOP URGENT,TOP URGENT,RF-12810,AMAZON,113-0808213-6304254,	Hannah,,15-Jun-2026,1,COTTON DHURRIE,2 X 6 FT,Yes,20-Jun-2026,DISPATCHED,,26-Jun-2026,JHGD-02A,Dispatch,,Hannah miller,415 ASPEN DR APT 1,,JACKSON,WY,83001-8389,United States,1 346-307-9643 ext. 83847,,CUSTOMER,HETALLS GLOBAL PRIVATE LIMITED,Individual,Consumer,COTTON DHURRIE-JHGD-02A,2 X 6 FT,1,$50.15,HANDMADE COTTON DHURRIE-JHGD-02A-2 X 6 FT,57050024,,,,,,,,19-Jun-2026,
,TOP URGENT,TOP URGENT,RF-12811,AMAZON,114-6724625-8097806,Lynda,,16-Jun-2026,1,COTTON DHURRIE,2 X 3 FT,No,22-Jun-2026,DISPATCHED,,22-Jun-2026,STK-26O,Dispatch,,Lynda Díaz,3014 BARKLEY AVE,,BRONX,NY,10465-2116,United States,1 415-851-9136 ext. 96667,,CUSTOMER,HETALLS GLOBAL PRIVATE LIMITED,Individual,Consumer,COTTON DHURRIE-STK-26O,2 X 3 FT,1,$80.00,HANDMADE COTTON DHURRIE-STK-26O-2 X 3 FT,57050024,,,,,,,,22-Jun-2026,
,TOP URGENT,TOP URGENT,RF-12812,AMAZON,113-6926190-2319459,Katrina,,16-Jun-2026,1,JUTE DHURRIE,2.6 X 4 FT SCALLOPED ,No,23-Jun-2026,DISPATCHED,,26-Jun-2026,NR-30,Dispatch,,Katrina Kenworthy,2114 9TH AVE NE,,ROCHESTER,MN, 55906-4055,United States,1 207-835-4259 ext. 32442,,CUSTOMER,HETALLS GLOBAL PRIVATE LIMITED,Individual,Consumer,JUTE DHURRIE-NR-30,2.6 X 4 FT SCALLOPED ,1,$64.00,HANDMADE JUTE DHURRIE-NR-30-2.6 X 4 FT SCALLOPED ,57050039,,,,,,,26-Jun-2026,26-Jun-2026,
,TOP URGENT,TOP URGENT,RF-12813,AMAZON,112-5996606-4433042,Christina,,16-Jun-2026,1,CHINDI COTTON-JUTE,6 x 6 FT,No,23-Jun-2026,DISPATCHED,,24-Jun-2026,NR-208,Dispatch,,Christina Dunham,3055 FEATHERTOP DR,,RENO,NV,89521-5311,United States,1 602-671-6610 ext. 48501,,CUSTOMER,HETALLS GLOBAL PRIVATE LIMITED,Individual,Consumer,CHINDI COTTON-JUTE-NR-208,6 x 6 FT,1,$188.00,HANDMADE CHINDI COTTON-JUTE-NR-208-6 x 6 FT,57050039,,,,,,,22-Jun-2026,24-Jun-2026,
,TOP URGENT,TOP URGENT,RF-12814,AMAZON,114-6373152-6568231,    mary,,16-Jun-2026,1,COTTON DHURRIE,2 X 8 FT,No,22-Jun-2026,DISPATCHED,,22-Jun-2026,STK-26O,Dispatch,,mary holcomb,316 MARTIN DR,,MUSCLE SHOALS,AL,35661-1034,United States,1 619-854-2705 ext. 13763,,CUSTOMER,HETALLS GLOBAL PRIVATE LIMITED,Individual,Consumer,COTTON DHURRIE-STK-26O,2 X 8 FT,1,$115.00,HANDMADE COTTON DHURRIE-STK-26O-2 X 8 FT,57050024,,,,,,,,22-Jun-2026,
,TOP URGENT,TOP URGENT,RF-12815,AMAZON,701-9707954-8113841,Melissa,,16-Jun-2026,1,JUTE DHURRIE,4 X 4 FT,No,23-Jun-2026,DISPATCHED,,24-Jun-2026,NR-91,Dispatch,,Melissa Millett,46252 Sparta Line,,Sparta,Ontario,N0L 2H0,Canada,226-234-6320,,CUSTOMER,HETALLS GLOBAL PRIVATE LIMITED,Individual,Consumer,JUTE DHURRIE-NR-91,4 X 4 FT,1,$106.34,HANDMADE JUTE DHURRIE-NR-91-4 X 4 FT,57050039,,,,,,,22-Jun-2026,24-Jun-2026,
IOSS VAT identification number:  IM4420001405,TOP URGENT,TOP URGENT,RF-12816,AMAZON,303-2073403-4813951,Conor,,16-Jun-2026,1,COTTON DHURRIE,2.6 X 6 FT,Yes,22-Jun-2026,DISPATCHED,,22-Jun-2026, HGD-107E,Dispatch,,Conor Gallen,Beethovenstraße 51-53,,Frankfurt Am Main,,60325,Germany,49-41477902,,CUSTOMER,HETALLS GLOBAL PRIVATE LIMITED,Individual,Consumer,COTTON DHURRIE- HGD-107E,2.6 X 6 FT,1,$87.88,HANDMADE COTTON DHURRIE- HGD-107E-2.6 X 6 FT,57050024,,,,,,,,22-Jun-2026,
IOSS VAT identification number:  IM4420001405,TOP URGENT,TOP URGENT,RF-12817,AMAZON,306-3685911-1599509,Heiko,,16-Jun-2026,1,JUTE DHURRIE,3 X 3 FT,No,23-Jun-2026,DISPATCHED,,24-Jun-2026,NR-87H,Dispatch,,Heiko Siegler,Peuntstraße 4,,Sparneck,,95234,Germany,4915110860329,,CUSTOMER,HETALLS GLOBAL PRIVATE LIMITED,Individual,Consumer,JUTE DHURRIE-NR-87H,3 X 3 FT,1,$70.18,HANDMADE JUTE DHURRIE-NR-87H-3 X 3 FT,57050039,,,,,,,22-Jun-2026,23-Jun-2026,
,,,RF-12818-1/2,ETSY-RUGSFOREVER,4092909925,MIN WANG,,17-Jun-2026,1,JUTE DHURRIE,7 X 7 FT,No,22-Jun-2026,DISPATCHED,,25-Jun-2026,NF-05,Dispatch,,MIN WANG,65-48 53 DRIVE,,MASPETH,NY,11378,United States,1-347-8280880,AMYJEANS2010@GMAIL.COM,CUSTOMER,HETALLS GLOBAL PRIVATE LIMITED,Individual,Consumer,JUTE DHURRIE-NF-05,7 X 7 FT,1,$305.50,HANDMADE JUTE DHURRIE-NF-05-7 X 7 FT,57050039,,,,,,,22-Jun-2026,25-Jun-2026,
,,,RF-12818-2/2,ETSY-RUGSFOREVER,4092909925,MIN WANG,,17-Jun-2026,1,JUTE DHURRIE,8 X 8 FT,No,22-Jun-2026,DISPATCHED,,25-Jun-2026,VI-44,Dispatch,,MIN WANG,65-48 53 DRIVE,,MASPETH,NY,11378,United States,1-347-8280880,AMYJEANS2010@GMAIL.COM,CUSTOMER,HETALLS GLOBAL PRIVATE LIMITED,Individual,Consumer,JUTE DHURRIE-VI-44,8 X 8 FT,1,$315.25,HANDMADE JUTE DHURRIE-VI-44-8 X 8 FT,57050039,,,,,,,22-Jun-2026,25-Jun-2026,
,,SET OF 13-Pieces  ,RF-12819,ETSY-RUGSFOREVER,4090621648,Nick Kardos,,17-Jun-2026,13,CHINDI-COTTON,8 X 28 Inch,No,22-Jun-2026,DISPATCHED,,27-Jun-2026,NR-1080B,Dispatch,,Nick Kardos,1346 Pennsbury Blvd,,Pittsburgh,PA,15205-1618,United States,4129528578,teereksed@gmail.com,CUSTOMER,HETALLS GLOBAL PRIVATE LIMITED,Individual,Consumer,CHINDI-COTTON-NR-1080B,8 X 28 Inch,13,$136.50,HANDMADE CHINDI-COTTON-NR-1080B-8 X 28 Inch,57050024,,,,,,,26-Jun-2026,27-Jun-2026,
,,,RF-12820,ETSY-CASAVANI,4092877795,Sarah Larouche,,17-Jun-2026,1,COTTON DHURRIE,3.5 X 9 FT ,No,20-Jun-2026,DISPATCHED,,20-Jun-2026,HP-25RA,Dispatch,,Sarah Larouche,11 Ch Blackburn,,Chelsea,QC,J9B 1W6,Canada,,larouchesarah@gmail.com,CUSTOMER,HETALLS GLOBAL PRIVATE LIMITED,Individual,Consumer,COTTON DHURRIE-HP-25RA,3.5 X 9 FT ,1,$135.85,HANDMADE COTTON DHURRIE-HP-25RA-3.5 X 9 FT ,57050024,,,,,,,,20-Jun-2026,
,,,RF-12821,ETSY-CASAVANI,4090567204,Émilie Leclerc,,17-Jun-2026,1,COTTON DHURRIE,2 X 4 FT,No,22-Jun-2026,DISPATCHED,,24-Jun-2026,MR-19,Dispatch,,Émilie Leclerc,585 rue St-Jérôme,,Matane,QC,G4W 3B9,Canada,,emilieleclerc19@hotmail.com,CUSTOMER,HETALLS GLOBAL PRIVATE LIMITED,Individual,Consumer,COTTON DHURRIE-MR-19,2 X 4 FT,1,$45.50,HANDMADE COTTON DHURRIE-MR-19-2 X 4 FT,57050024,,,,,,,,23-Jun-2026,
,TOP URGENT,TOP URGENT,RF-12822,AMAZON,112-5935879-0833829,Jacqueline,,17-Jun-2026,1,COTTON DHURRIE,2.6 X 4 FT,Yes,23-Jun-2026,DISPATCHED,,24-Jun-2026,HGD-160A,Dispatch,,Jacqueline Garza Farley,446 HUDSON LN,,DRIPPING SPRINGS,TX,78620-5236,United States,1 415-419-8616 ext. 98017,,CUSTOMER,HETALLS GLOBAL PRIVATE LIMITED,Individual,Consumer,COTTON DHURRIE-HGD-160A,2.6 X 4 FT,1,$64.00,HANDMADE COTTON DHURRIE-HGD-160A-2.6 X 4 FT,57050024,,,,,,,,23-Jun-2026,
,TOP URGENT,TOP URGENT,RF-12823,AMAZON,112-3111553-5389843,Katie,,17-Jun-2026,1,COTTON DHURRIE,2 X 6 FT,Yes,23-Jun-2026,DISPATCHED,,24-Jun-2026,JHGD-02A,Dispatch,,Katie Zerbo,6061 APPLECROSS ST N,,SAINT PETERSBURG,FL,33709-1465,United States,1 314-282-9402 ext. 99740,,CUSTOMER,HETALLS GLOBAL PRIVATE LIMITED,Individual,Consumer,COTTON DHURRIE-JHGD-02A,2 X 6 FT,1,$50.15,HANDMADE COTTON DHURRIE-JHGD-02A-2 X 6 FT,57050024,,,,,,,,23-Jun-2026,
Buyer National Id: COXM670103HNERXC09,TOP URGENT,TOP URGENT,RF-12824,AMAZON,702-7733201-7396229,Michael,,17-Jun-2026,1,JUTE DHURRIE,10 X 14 FT,No,24-Jun-2026,DISPATCHED,,25-Jun-2026,NR-99,Dispatch,,Michael Wayne Cornell,Rinconada de las Madreperlas 102 depa701,CONCHAS CHINAS,PUERTO VALLARTA,JALISCO,48399,Mexico,14107034533,,CUSTOMER,HETALLS GLOBAL PRIVATE LIMITED,Individual,Consumer,JUTE DHURRIE-NR-99,10 X 14 FT,1,$722.67,HANDMADE JUTE DHURRIE-NR-99-10 X 14 FT,57050039,,,,,,,22-Jun-2026,25-Jun-2026,
,TOP URGENT,TOP URGENT,RF-12825,AMAZON,114-4326554-3952267,Kathleen,,17-Jun-2026,1,COTTON DHURRIE,2 X 6 FT,No,23-Jun-2026,DISPATCHED,,24-Jun-2026,STK-26O,Dispatch,,Dr. Kathleen B Smith,4361 RUTH RD,,BIRMINGHAM,AL,35213-1609,United States,1 207-835-4259 ext. 56154,,CUSTOMER,HETALLS GLOBAL PRIVATE LIMITED,Individual,Consumer,COTTON DHURRIE-STK-26O,2 X 6 FT,1,$85.00,HANDMADE COTTON DHURRIE-STK-26O-2 X 6 FT,57050024,,,,,,,,23-Jun-2026,
IOSS VAT identification number:  IM4420001405,TOP URGENT,TOP URGENT,RF-12826,AMAZON,303-9702357-6894751,"
Irina",,17-Jun-2026,1,JUTE DHURRIE,4 X 6 FT,No,24-Jun-2026,DISPATCHED,,22-Jun-2026,NR-37,Dispatch,,Irina Weidenbach,"Schmalholzstrasse
1",,Friedrichshafen,,88048,Germany,17684577134,,CUSTOMER,HETALLS GLOBAL PRIVATE LIMITED,Individual,Consumer,JUTE DHURRIE-NR-37,4 X 6 FT,1,$162.98,HANDMADE JUTE DHURRIE-NR-37-4 X 6 FT,57050039,,,,,,,20-Jun-2026,22-Jun-2026,
,TOP URGENT,TOP URGENT,RF-12827,AMAZON,111-1354046-1841857,Kiryl,,17-Jun-2026,1,COTTON DHURRIE,2.6 X 8 FT,Yes,25-Jun-2026,DISPATCHED,,26-Jun-2026,STK-47,Dispatch,,Kiryl Basiuk,5680 OAK HILL DR,,SACRAMENTO,CA,95841-2092,United States,1 207-835-4259 ext. 32282,,CUSTOMER,HETALLS GLOBAL PRIVATE LIMITED,Individual,Consumer,COTTON DHURRIE-STK-47,2.6 X 8 FT,1,$96.00,HANDMADE COTTON DHURRIE-STK-47-2.6 X 8 FT,57050024,,,,,,,,26-Jun-2026,
,,,RF-12828,ETSY-RUGSFOREVER,4093790009,Sabrina Abdelwahab,,18-Jun-2026,1,JUTE DHURRIE,8 X 8 FT,No,22-Jun-2026,DISPATCHED,,26-Jun-2026,VI-78A,Dispatch,,Sabrina Abdelwahab,2059 48th St,# 3FL,"ASTORIA,",NY,11105-1203,United States,9293303325,sabdelwahab97@gmail.com,CUSTOMER,HETALLS GLOBAL PRIVATE LIMITED,Individual,Consumer,JUTE DHURRIE-VI-78A,8 X 8 FT,1,$285.00,HANDMADE JUTE DHURRIE-VI-78A-8 X 8 FT,57050039,,,,,,,22-Jun-2026,26-Jun-2026,
,,SET OF 2-Pieces  ,RF-12829,ETSY-RUGSFOREVER,4093863379,karen kafkis,,18-Jun-2026,2,JUTE DHURRIE,10 X 30 INCH,No,22-Jun-2026,DISPATCHED,,26-Jun-2026,NR-1100A,Dispatch,,karen kafkis,164 Leonard,Wood South#212,Highland Park,IL,60035,United States,,ycbzd852gk@privaterelay.appleid.com,CUSTOMER,HETALLS GLOBAL PRIVATE LIMITED,Individual,Consumer,JUTE DHURRIE-NR-1100A,10 X 30 INCH,2,$55.25,HANDMADE JUTE DHURRIE-NR-1100A-10 X 30 INCH,57050039,,,,,,,26-Jun-2026,26-Jun-2026,
,TOP URGENT,TOP URGENT,RF-12830,AMAZON,114-4601131-7351401,Lee,,18-Jun-2026,1,WOOL JUTE,5 X 8 FT,Yes,2-Jul-2026,DISPATCHED,,24-Jun-2026,WJRH-21,Dispatch,,Lee E Anderson,1812 MOUNTAIN VIEW PL,,LOS ALAMOS,NM,87544-2869,United States,1 602-671-6610 ext. 89286,,CUSTOMER,HETALLS GLOBAL PRIVATE LIMITED,Individual,Consumer,WOOL JUTE-WJRH-21,5 X 8 FT,1,$260.00,HANDMADE WOOL JUTE-WJRH-21-5 X 8 FT,57050039,,,,IN STOCK,,,,23-Jun-2026,
,TOP URGENT,TOP URGENT,RF-12831,AMAZON,112-4125213-3285049,Aidan,,18-Jun-2026,1,WOOL JUTE,5 X 7 FT,Yes,2-Jul-2026,DISPATCHED,,30-Jun-2026,HW-58,Dispatch,,Aidan Derryberry,4302 TOPAZ CT APT 198,,LA MESA,CA,91941-8417,United States,1 314-282-9402 ext. 71082,,CUSTOMER,HETALLS GLOBAL PRIVATE LIMITED,Individual,Consumer,WOOL JUTE-HW-58,5 X 7 FT,1,$270.00,HANDMADE WOOL JUTE-HW-58-5 X 7 FT,57050039,,,,,,,29-Jun-2026,,
,TOP URGENT,TOP URGENT,RF-12832,AMAZON,112-6720511-0578644,Monica,,18-Jun-2026,1,JUTE DHURRIE,4 X 7 FT,No,24-Jun-2026,DISPATCHED,,22-Jun-2026,NR-429,Dispatch,,Monica Brent,18204 127th Drive N,,Jupiter,FL,33478,United States,1 602-671-6610 ext. 97678,,CUSTOMER,HETALLS GLOBAL PRIVATE LIMITED,Individual,Consumer,JUTE DHURRIE-NR-429,4 X 7 FT,1,$144.00,HANDMADE JUTE DHURRIE-NR-429-4 X 7 FT,57050039,,,,,,,20-Jun-2026,22-Jun-2026,
,TOP URGENT,TOP URGENT,RF-12833,AMAZON, 113-9376268-2142641,Brittany,,18-Jun-2026,1,COTTON DHURRIE,2.6 X 10 FT,No,23-Jun-2026,DISPATCHED,,24-Jun-2026,STK-26O,Dispatch,,Brittany Prater,415 Lakewood Dr,,Vidor,Tx,77662,United States,1 763-225-9463 ext. 79507,,CUSTOMER,HETALLS GLOBAL PRIVATE LIMITED,Individual,Consumer,COTTON DHURRIE-STK-26O,2.6 X 10 FT,1,$169.00,HANDMADE COTTON DHURRIE-STK-26O-2.6 X 10 FT,57050024,,,,,,,,24-Jun-2026,
,,,RF-12834,ETSY-RUGSFOREVER,4091770582,Darian Shaw,,18-Jun-2026,1,CHINDI-COTTON,2.6 X 6 FT,No,23-Jun-2026,DISPATCHED,,26-Jun-2026,NR-72,Dispatch,,Darian Shaw,500 Salina,Mtn Rd,"Boulder,",CO ,80302,United States,,darianshaw@gmail.com,CUSTOMER,HETALLS GLOBAL PRIVATE LIMITED,Individual,Consumer,CHINDI-COTTON-NR-72,2.6 X 6 FT,1,$117.00,HANDMADE CHINDI-COTTON-NR-72-2.6 X 6 FT,57050024,,,,,,,26-Jun-2026,26-Jun-2026,
,,,RF-12835,ETSY-RUGSFOREVER,4091775284,Darian Shaw,,18-Jun-2026,1,CHINDI-COTTON,2 X 3 FT,No,23-Jun-2026,DISPATCHED,,26-Jun-2026,NR-72,Dispatch,,Darian Shaw,500 Salina,Mtn Rd,"Boulder,",CO ,80302,United States,,darianshaw@gmail.com,CUSTOMER,HETALLS GLOBAL PRIVATE LIMITED,Individual,Consumer,CHINDI-COTTON-NR-72,2 X 3 FT,1,$57.20,HANDMADE CHINDI-COTTON-NR-72-2 X 3 FT,57050024,,,,,,,26-Jun-2026,26-Jun-2026,
,TOP URGENT,TOP URGENT,RF-12836,AMAZON,113-5041210-0277843,G,,19-Jun-2026,1,COTTON DHURRIE,2.6 X 4 FT,No,25-Jun-2026,DISPATCHED,,25-Jun-2026,JHGD-10,Dispatch,,Gayleann Davis,114 ONTARIO ST,,EDINBORO,PA,16412-2515,United States,1 415-419-8616 ext. 24211,,CUSTOMER,HETALLS GLOBAL PRIVATE LIMITED,Individual,Consumer,COTTON DHURRIE-JHGD-10,2.6 X 4 FT,1,$64.00,HANDMADE COTTON DHURRIE-JHGD-10-2.6 X 4 FT,57050024,,,,,,,,25-Jun-2026,
,TOP URGENT,TOP URGENT,RF-12837,AMAZON,112-8620554-2641033,Roberta,,19-Jun-2026,1,COTTON DHURRIE,2 X 6 FT,Yes,25-Jun-2026,DISPATCHED,,25-Jun-2026,JHGD-02A,Dispatch,,Roberta Coffman,3700 DEAN DR UNIT 2904,,VENTURA,CA ,93003-3355,United States,1 619-854-2705 ext. 12394,,CUSTOMER,HETALLS GLOBAL PRIVATE LIMITED,Individual,Consumer,COTTON DHURRIE-JHGD-02A,2 X 6 FT,1,$50.15,HANDMADE COTTON DHURRIE-JHGD-02A-2 X 6 FT,57050024,,,,,,,,25-Jun-2026,
,TOP URGENT,TOP URGENT,RF-12838-1/2,AMAZON, 113-2504780-5613819,anthony,,19-Jun-2026,1,JUTE DHURRIE,4 X 12 FT,No,26-Jun-2026,DISPATCHED,,26-Jun-2026,NF-09,Dispatch,,anthony ruggio,12 NINE GATES RD,,CHADDS FORD,PA,19317-9258,United States,1 619-854-2705 ext. 04196,,CUSTOMER,HETALLS GLOBAL PRIVATE LIMITED,Individual,Consumer,JUTE DHURRIE-NF-09,4 X 12 FT,1,$232.50,HANDMADE JUTE DHURRIE-NF-09-4 X 12 FT,57050039,,,,,,,22-Jun-2026,26-Jun-2026,
,TOP URGENT,TOP URGENT,RF-12838-2/2,AMAZON, 113-2504780-5613819,anthony,,19-Jun-2026,1,JUTE DHURRIE,2 X 3 FT,No,26-Jun-2026,DISPATCHED,,26-Jun-2026,NF-09,Dispatch,,anthony ruggio,12 NINE GATES RD,,CHADDS FORD,PA,19317-9258,United States,1 619-854-2705 ext. 04196,,CUSTOMER,HETALLS GLOBAL PRIVATE LIMITED,Individual,Consumer,JUTE DHURRIE-NF-09,2 X 3 FT,1,$60.00,HANDMADE JUTE DHURRIE-NF-09-2 X 3 FT,57050039,,,,,,,22-Jun-2026,26-Jun-2026,
,TOP URGENT,TOP URGENT,RF-12839,AMAZON,114-6011047-0496262,Sonya,,19-Jun-2026,1,JUTE DHURRIE,2.6 X 4 FT,No,26-Jun-2026,DISPATCHED,,24-Jun-2026,NR-108,Dispatch,,Sonya Reiselt,58 SHEPPARD RD,,BEAUFORT,SC,29907-2518,United States,1 602-671-6610 ext. 32871,,CUSTOMER,HETALLS GLOBAL PRIVATE LIMITED,Individual,Consumer,JUTE DHURRIE-NR-108,2.6 X 4 FT,1,$64.00,HANDMADE JUTE DHURRIE-NR-108-2.6 X 4 FT,57050039,,,,,,,22-Jun-2026,24-Jun-2026,
,TOP URGENT,TOP URGENT,RF-12840,AMAZON,113-9997799-3563435,Darrin,,19-Jun-2026,1,JUTE DHURRIE,2 X 3 FT,No,26-Jun-2026,DISPATCHED,,26-Jun-2026,NR-30,Dispatch,,Darrin Nelson,29607 N 126TH AVE,,PEORIA,AZ,85383-2487,United States,1 213-442-1463 ext. 99534,,CUSTOMER,HETALLS GLOBAL PRIVATE LIMITED,Individual,Consumer,JUTE DHURRIE-NR-30,2 X 3 FT,1,$52.00,HANDMADE JUTE DHURRIE-NR-30-2 X 3 FT,57050039,,,,,,,26-Jun-2026,26-Jun-2026,
,,,RF-12841,ETSY-RUGSFOREVER,4092846990,Jo Pickard,,20-Jun-2026,1,CHINDI-COTTON,9 X 9 FT,No,24-Jun-2026,DISPATCHED,,27-Jun-2026,NR-72,Dispatch,,Jo Pickard,Carrallack ,"Terrace, St. Just",Penzance,Cornwall,TR19 7LW,United Kingdom,,United Kingdom,CUSTOMER,HETALLS GLOBAL PRIVATE LIMITED,Individual,Consumer,CHINDI-COTTON-NR-72,9 X 9 FT,1,$403.00,HANDMADE CHINDI-COTTON-NR-72-9 X 9 FT,57050024,,,,,,,26-Jun-2026,27-Jun-2026,
"Buyer cancellation
Cancellation reason: Other",TOP URGENT,TOP URGENT,RF-12842,AMAZON,111-1727742-8597853,Jonathan ,,20-Jun-2026,1,COTTON DHURRIE,2 X 6 FT,Yes,25-Jun-2026,CANCELLED,CANCELLED,,JHGD-02A,Dispatch,,Jonathan Matthews,451 NORMANDIE PL APT 3,,LOS ANGELES,CA,90004-3293,United States,1 412-532-4665 ext. 49518,,CUSTOMER,HETALLS GLOBAL PRIVATE LIMITED,Individual,Consumer,COTTON DHURRIE-JHGD-02A,2 X 6 FT,1,$59.00,HANDMADE COTTON DHURRIE-JHGD-02A-2 X 6 FT,57050024,,,,,,,,,
,TOP URGENT,TOP URGENT,RF-12843,AMAZON,111-9370102-8802642,Erika,,20-Jun-2026,1,COTTON DHURRIE,3 X 5 FT,Yes,25-Jun-2026,DISPATCHED,,25-Jun-2026,JHGD-10,Dispatch,,Erika Miller,3396 COLUMBIA DR,,PITTSBURGH,PA,15234-2555,United States,1 207-835-4259 ext. 42509,,CUSTOMER,HETALLS GLOBAL PRIVATE LIMITED,Individual,Consumer,COTTON DHURRIE-JHGD-10,3 X 5 FT,1,$79.00,HANDMADE COTTON DHURRIE-JHGD-10-3 X 5 FT,57050024,,,,,,,,25-Jun-2026,
,,"IOSS number, IM3720000224,",RF-12844,ETSY-RUGSFOREVER,4093966532,,,22-Jun-2026,1,CHINDI-COTTON,4 X 4 FT,No,25-Jun-2026,DISPATCHED,,27-Jun-2026,NR-72S,Dispatch,,Birgit Vonhoff,Mühlenstr. 2,,Traunstein,Traunstein,83278,Germany,491634119909,birgit@volb.de,CUSTOMER,HETALLS GLOBAL PRIVATE LIMITED,Individual,Consumer,CHINDI-COTTON-NR-72S,4 X 4 FT,1,$117.00,HANDMADE CHINDI-COTTON-NR-72S-4 X 4 FT,57050024,,,,,,,26-Jun-2026,27-Jun-2026,
,,,RF-12845,ETSY-RUGSFOREVER,4094729380,"
Christina Rivers",,22-Jun-2026,1,JUTE DHURRIE,4 X 4 FT,No,26-Jun-2026,DISPATCHED,,27-Jun-2026,VI-24B,Dispatch,,Christina Rivers,1147 Peachtree St,,"Jacksonville,",FL,32207,United States,,christinamrivers@gmail.com,CUSTOMER,HETALLS GLOBAL PRIVATE LIMITED,Individual,Consumer,JUTE DHURRIE-VI-24B,4 X 4 FT,1,$94.25,HANDMADE JUTE DHURRIE-VI-24B-4 X 4 FT,57050039,,,,,,,26-Jun-2026,,
,TOP URGENT,TOP URGENT,RF-12846,AMAZON,114-1977411-1792243,Heidi,,22-Jun-2026,1,JUTE DHURRIE,5 X 7 FT,No,29-Jun-2026,DISPATCHED,,4-Jul-2026,VI-67,Dispatch,,Heidi Gentleman Cullen,119 TEMPLE ST,,WEST ROXBURY,MA,02132-3804,United States,1 347-448-3190 ext. 29427,,CUSTOMER,HETALLS GLOBAL PRIVATE LIMITED,Individual,Consumer,JUTE DHURRIE-VI-67,5 X 7 FT,1,$270.00,HANDMADE JUTE DHURRIE-VI-67-5 X 7 FT,57050039,,,,,,,2-Jul-2026,3-Jul-2026,
,TOP URGENT,TOP URGENT,RF-12847-1/2,AMAZON,113-2859091-8421846,Karen,,22-Jun-2026,1,WOOL JUTE,4 X 10 FT,Yes,6-Jul-2026,DISPATCHED,,6-Jul-2026,HW-61,Dispatch,,Karen A Maxwell,100 LEGACY TRL X P O BOX 847,,EDWARDS,CO,81632-5337,United States,1 213-442-1463 ext. 02265,,CUSTOMER,HETALLS GLOBAL PRIVATE LIMITED,Individual,Consumer,WOOL JUTE-HW-61,4 X 10 FT,1,$224.25,HANDMADE WOOL JUTE-HW-61-4 X 10 FT,57050039,,,,,,,4-Jul-2026,6-Jul-2026,
,TOP URGENT,TOP URGENT,RF-12847-2/2,AMAZON,113-2859091-8421846,Karen,,22-Jun-2026,1,JUTE DHURRIE,3 X 5 FT,No,29-Jun-2026,DISPATCHED,,6-Jul-2026,HW-45,Dispatch,,Karen A Maxwell,100 LEGACY TRL X P O BOX 847,,EDWARDS,CO,81632-5337,United States,1 213-442-1463 ext. 02265,,CUSTOMER,HETALLS GLOBAL PRIVATE LIMITED,Individual,Consumer,JUTE DHURRIE-HW-45,3 X 5 FT,1,$107.25,HANDMADE JUTE DHURRIE-HW-45-3 X 5 FT,57050039,,,,,,,29-Jun-2026,6-Jul-2026,
,TOP URGENT,TOP URGENT,RF-12848,AMAZON,114-9566966-6045056,Bennett,,22-Jun-2026,1,COTTON DHURRIE,4 X 4 FT,Yes,27-Jun-2026,DISPATCHED,,27-Jun-2026,JHGD-02A,Dispatch,,Bennett,631 NEAL RD,,MADISON,NC,27025-8140,United States,1 207-835-4259 ext. 85361,,CUSTOMER,HETALLS GLOBAL PRIVATE LIMITED,Individual,Consumer,COTTON DHURRIE-JHGD-02A,4 X 4 FT,1,$110.00,HANDMADE COTTON DHURRIE-JHGD-02A-4 X 4 FT,57050024,,,,,,,,27-Jun-2026,
,TOP URGENT,TOP URGENT,RF-12849-1/2,AMAZON,114-1430133-8992223,Alice,,22-Jun-2026,1,JUTE DHURRIE,10 X 16 FT,No,27-Jun-2026,HOLD,HOLD,,NR-1015,Dispatch,,Alice Wyse Jackson,106 NE 40TH ST,,SEATTLE,WA,98105-6504,United States,1 207-835-4259 ext. 81920,,CUSTOMER,HETALLS GLOBAL PRIVATE LIMITED,Individual,Consumer,JUTE DHURRIE-NR-1015,10 X 16 FT,1,$156.00,HANDMADE JUTE DHURRIE-NR-1015-10 X 16 FT,57050039,,,,,,,,,
,TOP URGENT,TOP URGENT,RF-12849-2/2,AMAZON,114-1430133-8992223,Alice,,22-Jun-2026,2,WOOL JUTE,3 X 10 FT,Yes,6-Jul-2026,HOLD,HOLD,,WJRH-13,Dispatch,,Alice Wyse Jackson,106 NE 40TH ST,,SEATTLE,WA,98105-6504,United States,1 207-835-4259 ext. 81920,,CUSTOMER,HETALLS GLOBAL PRIVATE LIMITED,Individual,Consumer,WOOL JUTE-WJRH-13,3 X 10 FT,2,$292.50,HANDMADE WOOL JUTE-WJRH-13-3 X 10 FT,57050039,,,,,,,,,
,TOP URGENT,TOP URGENT,RF-12850,AMAZON,114-7060039-6250656,Marcie,,22-Jun-2026,2,WOOL JUTE,3 X 15 FT,Yes,6-Jul-2026,DISPATCHED,,30-Jun-2026,WJRH-15,Dispatch,,Marcie Davis,1324 LOMITA LN,,ESPANOLA,NM ,87532-3315,United States,1 763-225-9463 ext. 61451,,CUSTOMER,HETALLS GLOBAL PRIVATE LIMITED,Individual,Consumer,WOOL JUTE-WJRH-15,3 X 15 FT,2,$439.50,HANDMADE WOOL JUTE-WJRH-15-3 X 15 FT,57050039,,,,,,,29-Jun-2026,30-Jun-2026,
,TOP URGENT,TOP URGENT,RF-12851,AMAZON,701-1804844-5517855,Lizanne,,22-Jun-2026,1,CHINDI COTTON-JUTE,3 X 20 FT,No,27-Jun-2026,DISPATCHED,,2-Jul-2026,NR-146,Dispatch,,Lizanne Church,4803 Taylor Crescent,,Regina,Saskatchewan,S4X 4T4,Canada,3065018491,,CUSTOMER,HETALLS GLOBAL PRIVATE LIMITED,Individual,Consumer,CHINDI COTTON-JUTE-NR-146,3 X 20 FT,1,$288.37,HANDMADE CHINDI COTTON-JUTE-NR-146-3 X 20 FT,57050039,,,,,,,29-Jun-2026,1-Jul-2026,
,TOP URGENT,TOP URGENT,RF-12852,AMAZON,111-3286031-7042643,Richard,,22-Jun-2026,1,JUTE DHURRIE,4 X 6 FT,No,27-Jun-2026,DISPATCHED,,30-Jun-2026,NR-1050,Dispatch,,Richard P. DeBenedetto,70 FOREST ST APT 17C,,STAMFORD,CT,06901-1881,United States,1 210-728-4548 ext. 88738,,CUSTOMER,HETALLS GLOBAL PRIVATE LIMITED,Individual,Consumer,JUTE DHURRIE-NR-1050,4 X 6 FT,1,$155.00,HANDMADE JUTE DHURRIE-NR-1050-4 X 6 FT,57050039,,,,,,,29-Jun-2026,30-Jun-2026,
"Buyer cancellation
Cancellation reason: Reason left unspecified",TOP URGENT,TOP URGENT,RF-12853,AMAZON,113-4821801-2339464,Micah,,22-Jun-2026,1,COTTON DHURRIE,2.6 X 10 FT,Yes,27-Jun-2026,CANCELLED,CANCELLED,, JHGD-02A,Dispatch,,Micah,1043 NANCY DR,,CHARLOTTE,NC,28211-1532,United States,1 619-854-2705 ext. 48471,,CUSTOMER,HETALLS GLOBAL PRIVATE LIMITED,Individual,Consumer,COTTON DHURRIE- JHGD-02A,2.6 X 10 FT,1,$135.00,HANDMADE COTTON DHURRIE- JHGD-02A-2.6 X 10 FT,57050024,,,,,,,,,
,TOP URGENT,TOP URGENT,RF-12854,AMAZON,113-4386470-4761001,Lindsey,,22-Jun-2026,1,COTTON DHURRIE,6 x 6 FT,Yes,27-Jun-2026,DISPATCHED,,27-Jun-2026,JHGD-02A,Dispatch,,Lindsey Palic,3101 MONTGOMERIE CIR,,EAGLE,CO,81631-6364,United States,1 412-532-4665 ext. 06077,,CUSTOMER,HETALLS GLOBAL PRIVATE LIMITED,Individual,Consumer,COTTON DHURRIE-JHGD-02A,6 x 6 FT,1,$188.00,HANDMADE COTTON DHURRIE-JHGD-02A-6 x 6 FT,57050024,,,,,,,,27-Jun-2026,
,TOP URGENT,TOP URGENT,RF-12855,AMAZON,114-0079808-4333802,Christine Rudert,,22-Jun-2026,1,JUTE DHURRIE,3 X 5 FT,No,27-Jun-2026,DISPATCHED,,27-Jun-2026,NR-30,Dispatch,,Christine Rudert,611 S ANNA ST,,MOUNT PLEASANT,MI ,48858-2811,United States,1 213-442-1463 ext. 78171,,CUSTOMER,HETALLS GLOBAL PRIVATE LIMITED,Individual,Consumer,JUTE DHURRIE-NR-30,3 X 5 FT,1,$67.15,HANDMADE JUTE DHURRIE-NR-30-3 X 5 FT,57050039,,,,IN STOCK,,,,26-Jun-2026,
IOSS VAT identification number:  IM4420001405,TOP URGENT,TOP URGENT,RF-12856,AMAZON,302-3498125-5740329,Anja,,22-Jun-2026,1,COTTON DHURRIE,2.6 X 8 FT,Yes,27-Jun-2026,DISPATCHED,,27-Jun-2026,HGD-T-501,Dispatch,,Anja Cordes,Wilhelm-Kreutz-Straße 2,,Römerberg,,67354,Germany,0160/96900144,,CUSTOMER,HETALLS GLOBAL PRIVATE LIMITED,Individual,Consumer,COTTON DHURRIE-HGD-T-501,2.6 X 8 FT,1,$99.40,HANDMADE COTTON DHURRIE-HGD-T-501-2.6 X 8 FT,57050024,,,,,,,,27-Jun-2026,
,,,RF-12857,ETSY-RUGSFOREVER,4098185435,Eileen Joubert,,23-Jun-2026,1,CHINDI-COTTON,2 X 10 FT,No,29-Jun-2026,DISPATCHED,,4-Jul-2026,NR-200,Dispatch,,Eileen Joubert,433 80th St,Aot. 201,"Brooklyn,",NY,11209,United States,,orterrapin@aol.com,CUSTOMER,HETALLS GLOBAL PRIVATE LIMITED,Individual,Consumer,CHINDI-COTTON-NR-200,2 X 10 FT,1,$105.30,HANDMADE CHINDI-COTTON-NR-200-2 X 10 FT,57050024,,,,,,,2-Jul-2026,3-Jul-2026,
,TOP URGENT,TOP URGENT,RF-12858,AMAZON,114-2784297-8268243,charles,,23-Jun-2026,1,COTTON DHURRIE,2 X 6 FT,No,29-Jun-2026,DISPATCHED,,30-Jun-2026,STK-26O,Dispatch,,Emma Goldean,5714 RICHMOND AVE APT 526,,DALLAS,TX,75206-3837,United States,1 619-854-2705 ext. 45933,,CUSTOMER,HETALLS GLOBAL PRIVATE LIMITED,Individual,Consumer,COTTON DHURRIE-STK-26O,2 X 6 FT,1,$85.00,HANDMADE COTTON DHURRIE-STK-26O-2 X 6 FT,57050024,,,,,,,,29-Jun-2026,
,TOP URGENT,TOP URGENT,RF-12859,AMAZON,111-7408820-8798641,  Mikki,,23-Jun-2026,1,JUTE DHURRIE,2 X 3 FT,No,29-Jun-2026,DISPATCHED,,26-Jun-2026,NR-30,Dispatch,,Jess Credidio,662 Sandy Bluff Dr,,Yulee,FL ,32097,United States,1 602-671-6610 ext. 97273,,CUSTOMER,HETALLS GLOBAL PRIVATE LIMITED,Individual,Consumer,JUTE DHURRIE-NR-30,2 X 3 FT,1,$52.00,HANDMADE JUTE DHURRIE-NR-30-2 X 3 FT,57050039,,,,,,,26-Jun-2026,26-Jun-2026,
Buyer National Id: MAFJ981112MJCRNS08,TOP URGENT,TOP URGENT,RF-12860,AMAZON,702-9170355-0877047,Maria,,23-Jun-2026,1,COTTON DHURRIE,10 X 10 FT,Yes,29-Jun-2026,DISPATCHED,,30-Jun-2026,HGD-N-138,Dispatch,,Maria Jose Martinez Fenelon AIKARI,Avenida Providencia 2827,PROVIDENCIA 4A SECC,GUADALAJARA,JALISCO,44639,Mexico,52 3313815640,,CUSTOMER,HETALLS GLOBAL PRIVATE LIMITED,Individual,Consumer,COTTON DHURRIE-HGD-N-138,10 X 10 FT,1,$621.60,HANDMADE COTTON DHURRIE-HGD-N-138-10 X 10 FT,57050024,,,,,,,,30-Jun-2026,
,TOP URGENT,TOP URGENT,RF-12861,AMAZON,112-1412655-1957818,Mary,,23-Jun-2026,1,COTTON DHURRIE,3 X 12 FT,No,29-Jun-2026,DISPATCHED,,30-Jun-2026,STK-26O,Dispatch,,Mary E Osoro,11721 S HIGHLAND OAKS CIR,,SANDY,UT,84092-7160,United States,1 210-728-4548 ext. 40004,,CUSTOMER,HETALLS GLOBAL PRIVATE LIMITED,Individual,Consumer,COTTON DHURRIE-STK-26O,3 X 12 FT,1,$234.00,HANDMADE COTTON DHURRIE-STK-26O-3 X 12 FT,57050024,,,,,,,,29-Jun-2026,
,TOP URGENT,TOP URGENT,RF-12862,AMAZON,114-4343000-1341009,Lacy,,23-Jun-2026,1,WOOL JUTE,2 X 6 FT,Yes,7-Jul-2026,DISPATCHED,,26-Jun-2026,WJRH-21,Dispatch,,Lacy McKinley,12640 COUNTY ROAD 109 S,,ALAMOSA,CO,81101-9428,United States,1 314-282-9402 ext. 72626,,CUSTOMER,HETALLS GLOBAL PRIVATE LIMITED,Individual,Consumer,WOOL JUTE-WJRH-21,2 X 6 FT,1,$85.00,HANDMADE WOOL JUTE-WJRH-21-2 X 6 FT,57050039,,,,IN STOCK,,,,25-Jun-2026,
,TOP URGENT,TOP URGENT,RF-12863,AMAZON,114-6230791-9626609,samira,,23-Jun-2026,1,COTTON DHURRIE,2.6 X 8 FT,Yes,29-Jun-2026,DISPATCHED,,30-Jun-2026,JHGD-02A,Dispatch,,samira humes,2602 HAMPDEN AVE,,BALTIMORE,MD ,21211-3106,United States,1 210-728-4548 ext. 86210,,CUSTOMER,HETALLS GLOBAL PRIVATE LIMITED,Individual,Consumer,COTTON DHURRIE-JHGD-02A,2.6 X 8 FT,1,$81.60,HANDMADE COTTON DHURRIE-JHGD-02A-2.6 X 8 FT,57050024,,,,,,,,29-Jun-2026,
,,1 Piec larger step SET OF 13-Pieces  ,RF-12864,ETSY-RUGSFOREVER,4098777101,Gabriela Olivera,,23-Jun-2026,1,CHINDI-COTTON,1pc36x38in 8inX3ft,No,29-Jun-2026,DISPATCHED,,30-Jun-2026,NR-1100D,Dispatch,,Gabriela Olivera,815 Edge Hill Rd,,"Richmond,",VA,23222-3511,United States,7035654306,its.gabrielaolivera@gmail.com,CUSTOMER,HETALLS GLOBAL PRIVATE LIMITED,Individual,Consumer,CHINDI-COTTON-NR-1100D,1pc36x38in 8inX3ft,1,$354.25,HANDMADE CHINDI-COTTON-NR-1100D-1pc36x38in 8inX3ft,57050024,,,,,,,29-Jun-2026,30-Jun-2026,
,,,RF-12865,ETSY-RUGSFOREVER,4099206529,Cathy McCarty-Rathbun,,24-Jun-2026,1,JUTE DHURRIE,4 X 4 FT,Yes,29-Jun-2026,DISPATCHED,,2-Jul-2026,NR-168,Dispatch,,Cathy McCarty-Rathbun,3615 Vista Bella,Unit 43,"Oceanside,",CA,92057-7014,United States,,cjrathbun@cox.net,CUSTOMER,HETALLS GLOBAL PRIVATE LIMITED,Individual,Consumer,JUTE DHURRIE-NR-168,4 X 4 FT,1,$110.50,HANDMADE JUTE DHURRIE-NR-168-4 X 4 FT,57050039,,,,,,,29-Jun-2026,1-Jul-2026,
,,,RF-12866,ETSY-CASAVANI,4099212933,Patricia Meland,,24-Jun-2026,1,COTTON DHURRIE,9 X 12 FT,No,29-Jun-2026,DISPATCHED,,2-Jul-2026,MR-28,Dispatch,,Patricia Meland,4600 Alvarado ,Lane N,Plymouth,MN,55446,United States,,meland.patricia@yahoo.com,CUSTOMER,HETALLS GLOBAL PRIVATE LIMITED,Individual,Consumer,COTTON DHURRIE-MR-28,9 X 12 FT,1,$522.60,HANDMADE COTTON DHURRIE-MR-28-9 X 12 FT,57050024,,,,,,,,1-Jul-2026,
,,,RF-12867,ETSY-CASAVANI,4098951567,Madina Hall,,24-Jun-2026,1,COTTON DHURRIE,2.5 X 18 FT RUNNER,Yes,27-Jun-2026,DISPATCHED,,30-Jun-2026,HGD-129-LR,Dispatch,,Madina Hall,1070C Fairway Rd,,"Montecito,",CV,93108,United States,1 (925) 360-6282,madinahall89@gmail.com,CUSTOMER,HETALLS GLOBAL PRIVATE LIMITED,Individual,Consumer,COTTON DHURRIE-HGD-129-LR,2.5 X 18 FT RUNNER,1,$218.40,HANDMADE COTTON DHURRIE-HGD-129-LR-2.5 X 18 FT RUNNER,57050024,,,,,,,,29-Jun-2026,
,TOP URGENT,TOP URGENT,RF-12868,AMAZON,114-5650581-6182646,sophie,,24-Jun-2026,1,COTTON DHURRIE,5 X 5 FT,Yes,29-Jun-2026,DISPATCHED,,30-Jun-2026,HGD-129,Dispatch,,sophie Braun,2310 ARAPAHOE ST 1014,,DENVER,CO,80205-2613,United States,1 602-671-6610 ext. 99597,,CUSTOMER,HETALLS GLOBAL PRIVATE LIMITED,Individual,Consumer,COTTON DHURRIE-HGD-129,5 X 5 FT,1,$128.00,HANDMADE COTTON DHURRIE-HGD-129-5 X 5 FT,57050024,,,,,,,,29-Jun-2026,
,TOP URGENT,TOP URGENT,RF-12869,AMAZON,111-4486562-9196241,Kellen,,24-Jun-2026,1,COTTON DHURRIE,5 X 8 FT,Yes,29-Jun-2026,DISPATCHED,,30-Jun-2026,HGD-110,Dispatch,,Kellen Simpson,19601 SANGREMON WAY,,PFLUGERVILLE,TX,78660-3464,United States,1 602-671-6610 ext. 64857,,CUSTOMER,HETALLS GLOBAL PRIVATE LIMITED,Individual,Consumer,COTTON DHURRIE-HGD-110,5 X 8 FT,1,$208.00,HANDMADE COTTON DHURRIE-HGD-110-5 X 8 FT,57050024,,,,,,,,30-Jun-2026,
,TOP URGENT,TOP URGENT,RF-12870,AMAZON,112-7014468-4187438,Gabrielle,,24-Jun-2026,1,COTTON DHURRIE,2.6 X 8 FT,Yes,29-Jun-2026,DISPATCHED,,30-Jun-2026,HGD-110,Dispatch,,Gabrielle Raemy Charest-Turken,8145 SW 133RD ST,,PINECREST,FL,33156-6728,United States,1 763-225-9463 ext. 60614,,CUSTOMER,HETALLS GLOBAL PRIVATE LIMITED,Individual,Consumer,COTTON DHURRIE-HGD-110,2.6 X 8 FT,1,$96.00,HANDMADE COTTON DHURRIE-HGD-110-2.6 X 8 FT,57050024,,,,,,,,30-Jun-2026,
,TOP URGENT,TOP URGENT,RF-12871,AMAZON,114-4808146-5431443,tiara ,,24-Jun-2026,1,JUTE DHURRIE,2 X 3 FT,No,30-Jun-2026,DISPATCHED,,27-Jun-2026,NR-30,Dispatch,,tiara Lockett,512 W 2ND ST,,BOUND BROOK,NJ,08805-1841,United States,1 314-282-9402 ext. 23493,,CUSTOMER,HETALLS GLOBAL PRIVATE LIMITED,Individual,Consumer,JUTE DHURRIE-NR-30,2 X 3 FT,1,$52.00,HANDMADE JUTE DHURRIE-NR-30-2 X 3 FT,57050039,,,,,,,26-Jun-2026,27-Jun-2026,
,TOP URGENT,TOP URGENT,RF-12872,AMAZON,111-4802537-5239454,victoria,,24-Jun-2026,1,COTTON DHURRIE,2.6 X 8 FT,Yes,29-Jun-2026,DISPATCHED,,30-Jun-2026,JHGD-02A,Dispatch,,victoria krassensky,6905 JORDAN RD,,CAMBRIA,CALIFORNIA,93428-2021,United States,1 602-671-6610 ext. 81146,,CUSTOMER,HETALLS GLOBAL PRIVATE LIMITED,Individual,Consumer,COTTON DHURRIE-JHGD-02A,2.6 X 8 FT,1,$96.00,HANDMADE COTTON DHURRIE-JHGD-02A-2.6 X 8 FT,57050024,,,,,,,,29-Jun-2026,
,TOP URGENT,TOP URGENT,RF-12873,AMAZON,114-7254584-5205013,Sydney,,24-Jun-2026,1,JUTE DHURRIE,4 X 12 FT,No,30-Jun-2026,DISPATCHED,,4-Jul-2026,NR-430,Dispatch,,Sydney Wilcoxson,630 S NEVADA ST APT I,,PORTLAND,OR,97219-3494,United States,1 213-442-1463 ext. 98684,,CUSTOMER,HETALLS GLOBAL PRIVATE LIMITED,Individual,Consumer,JUTE DHURRIE-NR-430,4 X 12 FT,1,$223.00,HANDMADE JUTE DHURRIE-NR-430-4 X 12 FT,57050039,,,,,,,2-Jul-2026,3-Jul-2026,
,TOP URGENT,TOP URGENT,RF-12874,AMAZON,112-2388068-1417007,Diana Byrd,,24-Jun-2026,1,JUTE DHURRIE,10 X 16 FT,No,30-Jun-2026,HOLD,HOLD,,NR-1016,Dispatch,,Diana Byrd,820 SABLE POINTE RD,,MILTON,GA,30004-2782,United States,1 602-671-6610 ext. 71514,,CUSTOMER,HETALLS GLOBAL PRIVATE LIMITED,Individual,Consumer,JUTE DHURRIE-NR-1016,10 X 16 FT,1,$208.00,HANDMADE JUTE DHURRIE-NR-1016-10 X 16 FT,57050039,,,,,,,,,
,TOP URGENT,TOP URGENT,RF-12875,AMAZON,113-1501815-0565851,Jaclyn ,,24-Jun-2026,1,JUTE DHURRIE,2.6 X 4 FT,No,30-Jun-2026,DISPATCHED,,26-Jun-2026,NR-108,Dispatch,,Jaclyn Tyburski,95 HEMLOCK DR,,NORWELL,MA ,02061-1221,United States,1 929-436-4790 ext. 94731,,CUSTOMER,HETALLS GLOBAL PRIVATE LIMITED,Individual,Consumer,JUTE DHURRIE-NR-108,2.6 X 4 FT,1,$64.00,HANDMADE JUTE DHURRIE-NR-108-2.6 X 4 FT,57050039,,,,,,,26-Jun-2026,26-Jun-2026,
,TOP URGENT,TOP URGENT,RF-12876,AMAZON,113-0807561-2184252,Deborah,,24-Jun-2026,1,COTTON DHURRIE,4 X 6 FT,Yes,29-Jun-2026,DISPATCHED,,30-Jun-2026,HGD-110,Dispatch,,Deborah Thalberg,37 LOYOLA TER,,SAN FRANCISCO,CA,94117-1129,United States,1 412-532-4665 ext. 69235,,CUSTOMER,HETALLS GLOBAL PRIVATE LIMITED,Individual,Consumer,COTTON DHURRIE-HGD-110,4 X 6 FT,1,$124.00,HANDMADE COTTON DHURRIE-HGD-110-4 X 6 FT,57050024,,,,,,,,30-Jun-2026,
,TOP URGENT,TOP URGENT,RF-12877,AMAZON,503-0874889-6175827,Neil,,24-Jun-2026,1,WOOL JUTE,3 X 5 FT,Yes,8-Jul-2026,DISPATCHED,,4-Jul-2026,WJRH-19,Dispatch,,Neil Pollard,19 Spoonbill Street,,PEREGIAN BEACH,QLD,4573,Australia,417771906,,CUSTOMER,HETALLS GLOBAL PRIVATE LIMITED,Individual,Consumer,WOOL JUTE-WJRH-19,3 X 5 FT,1,$92.39,HANDMADE WOOL JUTE-WJRH-19-3 X 5 FT,57050039,,,,,,,4-Jul-2026,4-Jul-2026,
,TOP URGENT,TOP URGENT,RF-12878,AMAZON,111-2278847-1754627,Janet,,24-Jun-2026,1,COTTON DHURRIE,8 X 10 FT,No,29-Jun-2026,DISPATCHED,,30-Jun-2026,STK-26O,Dispatch,,Janet Vaughn,15283 BALLERINA LOOP,,WOODBRIDGE,VA,22193-8536,United States,1 347-448-3190 ext. 01306,,CUSTOMER,HETALLS GLOBAL PRIVATE LIMITED,Individual,Consumer,COTTON DHURRIE-STK-26O,8 X 10 FT,1,$520.00,HANDMADE COTTON DHURRIE-STK-26O-8 X 10 FT,57050024,,,,,,,,29-Jun-2026,
,," UK VAT number, 370 6004 28, on",RF-12879,ETSY-CASAVANI,4099540767,Timothy Johnson,,24-Jun-2026,1,COTTON DHURRIE,5 X 7 FT,Yes,29-Jun-2026,DISPATCHED,,27-Jun-2026,STK-76,Dispatch,,Timothy Johnson,67 Brook Street,,"Glemsford,",Suffolk,CO10 7PL,United Kingdom,07919 629555,tim.johnson586@btinternet.com,CUSTOMER,HETALLS GLOBAL PRIVATE LIMITED,Individual,Consumer,COTTON DHURRIE-STK-76,5 X 7 FT,1,$149.50,HANDMADE COTTON DHURRIE-STK-76-5 X 7 FT,57050024,,,,,,,,27-Jun-2026,
IOSS VAT identification number:  IM4420001405,TOP URGENT,TOP URGENT,RF-12880,AMAZON, 303-2318282-8865939,Hannes,,24-Jun-2026,1,JUTE DHURRIE,2 X 3 FT,No,30-Jun-2026,DISPATCHED,,27-Jun-2026, NR-99,Dispatch,,Hannes Oberressl,Erler Str. 63,,Niederndorf,,6342,Austria,436606548811,,CUSTOMER,HETALLS GLOBAL PRIVATE LIMITED,Individual,Consumer,JUTE DHURRIE- NR-99,2 X 3 FT,1,$62.36,HANDMADE JUTE DHURRIE- NR-99-2 X 3 FT,57050039,,,,,,,26-Jun-2026,27-Jun-2026,
,,,RF-12881,ETSY-RUGSFOREVER,4099813327,Roberta Boots,,25-Jun-2026,1,CHINDI-COTTON,2.6 X 8 FT,No,29-Jun-2026,DISPATCHED,,4-Jul-2026,NR-200,Dispatch,,Roberta Boots,4206 Mallard PL SE,,ROCHESTER,MN,55904,United States,3193100950,robertaboots@gmail.com,CUSTOMER,HETALLS GLOBAL PRIVATE LIMITED,Individual,Consumer,CHINDI-COTTON-NR-200,2.6 X 8 FT,1,$90.35,HANDMADE CHINDI-COTTON-NR-200-2.6 X 8 FT,57050024,,,,,,,2-Jul-2026,2-Jul-2026,
,,,RF-12882,ETSY-CASAVANI,4100097625,Sydney Watson,,25-Jun-2026,1,COTTON DHURRIE,2 X 12 FT,Yes,29-Jun-2026,DISPATCHED,,30-Jun-2026,HGD-129-LR,Dispatch,,Sydney Watson,412 Pacific Street 3,,Brooklyn,NY,11217,United States,,stwatson45@gmail.com,CUSTOMER,HETALLS GLOBAL PRIVATE LIMITED,Individual,Consumer,COTTON DHURRIE-HGD-129-LR,2 X 12 FT,1,$115.70,HANDMADE COTTON DHURRIE-HGD-129-LR-2 X 12 FT,57050024,,,,,,,,30-Jun-2026,
,,,RF-12883,ETSY-CASAVANI,4097784014,Cherlyn Lanning,,25-Jun-2026,1,COTTON DHURRIE,4 X 8 FT,No,29-Jun-2026,DISPATCHED,,30-Jun-2026,MR-08,Dispatch,,Cherlyn Lanning,45680 Abronia Trail,,"Palm Desert,",CA,92260,United States,,cherlynlanning7@icloud.com,CUSTOMER,HETALLS GLOBAL PRIVATE LIMITED,Individual,Consumer,COTTON DHURRIE-MR-08,4 X 8 FT,1,$157.30,HANDMADE COTTON DHURRIE-MR-08-4 X 8 FT,57050024,,,,,,,,30-Jun-2026,
,TOP URGENT,TOP URGENT,RF-12884,AMAZON, 111-8540459-2021814,Andrea,,25-Jun-2026,1,COTTON DHURRIE,2 X 6 FT,No,30-Jun-2026,DISPATCHED,,2-Jul-2026,STK-26O,Dispatch,,Andrea lieser,47 WOODLAND DR,,NEW ULM,MN,56073-3331,United States,1 210-728-4548 ext. 80664,,CUSTOMER,HETALLS GLOBAL PRIVATE LIMITED,Individual,Consumer,COTTON DHURRIE-STK-26O,2 X 6 FT,1,$85.00,HANDMADE COTTON DHURRIE-STK-26O-2 X 6 FT,57050024,,,,,,,,1-Jul-2026,
,TOP URGENT,TOP URGENT,RF-12885,AMAZON,112-7265848-9593866,Jose,,25-Jun-2026,1,COTTON DHURRIE,4 X 10 FT,Yes,30-Jun-2026,DISPATCHED,,4-Jul-2026,HGD-161B,Dispatch,,Adriana Garraton,1678 CALLE JAZMIN,Urb San Francisco,SAN JUAN,PR,00927-6318,United States,1 347-448-3190 ext. 56734,,CUSTOMER,HETALLS GLOBAL PRIVATE LIMITED,Individual,Consumer,COTTON DHURRIE-HGD-161B,4 X 10 FT,1,$208.00,HANDMADE COTTON DHURRIE-HGD-161B-4 X 10 FT,57050024,,,,,,,,2-Jul-2026,
,TOP URGENT,TOP URGENT,RF-12886,AMAZON,112-0040974-4001022, D,,25-Jun-2026,1,JUTE DHURRIE,10 X 16 FT,No,1-Jul-2026,HOLD,HOLD,,NR-1018,Dispatch,,Diana Byrd,820 SABLE POINTE RD,,MILTON,GA,30004-2782,United States,1 347-448-3190 ext. 38057,,CUSTOMER,HETALLS GLOBAL PRIVATE LIMITED,Individual,Consumer,JUTE DHURRIE-NR-1018,10 X 16 FT,1,$208.00,HANDMADE JUTE DHURRIE-NR-1018-10 X 16 FT,57050039,,,,,,,,,
,TOP URGENT,TOP URGENT,RF-12887,AMAZON,112-0653930-9245055,Melanie,,25-Jun-2026,1,COTTON DHURRIE,3 X 5 FT,Yes,30-Jun-2026,DISPATCHED,,30-Jun-2026,HP-259,Dispatch,,Madison Chaisiri,778 S 150 E,,SMITHFIELD,UT,84335-4710,United States,1 412-532-4665 ext. 60896,,CUSTOMER,HETALLS GLOBAL PRIVATE LIMITED,Individual,Consumer,COTTON DHURRIE-HP-259,3 X 5 FT,1,$99.00,HANDMADE COTTON DHURRIE-HP-259-3 X 5 FT,57050024,,,,,,,,,
,TOP URGENT,TOP URGENT,RF-12888,AMAZON,114-5728787-1803455,	Maria,,25-Jun-2026,1,WOOL JUTE,3 X 5 FT,Yes,9-Jul-2026,DISPATCHED,,30-Jun-2026,WJRH-21,Dispatch,,Maria OBRIEN-COLLINS,4153 GARDENLAKE DR,,RALEIGH,NC,27612-6953,United States,1 213-442-1463 ext. 93847,,CUSTOMER,HETALLS GLOBAL PRIVATE LIMITED,Individual,Consumer,WOOL JUTE-WJRH-21,3 X 5 FT,1,$84.15,HANDMADE WOOL JUTE-WJRH-21-3 X 5 FT,57050039,,,,IN STOCK,,,,29-Jun-2026,
,TOP URGENT,TOP URGENT,RF-12889,AMAZON,112-3232140-6805822,AJ,,25-Jun-2026,1,COTTON DHURRIE,9 X 15 FT,Yes,30-Jun-2026,DISPATCHED,,4-Jul-2026,STK-47,Dispatch,,AJ Ceberio,280 MOORING LN,,LEXINGTON,SC,29072-9533,United States,1 412-532-4665 ext. 33449,,CUSTOMER,HETALLS GLOBAL PRIVATE LIMITED,Individual,Consumer,COTTON DHURRIE-STK-47,9 X 15 FT,1,$704.00,HANDMADE COTTON DHURRIE-STK-47-9 X 15 FT,57050024,,,,,,,,3-Jul-2026,
,TOP URGENT,TOP URGENT,RF-12890,AMAZON,112-5885742-9300226,   Ada,,25-Jun-2026,1,COTTON DHURRIE,2 X 6 FT,Yes,30-Jun-2026,DISPATCHED,,2-Jul-2026,HP-105,Dispatch,,Flutura Hajdini,1812 DEPEW ST,,LAKEWOOD,CO,80214-1686,United States,1 415-851-9136 ext. 48318,,CUSTOMER,HETALLS GLOBAL PRIVATE LIMITED,Individual,Consumer,COTTON DHURRIE-HP-105,2 X 6 FT,1,$77.00,HANDMADE COTTON DHURRIE-HP-105-2 X 6 FT,57050024,,,,,,,,1-Jul-2026,
,TOP URGENT,TOP URGENT,RF-12891,AMAZON,114-9940567-4969026,Pamela,,25-Jun-2026,1,JUTE DHURRIE,5 X 5 FT,No,1-Jul-2026,DISPATCHED,,2-Jul-2026,NF-08A,Dispatch,,Lindsay Kapitan,2009 S SHAW AVE,,SIOUX FALLS,SD ,57106-4734,United States,1 415-851-9136 ext. 59511,,CUSTOMER,HETALLS GLOBAL PRIVATE LIMITED,Individual,Consumer,JUTE DHURRIE-NF-08A,5 X 5 FT,1,$128.00,HANDMADE JUTE DHURRIE-NF-08A-5 X 5 FT,57050039,,,,,,,29-Jun-2026,1-Jul-2026,
,TOP URGENT,TOP URGENT,RF-12892,AMAZON,111-9246060-6100210,Elise,,25-Jun-2026,1,JUTE DHURRIE,4 X 6 FT,No,1-Jul-2026,DISPATCHED,,2-Jul-2026,VI-68D,Dispatch,,Elise Brown,32 LISA LN,,HOPE VALLEY,RI,02832-1240,United States,1 412-532-4665 ext. 26051,,CUSTOMER,HETALLS GLOBAL PRIVATE LIMITED,Individual,Consumer,JUTE DHURRIE-VI-68D,4 X 6 FT,1,$193.00,HANDMADE JUTE DHURRIE-VI-68D-4 X 6 FT,57050039,,,,,,,29-Jun-2026,1-Jul-2026,
,TOP URGENT,TOP URGENT,RF-12893,AMAZON,111-9163325-8160225,Julianna,,25-Jun-2026,1,JUTE DHURRIE,3 X 5 FT,No,1-Jul-2026,DISPATCHED,,2-Jul-2026,NR-30,Dispatch,,Julianna viss,9 BRANDYWINE DR,,HORSHAM,PA,19044-1149,United States,1 314-282-9402 ext. 24089,,CUSTOMER,HETALLS GLOBAL PRIVATE LIMITED,Individual,Consumer,JUTE DHURRIE-NR-30,3 X 5 FT,1,$79.00,HANDMADE JUTE DHURRIE-NR-30-3 X 5 FT,57050039,,,,,,,29-Jun-2026,1-Jul-2026,
,TOP URGENT,TOP URGENT,RF-12894,AMAZON,702-6787064-8521809,Guadalupe,,26-Jun-2026,1,COTTON DHURRIE,3 X 10 FT,Yes,2-Jul-2026,DISPATCHED,,4-Jul-2026,HGD-161B,Dispatch,,Guadalupe De Los Santos,"Calle Eje 3 Sur Baja California Ext. 246, Int. 101",HIPODROMO,CIUDAD DE MEXICO,CIUDAD DE MEXICO,6100,Mexico,525545699989,,CUSTOMER,HETALLS GLOBAL PRIVATE LIMITED,Individual,Consumer,COTTON DHURRIE-HGD-161B,3 X 10 FT,1,$250.49,HANDMADE COTTON DHURRIE-HGD-161B-3 X 10 FT,57050024,,,,,,,,4-Jul-2026,
,TOP URGENT,TOP URGENT,RF-12895,AMAZON,113-6671428-7145012,Ayla,,26-Jun-2026,1,COTTON DHURRIE,3 X 3 FT,Yes,2-Jul-2026,DISPATCHED,,4-Jul-2026,JHGD-02B,Dispatch,,Ayla Elizabeth Ayers,2538 OLD HWY 21,,STATE ROAD,NC,28676-9334,United States,1 314-282-9402 ext. 81472,,CUSTOMER,HETALLS GLOBAL PRIVATE LIMITED,Individual,Consumer,COTTON DHURRIE-JHGD-02B,3 X 3 FT,1,$75.00,HANDMADE COTTON DHURRIE-JHGD-02B-3 X 3 FT,57050024,,,,,,,,2-Jul-2026,
,TOP URGENT,TOP URGENT,RF-12896,AMAZON,111-0680429-4653035,Natalya,,26-Jun-2026,1,COTTON DHURRIE,2.6 X 8 FT,Yes,2-Jul-2026,DISPATCHED,,2-Jul-2026,JHGD-02A,Dispatch,,"
Natalya Bagdady",1880 LITTLE RAVEN ST APT 315,,DENVER,CO,80202-6522,United States,1 602-671-6610 ext. 96750,,CUSTOMER,HETALLS GLOBAL PRIVATE LIMITED,Individual,Consumer,COTTON DHURRIE-JHGD-02A,2.6 X 8 FT,1,$81.60,HANDMADE COTTON DHURRIE-JHGD-02A-2.6 X 8 FT,57050024,,,,,,,,1-Jul-2026,
,TOP URGENT,TOP URGENT,RF-12897,AMAZON,702-2185442-1837832,Carlo,,26-Jun-2026,1,COTTON DHURRIE,8 X 10 FT,Yes,2-Jul-2026,CANCELLED,CANCELLED,,HP-38,Dispatch,,Carlo Diluca,12545 Percy Place,,Tecumseh,Ontario,N8N 1E2,Canada,5197916062,,CUSTOMER,HETALLS GLOBAL PRIVATE LIMITED,Individual,Consumer,COTTON DHURRIE-HP-38,8 X 10 FT,1,$100.76,HANDMADE COTTON DHURRIE-HP-38-8 X 10 FT,57050024,,,,,,,,,
,TOP URGENT,TOP URGENT,RF-12898,AMAZON,112-5773966-4039413,reggi,,26-Jun-2026,1,COTTON DHURRIE,2.6 X 8 FT,No,2-Jul-2026,DISPATCHED,,4-Jul-2026,STK-26O,Dispatch,,reggi nichols,6726 SPERRY ST,,DALLAS,TX,75214-2850,United States,1 314-282-9402 ext. 29296,,CUSTOMER,HETALLS GLOBAL PRIVATE LIMITED,Individual,Consumer,COTTON DHURRIE-STK-26O,2.6 X 8 FT,1,$120.00,HANDMADE COTTON DHURRIE-STK-26O-2.6 X 8 FT,57050024,,,,,,,,2-Jul-2026,
,TOP URGENT,TOP URGENT,RF-12899,AMAZON,249-9677690-3109462,Sosha,,26-Jun-2026,1,JUTE DHURRIE,3 X 5 FT,No,3-Jul-2026,DISPATCHED,,8-Jul-2026,CSN-05-D4,Dispatch,,Sash Shariati,UNIT 811 4 SAUNDERS CLOSE,,MACQUARIE PARK, NSW,2113,Australia,466899525,,CUSTOMER,HETALLS GLOBAL PRIVATE LIMITED,Individual,Consumer,JUTE DHURRIE-CSN-05-D4,3 X 5 FT,1,$92.06,HANDMADE JUTE DHURRIE-CSN-05-D4-3 X 5 FT,57050039,,,,,,,7-Jul-2026,7-Jul-2026,
,,,RF-12900,ETSY-RUGSFOREVER,4098175846,Mary Ellen Douglass,,26-Jun-2026,1,JUTE DHURRIE,3 X 4 FT ,No,30-Jun-2026,DISPATCHED,,7-Jul-2026,NR-1036,Dispatch,,Mary Ellen Douglass,119 S Bench St,,Galena,IL,61036-2201,United States,,siestasun6236@gmail.com,CUSTOMER,HETALLS GLOBAL PRIVATE LIMITED,Individual,Consumer,JUTE DHURRIE-NR-1036,3 X 4 FT ,1,$97.50,HANDMADE JUTE DHURRIE-NR-1036-3 X 4 FT ,57050039,,,,,,,7-Jul-2026,7-Jul-2026,
,TOP URGENT,TOP URGENT,RF-12901,AMAZON,111-1955209-0062665,Meredith,,26-Jun-2026,1,COTTON DHURRIE,9 X 12 FT,Yes,3-Jul-2026,DISPATCHED,,4-Jul-2026,HGD-129,Dispatch,,Meredith McGinnis,1320 MCQUIDDY RD,,NASHVILLE,TN,37221-5036,United States,1 929-436-4790 ext. 81059,,CUSTOMER,HETALLS GLOBAL PRIVATE LIMITED,Individual,Consumer,COTTON DHURRIE-HGD-129,9 X 12 FT,1,$559.00,HANDMADE COTTON DHURRIE-HGD-129-9 X 12 FT,57050024,,,,,,,,3-Jul-2026,
,TOP URGENT,TOP URGENT,RF-12902,AMAZON,112-6878431-8237035,Tea,,26-Jun-2026,1,WOOL JUTE,2 X 3 FT,Yes,10-Jul-2026,DISPATCHED,,30-Jun-2026,WJRH-21,Dispatch,,Tiffany Cerna,650 S TOWN CENTER DR APT 1045,,LAS VEGAS,NV,89144-4423,United States,1 763-225-9463 ext. 58799,,CUSTOMER,HETALLS GLOBAL PRIVATE LIMITED,Individual,Consumer,WOOL JUTE-WJRH-21,2 X 3 FT,1,$80.00,HANDMADE WOOL JUTE-WJRH-21-2 X 3 FT,57050039,,,,IN STOCK,,,,29-Jun-2026,
,,,RF-12903,ETSY-RUGSFOREVER,4101442887,Anne Blodgett,,27-Jun-2026,1,WOOL JUTE,5 X 7 FT,No,2-Jul-2026,DISPATCHED,,7-Jul-2026,WJRH-22,Dispatch,,Anne Blodgett,259 Pegasus Ln,,Roseburg, OR,97471,United States,5419684849,annecreighton51@gmail.com,CUSTOMER,HETALLS GLOBAL PRIVATE LIMITED,Individual,Consumer,WOOL JUTE-WJRH-22,5 X 7 FT,1,$230.75,HANDMADE WOOL JUTE-WJRH-22-5 X 7 FT,57050039,,,,,,,4-Jul-2026,7-Jul-2026,
,,,RF-12904,ETSY-CASAVANI,4101676643,Carolyn Grbach,,27-Jun-2026,1,COTTON DHURRIE,7 X 10 FT,Yes,1-Jul-2026,DISPATCHED,,4-Jul-2026,HP-283,Dispatch,,Carolyn Grbach,9082 Meadow,Oaks Dr,"Allison Park, ",PA,15101,United States,,carly@deadburydead.com,CUSTOMER,HETALLS GLOBAL PRIVATE LIMITED,Individual,Consumer,COTTON DHURRIE-HP-283,7 X 10 FT,1,$339.95,HANDMADE COTTON DHURRIE-HP-283-7 X 10 FT,57050024,,,,,,,,2-Jul-2026,
,,,RF-12905,ETSY-CASAVANI,4099525282,Christine Beverley,,27-Jun-2026,1,COTTON DHURRIE,2 X 3 FT,No,1-Jul-2026,DISPATCHED,,4-Jul-2026,HP-257,Dispatch,,Christine Beverley,156 Tirriki St,,Charlestown ,NSW ,2290,Australia,,christrevbev@gmail.com,CUSTOMER,HETALLS GLOBAL PRIVATE LIMITED,Individual,Consumer,COTTON DHURRIE-HP-257,2 X 3 FT,1,$42.25,HANDMADE COTTON DHURRIE-HP-257-2 X 3 FT,57050024,,,,,,,,2-Jul-2026,
,TOP URGENT,TOP URGENT,RF-12906,AMAZON,114-0198972-4631456,    joey,,27-Jun-2026,1,WOOL JUTE,2 X 6 FT,Yes,11-Jul-2026,DISPATCHED,,6-Jul-2026,HW-61,Dispatch,,JOELLE PARKS,9356 YAMPA CT,,COMMERCE CITY,CO,80022-9649,United States,1 347-448-3190 ext. 30066,,CUSTOMER,HETALLS GLOBAL PRIVATE LIMITED,Individual,Consumer,WOOL JUTE-HW-61,2 X 6 FT,1,$118.00,HANDMADE WOOL JUTE-HW-61-2 X 6 FT,57050039,,,,,,,4-Jul-2026,,
,TOP URGENT,TOP URGENT,RF-12907-1/2,AMAZON,113-7090457-5180244,Jade,,27-Jun-2026,1,COTTON DHURRIE,2.6 X 14 FT,No,2-Jul-2026,DISPATCHED,,4-Jul-2026,HP-259,Dispatch,,Jade Witschen,22565 129TH PL N,,ROGERS,MN,55374-8741,United States,1 619-854-2705 ext. 73198,,CUSTOMER,HETALLS GLOBAL PRIVATE LIMITED,Individual,Consumer,COTTON DHURRIE-HP-259,2.6 X 14 FT,1,$176.25,HANDMADE COTTON DHURRIE-HP-259-2.6 X 14 FT,57050024,,,,,,,,2-Jul-2026,
,TOP URGENT,TOP URGENT,RF-12907-2/2,AMAZON,113-7090457-5180244,Jade,,27-Jun-2026,1,COTTON DHURRIE,2.6 X 12 FT,No,2-Jul-2026,DISPATCHED,,4-Jul-2026,HP-259,Dispatch,,Jade Witschen,22565 129TH PL N,,ROGERS,MN,55374-8741,United States,1 619-854-2705 ext. 73198,,CUSTOMER,HETALLS GLOBAL PRIVATE LIMITED,Individual,Consumer,COTTON DHURRIE-HP-259,2.6 X 12 FT,1,$149.25,HANDMADE COTTON DHURRIE-HP-259-2.6 X 12 FT,57050024,,,,,,,,2-Jul-2026,
,TOP URGENT,TOP URGENT,RF-12908,AMAZON,113-9552889-6629040,Jennifer,,27-Jun-2026,1,JUTE DHURRIE,3 X 3 FT,No,3-Jul-2026,DISPATCHED,,6-Jul-2026,NF-06,Dispatch,,Jennifer Theaker,53641 FARMINGTON RD,,BRIDGEPORT,OH,43912-9779,United States,1 412-532-4665 ext. 13876,,CUSTOMER,HETALLS GLOBAL PRIVATE LIMITED,Individual,Consumer,JUTE DHURRIE-NF-06,3 X 3 FT,1,$48.45,HANDMADE JUTE DHURRIE-NF-06-3 X 3 FT,57050039,,,,,,,6-Jul-2026,6-Jul-2026,
,TOP URGENT,TOP URGENT,RF-12909,AMAZON,112-8640431-9474657,Sara,,27-Jun-2026,1,JUTE DHURRIE,2 X 3 FT,No,3-Jul-2026,DISPATCHED,,30-Jun-2026,NR-30,Dispatch,,Sara West,6837 HEATHERWAY CT,,ALEXANDRIA,VA,22315-3942,United States,1 314-282-9402 ext. 85836,,CUSTOMER,HETALLS GLOBAL PRIVATE LIMITED,Individual,Consumer,JUTE DHURRIE-NR-30,2 X 3 FT,1,$52.00,HANDMADE JUTE DHURRIE-NR-30-2 X 3 FT,57050039,,,,,,,29-Jun-2026,,
,,"s IOSS number, IM3720000224",RF-12910,ETSY-RUGSFOREVER,4101872205,Vally Favre,,27-Jun-2026,1,CHINDI COTTON-JUTE,5 X 5 FT,No,2-Jul-2026,DISPATCHED,,10-Jul-2026,VI-13B,Dispatch,,Cascina San ,Pancrazio 16,,Rosignano ,Monferrato AL,15030,Italy,393467802800,wally.favrepastorello@gmail.com,CUSTOMER,HETALLS GLOBAL PRIVATE LIMITED,Individual,Consumer,CHINDI COTTON-JUTE-VI-13B,5 X 5 FT,1,$159.25,HANDMADE CHINDI COTTON-JUTE-VI-13B-5 X 5 FT,57050039,,,,,8-Jul-2026,,9-Jul-2026,9-Jul-2026,
,,"s IOSS number, IM3720000224, ",RF-12911,ETSY-RUGSFOREVER,4101887443,Mio,,27-Jun-2026,1,CHINDI-COTTON,3 X 5 FT,No,2-Jul-2026,DISPATCHED,,30-Jun-2026,NR-80,Dispatch,,"Calle Arenalón, ",,Las Rozas de, Madrid Madrid, Madrid Madrid,28231,Spain,,meryantolin@hotmail.com,CUSTOMER,HETALLS GLOBAL PRIVATE LIMITED,Individual,Consumer,CHINDI-COTTON-NR-80,3 X 5 FT,1,$113.75,HANDMADE CHINDI-COTTON-NR-80-3 X 5 FT,57050024,,,,IN STOCK,,,,29-Jun-2026,
,,SET OF 14-Pieces ,RF-12912,ETSY-RUGSFOREVER,4100120140,Margaret Sturm,,29-Jun-2026,1,JUTE DHURRIE,9 X 29 Inch,No,3-Jul-2026,DISPATCHED,,7-Jul-2026,NR-1089,Dispatch,,"
Margaret Sturm",233 Ensign Dr,Unit B,"Dillon, ",CO,80435-8589,United States,2813309043,margaretsturm1@gmail.com,CUSTOMER,HETALLS GLOBAL PRIVATE LIMITED,Individual,Consumer,JUTE DHURRIE-NR-1089,9 X 29 Inch,1,$178.75,HANDMADE JUTE DHURRIE-NR-1089-9 X 29 Inch,57050039,,,,,,,6-Jul-2026,7-Jul-2026,
,,,RF-12913,ETSY-CASAVANI,4100360378,Bureaucrat Townhouse,,29-Jun-2026,1,COTTON DHURRIE,3 X 24 Feet,Yes,2-Jul-2026,DISPATCHED,,7-Jul-2026,STK-36,Dispatch,,Bureaucrat Townhouse,682 Schuyler Avenue,Ridge Crossing Building #6 Unit A/ Upper Level,"Kearny,",NJ,7032,United States,(408) 540-4306,bureaucratsetdec@gmail.com,CUSTOMER,HETALLS GLOBAL PRIVATE LIMITED,Individual,Consumer,COTTON DHURRIE-STK-36,3 X 24 Feet,1,$352.30,HANDMADE COTTON DHURRIE-STK-36-3 X 24 Feet,57050024,,,,,,,,6-Jul-2026,
,,,RF-12914,ETSY-CASAVANI,4102656789,Mee,,29-Jun-2026,1,COTTON DHURRIE,5 X 7 FT,Yes,2-Jul-2026,DISPATCHED,,4-Jul-2026,STK-03B,Dispatch,,800 N Pennsylvania St,Apartment 509,,"Denver, ",CO,80203,United States,,megancunninghame@gmail.com,CUSTOMER,HETALLS GLOBAL PRIVATE LIMITED,Individual,Consumer,COTTON DHURRIE-STK-03B,5 X 7 FT,1,$172.25,HANDMADE COTTON DHURRIE-STK-03B-5 X 7 FT,57050024,,,,,,,,3-Jul-2026,
,,,RF-12915,ETSY-CASAVANI,4100581386,"	
Lucinda Giblett",,29-Jun-2026,1,COTTON DHURRIE,2.6 X 16 FT,Yes,2-Jul-2026,DISPATCHED,,4-Jul-2026,STK-26B,Dispatch,,Lucinda Giblett,Middlesex Rd 21,,Middlesex,WA,6258,Australia,,lucinda.giblett@gmail.com,CUSTOMER,HETALLS GLOBAL PRIVATE LIMITED,Individual,Consumer,COTTON DHURRIE-STK-26B,2.6 X 16 FT,1,$175.50,HANDMADE COTTON DHURRIE-STK-26B-2.6 X 16 FT,57050024,,,,,,,,4-Jul-2026,
,TOP URGENT,TOP URGENT,RF-12916,AMAZON,303-4330335-1768354,Jörn,,29-Jun-2026,1,JUTE DHURRIE,4 X 10 FT,No,1-Jul-2026,DISPATCHED,,4-Jul-2026,VI-28,Dispatch,,Jörn Doerk,,,Köln,,50737,Germany,1733489666,,CUSTOMER,HETALLS GLOBAL PRIVATE LIMITED,Individual,Consumer,JUTE DHURRIE-VI-28,4 X 10 FT,1,$195.36,HANDMADE JUTE DHURRIE-VI-28-4 X 10 FT,57050039,,,,,,,2-Jul-2026,3-Jul-2026,
,TOP URGENT,TOP URGENT,RF-12917,AMAZON,026-7280707-6139560,merilynley,,29-Jun-2026,1,WOOL JUTE,2 X 3 FT,Yes,8-Jul-2026,DISPATCHED,,16-Jul-2026,WJRH-02A,Dispatch,,Merilyn ley,THE PARK,KINGSTON ON SOAR,NOTTINGHAM,,NG11 0DH,United Kingdom,7870103299,,CUSTOMER,HETALLS GLOBAL PRIVATE LIMITED,Individual,Consumer,WOOL JUTE-WJRH-02A,2 X 3 FT,1,$78.13,HANDMADE WOOL JUTE-WJRH-02A-2 X 3 FT,57050039,,,,,,,15-Jul-2026,15-Jul-2026,
,TOP URGENT,TOP URGENT,RF-12918,AMAZON,026-8767955-7206712,Christine,,29-Jun-2026,1,JUTE DHURRIE,2 X 3 FT,No,1-Jul-2026,DISPATCHED,,4-Jul-2026,VI-25,Dispatch,,Christine Donaldson,11 MURNIN COURT,STIRLING,Stirlingshire,,FK7 0QS,United Kingdom,1786471802,,CUSTOMER,HETALLS GLOBAL PRIVATE LIMITED,Individual,Consumer,JUTE DHURRIE-VI-25,2 X 3 FT,1,$45.14,HANDMADE JUTE DHURRIE-VI-25-2 X 3 FT,57050039,,,,,,,2-Jul-2026,2-Jul-2026,
,TOP URGENT,TOP URGENT,RF-12919,AMAZON,204-2701080-9543558,mike,,29-Jun-2026,1,WOOL JUTE,4 X 7 FT,Yes,13-Jul-2026,DISPATCHED,,10-Jul-2026,WJRH-15,Dispatch,,Mike Beattie,8 RIDGESIDE,BLEDLOW RIDGE,HIGH WYCOMBE,,HP14 4JN,United Kingdom,7852442861,,CUSTOMER,HETALLS GLOBAL PRIVATE LIMITED,Individual,Consumer,WOOL JUTE-WJRH-15,4 X 7 FT,1,$160.71,HANDMADE WOOL JUTE-WJRH-15-4 X 7 FT,57050039,,,,,,,9-Jul-2026,10-Jul-2026,
,TOP URGENT,TOP URGENT,RF-12920,AMAZON,026-9726098-6485914,Mrs,,29-Jun-2026,1,WOOL JUTE,2 X 3 FT,Yes,13-Jul-2026,DISPATCHED,,4-Jul-2026,WJRH-13,Dispatch,,Carolyn McCullam,6 THE CHASE,VERWOOD,Dorset,,BH31 7DF,United Kingdom,7790338292,,CUSTOMER,HETALLS GLOBAL PRIVATE LIMITED,Individual,Consumer,WOOL JUTE-WJRH-13,2 X 3 FT,1,$71.55,HANDMADE WOOL JUTE-WJRH-13-2 X 3 FT,57050039,,,,IN STOCK,,,,2-Jul-2026,
Cancellation reason: Item Price Too High,TOP URGENT,TOP URGENT,RF-12921,AMAZON,111-9509734-6969809,Elora,,29-Jun-2026,1,COTTON DHURRIE,2.6 X 4 FT,No,4-Jul-2026,CANCELLED,CANCELLED,,HP-128A,Dispatch,,Elora schafer,20 HARVEY RD,,DEERFIELD,NH ,03037-1212,United States,1 602-671-6610 ext. 05977,,CUSTOMER,HETALLS GLOBAL PRIVATE LIMITED,Individual,Consumer,COTTON DHURRIE-HP-128A,2.6 X 4 FT,1,$80.00,HANDMADE COTTON DHURRIE-HP-128A-2.6 X 4 FT,57050024,,,,,,,,,
,TOP URGENT,TOP URGENT,RF-12922,AMAZON,702-4006568-4037856,Monica,,29-Jun-2026,1,WOOL JUTE,2 X 12 FT,Yes,9-Jul-2026,DISPATCHED,,14-Jul-2026,WJRH-14,Dispatch,,Monica K Hill,6107 Denali Drive,,Duncan,British Columbia,V9L 5N4,Canada,6043185055,,CUSTOMER,HETALLS GLOBAL PRIVATE LIMITED,Individual,Consumer,WOOL JUTE-WJRH-14,2 X 12 FT,1,$178.52,HANDMADE WOOL JUTE-WJRH-14-2 X 12 FT,57050039,,,,,,,13-Jul-2026,14-Jul-2026,
,TOP URGENT,TOP URGENT,RF-12923,AMAZON,112-5161643-2425812,Angela,,29-Jun-2026,1,WOOL JUTE,4 X 7 FT,Yes,8-Jul-2026,DISPATCHED,,10-Jul-2026,WJRH-30,Dispatch,,Angela Vaughn,1808 HATCHER HILL RD,,MADISON,IN ,47250-2709,United States,"1 602-671-6610 ext. 17749",,CUSTOMER,HETALLS GLOBAL PRIVATE LIMITED,Individual,Consumer,WOOL JUTE-WJRH-30,4 X 7 FT,1,$180.00,HANDMADE WOOL JUTE-WJRH-30-4 X 7 FT,57050039,,,,,,,9-Jul-2026,10-Jul-2026,
,TOP URGENT,TOP URGENT,RF-12924,AMAZON,113-1272176-3457038,Abihlavac,,29-Jun-2026,1,COTTON DHURRIE,2.6 X 10 FT,Yes,30-Jun-2026,DISPATCHED,,4-Jul-2026,HGD-161,Dispatch,,Abigail Hlavac,212 Woodridge Dr,,Victoria,Texas ,77904,United States,1 412-532-4665 ext. 03516,,CUSTOMER,HETALLS GLOBAL PRIVATE LIMITED,Individual,Consumer,COTTON DHURRIE-HGD-161,2.6 X 10 FT,1,$125.53,HANDMADE COTTON DHURRIE-HGD-161-2.6 X 10 FT,57050024,,,,,,,,4-Jul-2026,
,TOP URGENT,TOP URGENT,RF-12925,AMAZON,114-5494105-9825818,Ada,,29-Jun-2026,1,JUTE DHURRIE,2.6 X 10 FT,No,2-Jul-2026,DISPATCHED,,6-Jul-2026,VI-52,Dispatch,,Ada,14133 ADDLESTON LN,,BAKERSFIELD,CA,93311-8449,United States,1 207-835-4259 ext. 80020,,CUSTOMER,HETALLS GLOBAL PRIVATE LIMITED,Individual,Consumer,JUTE DHURRIE-VI-52,2.6 X 10 FT,1,$135.00,HANDMADE JUTE DHURRIE-VI-52-2.6 X 10 FT,57050039,,,,,,,6-Jul-2026,,
,TOP URGENT,TOP URGENT,RF-12926,AMAZON,111-3506808-9914657,Heloisa,,29-Jun-2026,1,CHINDI COTTON-JUTE,3 FT ROUND,No,2-Jul-2026,DISPATCHED,,6-Jul-2026,NR-124,Dispatch,,Heloisa Amar,130 CORRAL DR,,STEPHENS CITY,VA ,22655-4865,United States,1 314-282-9402 ext. 89587,,CUSTOMER,HETALLS GLOBAL PRIVATE LIMITED,Individual,Consumer,CHINDI COTTON-JUTE-NR-124,3 FT ROUND,1,$60.00,HANDMADE CHINDI COTTON-JUTE-NR-124-3 FT ROUND,57050039,,,,,,,6-Jul-2026,6-Jul-2026,
,TOP URGENT,TOP URGENT,RF-12927,AMAZON,114-0814267-6103401,John,,29-Jun-2026,1,COTTON DHURRIE,2.6 X 10 FT,No,2-Jul-2026,DISPATCHED,,4-Jul-2026,STK-26O,Dispatch,,"John D. Jones, Jr.",309 LAKE PARK DR,,SHIRLEY,AR ,72153-7600,United States,1 415-419-8616 ext. 27222,,CUSTOMER,HETALLS GLOBAL PRIVATE LIMITED,Individual,Consumer,COTTON DHURRIE-STK-26O,2.6 X 10 FT,1,$169.00,HANDMADE COTTON DHURRIE-STK-26O-2.6 X 10 FT,57050024,,,,,,,,3-Jul-2026,
"Buyer cancellation
Cancellation reason: Order Created by Mistake
	",TOP URGENT,TOP URGENT,RF-12928,AMAZON,112-8017607-4851434,c,,29-Jun-2026,1,COTTON DHURRIE,5 X 10 FT,Yes,2-Jul-2026,CANCELLED,CANCELLED,,HGD-125,Dispatch,,Dallas DeWitt,41 SEA VISTA DR,,PALM COAST,FL ,32137-2503,United States,1 346-307-9643 ext. 17468,,CUSTOMER,HETALLS GLOBAL PRIVATE LIMITED,Individual,Consumer,COTTON DHURRIE-HGD-125,5 X 10 FT,1,$260.00,HANDMADE COTTON DHURRIE-HGD-125-5 X 10 FT,57050024,,,,,,,,,
,,,RF-12929-1/2,ETSY-RUGSFOREVER,4101472394,Achiamah Oseitutu,,29-Jun-2026,1,JUTE DHURRIE,8 X 8 FT,No,6-Jul-2026,DISPATCHED,,10-Jul-2026,CUS-1,Dispatch,,Achiamah Oseitutu,84 Linden Blvd,,Brooklyn,NY,11226,United States,,ghanadoc24@gmail.com,CUSTOMER,HETALLS GLOBAL PRIVATE LIMITED,Individual,Consumer,JUTE DHURRIE-CUS-1,8 X 8 FT,1,$359.70,HANDMADE JUTE DHURRIE-CUS-1-8 X 8 FT,57050039,,,,,,,7-Jul-2026,10-Jul-2026,
,,,RF-12929-2/2,ETSY-RUGSFOREVER,4101472394,Achiamah Oseitutu,,29-Jun-2026,1,JUTE DHURRIE,2 X 6 FT,No,6-Jul-2026,DISPATCHED,,10-Jul-2026,CUS-2,Dispatch,,Achiamah Oseitutu,84 Linden Blvd,,Brooklyn,NY,11226,United States,,ghanadoc24@gmail.com,CUSTOMER,HETALLS GLOBAL PRIVATE LIMITED,Individual,Consumer,JUTE DHURRIE-CUS-2,2 X 6 FT,1,$96.25,HANDMADE JUTE DHURRIE-CUS-2-2 X 6 FT,57050039,,,,,,,2-Jul-2026,10-Jul-2026,
,,,RF-12930,ETSY-CASAVANI,4103544393,Nancy Sonti,,29-Jun-2026,1,COTTON DHURRIE,2.6 x 4 Feet Runner,Yes,3-Jul-2026,DISPATCHED,,6-Jul-2026,HGD-161A,Dispatch,,,Nancy Sonti,,1711 Hobart Street ,NW,20009,United States,,nancyfsonti@gmail.com,CUSTOMER,HETALLS GLOBAL PRIVATE LIMITED,Individual,Consumer,COTTON DHURRIE-HGD-161A,2.6 x 4 Feet Runner,1,$59.80,HANDMADE COTTON DHURRIE-HGD-161A-2.6 x 4 Feet Runner,57050024,,,,,,,,6-Jul-2026,
,TOP URGENT,TOP URGENT,RF-12931,AMAZON,114-6134917-6577006,Kelsey Gilley,,29-Jun-2026,1,COTTON DHURRIE,2 X 6 FT,Yes,3-Jul-2026,DISPATCHED,,4-Jul-2026,JHGD-02A,Dispatch,,Kelsey Gilley,6508 BLACK CREEK CIR,HOOVER,HOOVER,AL,35244-3977,United States,1 619-854-2705 ext. 33612,,CUSTOMER,HETALLS GLOBAL PRIVATE LIMITED,Individual,Consumer,COTTON DHURRIE-JHGD-02A,2 X 6 FT,1,$54.16,HANDMADE COTTON DHURRIE-JHGD-02A-2 X 6 FT,57050024,,,,,,,,4-Jul-2026,
,IOSS VAT identification number:  IM4420001405,,RF-12932,AMAZON,404-5279162-4569127,LASMENES Michaëla,,29-Jun-2026,1,JUTE DHURRIE,3 FT ROUND,No,3-Jul-2026,DISPATCHED,,7-Jul-2026,NR-123H,Dispatch,,LASMENES Michaëla,"42 rue Fragonard ""Villa du Lac 3""",Bât. E 101,Bât. E 101,BRUGES,33520,France,33619851544,,CUSTOMER,HETALLS GLOBAL PRIVATE LIMITED,Individual,Consumer,JUTE DHURRIE-NR-123H,3 FT ROUND,1,$76.96,HANDMADE JUTE DHURRIE-NR-123H-3 FT ROUND,57050039,,,,,,,6-Jul-2026,7-Jul-2026,
,TOP URGENT,TOP URGENT,RF-12933,AMAZON,112-1832582-9075467,zina,,30-Jun-2026,1,CHINDI COTTON-JUTE,2 X 3 FT,Yes,1-Jul-2026,DISPATCHED,,7-Jul-2026,NR-54,Dispatch,,ZINA Hall,"
1426 CATHY ST",,LAKE CHARLES,LA ,70615-2016,United States,1 412-532-4665 ext. 09627,,CUSTOMER,HETALLS GLOBAL PRIVATE LIMITED,Individual,Consumer,CHINDI COTTON-JUTE-NR-54,2 X 3 FT,1,$52.00,HANDMADE CHINDI COTTON-JUTE-NR-54-2 X 3 FT,57050039,,,,,,,7-Jul-2026,7-Jul-2026,
"Buyer cancellation
Cancellation reason: Reason left unspecified",TOP URGENT,TOP URGENT,RF-12934-1/3,AMAZON,113-7612994-2278637,Garrett,,30-Jun-2026,1,WOOL JUTE,2 X 3 FT,Yes,9-Jul-2026,CANCELLED,CANCELLED,,WJRH-28,Dispatch,,Garrett Spino,1946 SANDERS RD,,WILLOW SPRING,NC ,27592-9190,United States,1 412-532-4665 ext. 44165,,CUSTOMER,HETALLS GLOBAL PRIVATE LIMITED,Individual,Consumer,WOOL JUTE-WJRH-28,2 X 3 FT,1,$60.00,HANDMADE WOOL JUTE-WJRH-28-2 X 3 FT,57050039,,,,,,,,,
"Buyer cancellation
Cancellation reason: Reason left unspecified",TOP URGENT,TOP URGENT,RF-12934-2/3,AMAZON,113-7612994-2278637,Garrett,,30-Jun-2026,1,WOOL JUTE,3 X 5 FT,Yes,9-Jul-2026,CANCELLED,CANCELLED,,WJRH-21,Dispatch,,Garrett Spino,1946 SANDERS RD,,WILLOW SPRING,NC ,27592-9190,United States,1 412-532-4665 ext. 44165,,CUSTOMER,HETALLS GLOBAL PRIVATE LIMITED,Individual,Consumer,WOOL JUTE-WJRH-21,3 X 5 FT,1,$74.25,HANDMADE WOOL JUTE-WJRH-21-3 X 5 FT,57050039,,,,,,,,,
"Buyer cancellation
Cancellation reason: Reason left unspecified",TOP URGENT,TOP URGENT,RF-12934-3/3,AMAZON,113-7612994-2278637,Garrett,,30-Jun-2026,1,WOOL JUTE,2.6 X 8 FT,Yes,9-Jul-2026,CANCELLED,CANCELLED,,WJRH-21,Dispatch,,Garrett Spino,1946 SANDERS RD,,WILLOW SPRING,NC ,27592-9190,United States,1 412-532-4665 ext. 44165,,CUSTOMER,HETALLS GLOBAL PRIVATE LIMITED,Individual,Consumer,WOOL JUTE-WJRH-21,2.6 X 8 FT,1,$90.00,HANDMADE WOOL JUTE-WJRH-21-2.6 X 8 FT,57050039,,,,,,,,,
,,,RF-12935,ETSY-CASAVANI,4104236947,Jack Dowling,,30-Jun-2026,1,COTTON DHURRIE,2 X 6 FT,No,4-Jul-2026,DISPATCHED,,6-Jul-2026,HGD-161D,Dispatch,,Jack Dowling,613 Sturgeon River Rd,,Sioux Lookout ,ON ,P8T 0A7,Canada,2262283889,tblackmore00@hotmail.com,CUSTOMER,HETALLS GLOBAL PRIVATE LIMITED,Individual,Consumer,COTTON DHURRIE-HGD-161D,2 X 6 FT,1,$55.25,HANDMADE COTTON DHURRIE-HGD-161D-2 X 6 FT,57050024,,,,,,,,6-Jul-2026,
,,"You must share Etsy's IOSS number, IM3720000224,",RF-12936,ETSY-RUGSFOREVER,4102407222,"
Kerstin Fiß",,30-Jun-2026,1,JUTE DHURRIE,3 X 3 FT,No,6-Jul-2026,DISPATCHED,,10-Jul-2026,NF-05,Dispatch,,Kerstin Fiß,Schmalkaldener,Straße 94,Oranienburg,Oranienburg,16515,Germany,49 03301 4264779,kerstin.fiss@web.de,CUSTOMER,HETALLS GLOBAL PRIVATE LIMITED,Individual,Consumer,JUTE DHURRIE-NF-05,3 X 3 FT,1,$81.25,HANDMADE JUTE DHURRIE-NF-05-3 X 3 FT,57050039,,,,,8-Jul-2026,,9-Jul-2026,9-Jul-2026,
,,,RF-12937,WALMART,200014982671298,Ann Salter,,30-Jun-2026,1,COTTON DHURRIE,2.6 X 8 FT,Yes,7-Jul-2026,DISPATCHED,,8-Jul-2026,STK-13D,Dispatch,,"John Salter
",2753 Kensington,Place East,Columbus,HO,43202,Columbus,(614) 596-3700,,CUSTOMER,HETALLS GLOBAL PRIVATE LIMITED,Individual,Consumer,COTTON DHURRIE-STK-13D,2.6 X 8 FT,1,$138.00,HANDMADE COTTON DHURRIE-STK-13D-2.6 X 8 FT,57050024,,,,,,,,8-Jul-2026,
,TOP URGENT,TOP URGENT,RF-12938,AMAZON,203-9282402-0521132,richard,,1-Jul-2026,1,JUTE DHURRIE,2.6 X 4 FT,No,7-Jul-2026,DISPATCHED,,10-Jul-2026,NF-21B,Dispatch,,Claire Jackson,The Field House,Cronkbourne Village,Douglas,,IM4 4QF,United Kingdom,447624492895,,CUSTOMER,HETALLS GLOBAL PRIVATE LIMITED,Individual,Consumer,JUTE DHURRIE-NF-21B,2.6 X 4 FT,1,$50.76,HANDMADE JUTE DHURRIE-NF-21B-2.6 X 4 FT,57050039,,,,,8-Jul-2026,,9-Jul-2026,9-Jul-2026,
,TOP URGENT,TOP URGENT,RF-12939,AMAZON,113-4522578-6791426,Nantucket,,1-Jul-2026,1,CHINDI COTTON-JUTE,5 X 10 FT,No,7-Jul-2026,DISPATCHED,,6-Jul-2026,NR-33,Dispatch,,Nantucket Family Resource Center,1B FREEDOM SQ,,NANTUCKET,MA ,02554-4040,United States,1 763-225-9463 ext. 53028,,CUSTOMER,HETALLS GLOBAL PRIVATE LIMITED,Individual,Consumer,CHINDI COTTON-JUTE-NR-33,5 X 10 FT,1,$234.00,HANDMADE CHINDI COTTON-JUTE-NR-33-5 X 10 FT,57050039,,,,,,,6-Jul-2026,,
,TOP URGENT,TOP URGENT,RF-12940-1/2,AMAZON,112-5375572-1881037,Kelly,,1-Jul-2026,1,WOOL JUTE,3 FT SQUARE,Yes,15-Jul-2026,DISPATCHED,,16-Jul-2026,WJRH-15,Dispatch,,Kelly Malinas,5020 HELLS BELLS RD,,CARSON CITY,NV ,89701-7648,United States,1 415-419-8616 ext. 74675,,CUSTOMER,HETALLS GLOBAL PRIVATE LIMITED,Individual,Consumer,WOOL JUTE-WJRH-15,3 FT SQUARE,1,$56.25,HANDMADE WOOL JUTE-WJRH-15-3 FT SQUARE,57050039,,,,,,,,15-Jul-2026,
,TOP URGENT,TOP URGENT,RF-12940-2/2,AMAZON,112-5375572-1881037,Kelly,,1-Jul-2026,1,WOOL JUTE,8 FT SQUARE,Yes,15-Jul-2026,DISPATCHED,,16-Jul-2026,WJRH-15,Dispatch,,Kelly Malinas,5020 HELLS BELLS RD,,CARSON CITY,NV ,89701-7648,United States,1 415-419-8616 ext. 74675,,CUSTOMER,HETALLS GLOBAL PRIVATE LIMITED,Individual,Consumer,WOOL JUTE-WJRH-15,8 FT SQUARE,1,$311.25,HANDMADE WOOL JUTE-WJRH-15-8 FT SQUARE,57050039,,,,,,,,15-Jul-2026,
,TOP URGENT,TOP URGENT,RF-12941,AMAZON,114-9262994-0259401,Timothy,,1-Jul-2026,1,COTTON DHURRIE,5 X 5 FT,Yes,6-Jul-2026,DISPATCHED,,7-Jul-2026,HGD-110,Dispatch,,Sabrina J Considine,"
2340 LE CONTE AVE APT 206",,BERKELEY,CA ,94709-1305,United States,1 415-851-9136 ext. 32346,,CUSTOMER,HETALLS GLOBAL PRIVATE LIMITED,Individual,Consumer,COTTON DHURRIE-HGD-110,5 X 5 FT,1,$128.00,HANDMADE COTTON DHURRIE-HGD-110-5 X 5 FT,57050024,,,,,,,,,
Cancellation reason: Reason left unspecified,TOP URGENT,TOP URGENT,RF-12942,AMAZON,113-8168610-4935404,Steven,,1-Jul-2026,1,COTTON DHURRIE,3 X 5 FT,Yes,6-Jul-2026,CANCELLED,CANCELLED,,JHGD-02A,Dispatch,,Tiffany Heck,"
20 SEELEY BULL ST",,MONROE,NY ,10950-4185,United States,1 412-532-4665 ext. 98611,,CUSTOMER,HETALLS GLOBAL PRIVATE LIMITED,Individual,Consumer,COTTON DHURRIE-JHGD-02A,3 X 5 FT,1,$67.15,HANDMADE COTTON DHURRIE-JHGD-02A-3 X 5 FT,57050024,,,,,,,,,
,,,RF-12943,ETSY-RUGSFOREVER,4105605659,Jackson Cobb,,2-Jul-2026,1,WOOL JUTE,5 X 7 FT,Yes,6-Jul-2026,DISPATCHED,,23-Jul-2026,WJRH-22,Dispatch,,Jackson Cobb,5560 Library Ln,APT 201,Colorado Springs, CO,80918-1977,United States,8154120515,khaussmann@gmail.com,CUSTOMER,HETALLS GLOBAL PRIVATE LIMITED,Individual,Consumer,WOOL JUTE-WJRH-22,5 X 7 FT,1,$230.75,HANDMADE WOOL JUTE-WJRH-22-5 X 7 FT,57050039,,,,,,,20-Jul-2026,23-Jul-2026,
,,,RF-12944,ETSY-CASAVANI,4103531918,Ruth Daugherty,,2-Jul-2026,1,COTTON DHURRIE,2 X 20 FT,No,6-Jul-2026,DISPATCHED,,8-Jul-2026,MR-07,Dispatch,,Ruth Daugherty,4315 Tacoma Ave S,,Tacoma,WA,98418,United States,14789727704,daugherty.ruth@gmail.com,CUSTOMER,HETALLS GLOBAL PRIVATE LIMITED,Individual,Consumer,COTTON DHURRIE-MR-07,2 X 20 FT,1,$517.35,HANDMADE COTTON DHURRIE-MR-07-2 X 20 FT,57050024,,,,,,,,8-Jul-2026,
,TOP URGENT,TOP URGENT,RF-12945,AMAZON,113-4450680-8938614,bonniesue,,2-Jul-2026,1,COTTON DHURRIE,2.6 X 10 FT,Yes,7-Jul-2026,DISPATCHED,,8-Jul-2026,JHGD-12A,Dispatch,,bonniesue Wadleigh,33519 INVERNESS DR,,EVERGREEN,CO,80439-8866,United States,1 210-728-4548 ext. 70242,,CUSTOMER,HETALLS GLOBAL PRIVATE LIMITED,Individual,Consumer,COTTON DHURRIE-JHGD-12A,2.6 X 10 FT,1,$135.00,HANDMADE COTTON DHURRIE-JHGD-12A-2.6 X 10 FT,57050024,,,,,,,,8-Jul-2026,
,TOP URGENT,TOP URGENT,RF-12946,AMAZON,113-7403605-1438628,Connor,,2-Jul-2026,1,COTTON DHURRIE,2 X 20 FT,No,7-Jul-2026,DISPATCHED,,8-Jul-2026,HP-259,Dispatch,,Stephanie Petersen,7184 W WALDEN DR,,LITTLETON,CO,80128-5467,United States,1 480-618-5344 ext. 81392,,CUSTOMER,HETALLS GLOBAL PRIVATE LIMITED,Individual,Consumer,COTTON DHURRIE-HP-259,2 X 20 FT,1,$213.35,HANDMADE COTTON DHURRIE-HP-259-2 X 20 FT,57050024,,,,,,,,8-Jul-2026,
,TOP URGENT,TOP URGENT,RF-12947,AMAZON,205-8724301-8411546,Vanessa,,2-Jul-2026,1,JUTE DHURRIE,2 X 8 FT,No,8-Jul-2026,DISPATCHED,,10-Jul-2026,NR-1015,Dispatch,,Vanessa Ankers,"22
ANERLEY ROAD",,MANCHESTER,,M20 2DJ,United Kingdom,7977305694,,CUSTOMER,HETALLS GLOBAL PRIVATE LIMITED,Individual,Consumer,JUTE DHURRIE-NR-1015,2 X 8 FT,1,$102.96,HANDMADE JUTE DHURRIE-NR-1015-2 X 8 FT,57050039,,,,,,,9-Jul-2026,9-Jul-2026,
,," UK VAT number, 370 6004 28, on your package",RF-12948,ETSY-RUGSFOREVER,4106227435,Jon Walters,,2-Jul-2026,1,JUTE DHURRIE,2.6 X 6 FT,No,7-Jul-2026,DISPATCHED,,16-Jul-2026,"HW-32,3X7FT",Dispatch,,Jon Walters,Wansdyke House,Claverton," Down Road
Bath,",Somerset,BA2 7AS,United Kingdom,,jonathan_walters@yahoo.co.uk,CUSTOMER,HETALLS GLOBAL PRIVATE LIMITED,Individual,Consumer,"JUTE DHURRIE-HW-32,3X7FT",2.6 X 6 FT,1,$78.65,"HANDMADE JUTE DHURRIE-HW-32,3X7FT-2.6 X 6 FT",57050039,,,,,10-Jul-2026,,"[16-Jul-2026] TODAY, DONE",16-Jul-2026,
Buyer National Id: SOPI600912RH4,TOP URGENT,TOP URGENT,RF-12949,AMAZON,701-7087995-1967429,  Maria,,3-Jul-2026,1,JUTE DHURRIE,3 X 3 FT,No,9-Jul-2026,DISPATCHED,,10-Jul-2026,VI-59,Dispatch,,María Isabel Solorzano Palacio,Paseo de los Virreyes 998 casa 3 Zapopan Jalisco colonia Vir,VIRREYES RESIDENCIAL,ZAPOPAN,JALISCO,45110,Mexico,(33) 24005959,,CUSTOMER,HETALLS GLOBAL PRIVATE LIMITED,Individual,Consumer,JUTE DHURRIE-VI-59,3 X 3 FT,1,$212.65,HANDMADE JUTE DHURRIE-VI-59-3 X 3 FT,57050039,,,,,,,9-Jul-2026,10-Jul-2026,
,TOP URGENT,TOP URGENT,RF-12950,AMAZON,113-1986954-2865038,Isaac,,3-Jul-2026,1,COTTON DHURRIE,9 X 12 FT,Yes,8-Jul-2026,DISPATCHED,,10-Jul-2026,HP-206,Dispatch,,Isaac,1120 HORTON RD,,DAHLONEGA,GA ,30533-4415,United States,1 213-442-1463 ext. 08694,,CUSTOMER,HETALLS GLOBAL PRIVATE LIMITED,Individual,Consumer,COTTON DHURRIE-HP-206,9 X 12 FT,1,$699.00,HANDMADE COTTON DHURRIE-HP-206-9 X 12 FT,57050024,,,,,,,,10-Jul-2026,
,TOP URGENT,TOP URGENT,RF-12951,AMAZON,112-3772415-2128215,Cathy,,3-Jul-2026,1,JUTE DHURRIE,3 X 5 FT,No,9-Jul-2026,DISPATCHED,,6-Jul-2026,NR-36,Dispatch,,Cathy Plate,763 MORAGA RD,,LAFAYETTE,CA,94549-4941,United States,1 415-851-9136 ext. 88450,,CUSTOMER,HETALLS GLOBAL PRIVATE LIMITED,Individual,Consumer,JUTE DHURRIE-NR-36,3 X 5 FT,1,$79.00,HANDMADE JUTE DHURRIE-NR-36-3 X 5 FT,57050039,,,,,,,6-Jul-2026,6-Jul-2026,
,TOP URGENT,TOP URGENT,RF-12952,AMAZON,113-2466597-8236261,   rusty,,3-Jul-2026,1,WOOL JUTE,4 X 8 FT,Yes,17-Jul-2026,DISPATCHED,,16-Jul-2026,WJRH-15,Dispatch,,MARY GASTON,1335 BENNY LN,,TAOS,NM,87571-6855,United States,1 412-532-4665 ext. 76598,,CUSTOMER,HETALLS GLOBAL PRIVATE LIMITED,Individual,Consumer,WOOL JUTE-WJRH-15,4 X 8 FT,1,$210.00,HANDMADE WOOL JUTE-WJRH-15-4 X 8 FT,57050039,,,,,,,13-Jul-2026,15-Jul-2026,
,TOP URGENT,TOP URGENT,RF-12953-1/2,AMAZON,111-7024365-5541066,Andrew,,3-Jul-2026,1,COTTON DHURRIE,2 X 3 FT,Yes,8-Jul-2026,DISPATCHED,,8-Jul-2026,JHGD-02A,Dispatch,,Andrew M. Zuba,34 Sargents Ave,,Nashua,NH,3064,United States,1 415-419-8616 ext. 33622,,CUSTOMER,HETALLS GLOBAL PRIVATE LIMITED,Individual,Consumer,COTTON DHURRIE-JHGD-02A,2 X 3 FT,1,$41.60,HANDMADE COTTON DHURRIE-JHGD-02A-2 X 3 FT,57050024,,,,,,,,8-Jul-2026,
,TOP URGENT,TOP URGENT,RF-12953-2/2,AMAZON,111-7024365-5541066,Andrew,,3-Jul-2026,1,COTTON DHURRIE,3 X 5 FT,Yes,8-Jul-2026,DISPATCHED,,8-Jul-2026,JHGD-02A,Dispatch,,Andrew M. Zuba,34 Sargents Ave,,Nashua,NH,3064,United States,1 415-419-8616 ext. 33622,,CUSTOMER,HETALLS GLOBAL PRIVATE LIMITED,Individual,Consumer,COTTON DHURRIE-JHGD-02A,3 X 5 FT,1,$63.20,HANDMADE COTTON DHURRIE-JHGD-02A-3 X 5 FT,57050024,,,,,,,,8-Jul-2026,
,TOP URGENT,TOP URGENT,RF-12954,AMAZON,114-4920446-3761838,Christen,,3-Jul-2026,1,JUTE DHURRIE,2.6 X 4 FT SCALLOPED ,No,9-Jul-2026,DISPATCHED,,10-Jul-2026,VI-24B,Dispatch,,Christen Womack,17730 MERRYHILL CT,,MONUMENT,CO,80132-8453,United States,1 929-436-4790 ext. 60288,,CUSTOMER,HETALLS GLOBAL PRIVATE LIMITED,Individual,Consumer,JUTE DHURRIE-VI-24B,2.6 X 4 FT SCALLOPED ,1,$64.00,HANDMADE JUTE DHURRIE-VI-24B-2.6 X 4 FT SCALLOPED ,57050039,,,,,,,7-Jul-2026,8-Jul-2026,
,TOP URGENT,TOP URGENT,RF-12955,AMAZON, 203-0511921-3510748,mrs,,3-Jul-2026,1,CHINDI COTTON-JUTE,9 X 9 FT,No,9-Jul-2026,DISPATCHED,,10-Jul-2026,NF-04,Dispatch,,mrs janet durose,MODDERSHALL OAKS (NOT HEALTH SPA),MODDERSHALL,STONE,STAFFORDSHIRE,ST15 8TG,United Kingdom,01782 373273,,CUSTOMER,HETALLS GLOBAL PRIVATE LIMITED,Individual,Consumer,CHINDI COTTON-JUTE-NF-04,9 X 9 FT,1,$443.72,HANDMADE CHINDI COTTON-JUTE-NF-04-9 X 9 FT,57050039,,,,,,,9-Jul-2026,10-Jul-2026,
,,,RF-12956,ETSY-CASAVANI,4105123364,Malea Dickerson,,3-Jul-2026,1,COTTON DHURRIE,2.5 X 8 FT ,Yes,7-Jul-2026,DISPATCHED,,8-Jul-2026,STK-82R,Dispatch,,Malea Dickerson,3410 Se 71st,AVE,Portland,OR ,97206-2504,United States,8313317246,maleadickerson13@gmail.com,CUSTOMER,HETALLS GLOBAL PRIVATE LIMITED,Individual,Consumer,COTTON DHURRIE-STK-82R,2.5 X 8 FT ,1,$100.75,HANDMADE COTTON DHURRIE-STK-82R-2.5 X 8 FT ,57050024,,,,,,,,8-Jul-2026,
,TOP URGENT,TOP URGENT,RF-12957,AMAZON,114-9965106-2620227,Stephanie,,3-Jul-2026,1,WOOL JUTE,4 X 6 FT,Yes,17-Jul-2026,DISPATCHED,,11-Jul-2026,HW-61,Dispatch,,Stephanie Carnow,3579 19TH ST APT 5,,SAN FRANCISCO, CA,94110-1650,United States,1 929-436-4790 ext. 89384,,CUSTOMER,HETALLS GLOBAL PRIVATE LIMITED,Individual,Consumer,WOOL JUTE-HW-61,4 X 6 FT,1,$198.00,HANDMADE WOOL JUTE-HW-61-4 X 6 FT,57050039,,,,,,,9-Jul-2026,11-Jul-2026,
,TOP URGENT,TOP URGENT,RF-12958,AMAZON,114-6834437-3409820,tiara,,4-Jul-2026,1,JUTE DHURRIE,3 X 3 FT,No,10-Jul-2026,DISPATCHED,,10-Jul-2026,NR-30,Dispatch,,tiara Lockett,512 W 2ND ST,,BOUND BROOK,NJ,08805-1841,United States,1 415-851-9136 ext. 67329,,CUSTOMER,HETALLS GLOBAL PRIVATE LIMITED,Individual,Consumer,JUTE DHURRIE-NR-30,3 X 3 FT,1,$60.00,HANDMADE JUTE DHURRIE-NR-30-3 X 3 FT,57050039,,,,,,,7-Jul-2026,9-Jul-2026,
,TOP URGENT,TOP URGENT,RF-12959,AMAZON,112-3799601-5941817,Cindy,,4-Jul-2026,1,COTTON DHURRIE,2 X 16 FT,Yes,9-Jul-2026,DISPATCHED,,10-Jul-2026,HP-121B,Dispatch,,Cindy Brock,3756 TURNBERRY CT,,DULUTH,GA,30096-8022,United States,1 929-436-4790 ext. 49473,,CUSTOMER,HETALLS GLOBAL PRIVATE LIMITED,Individual,Consumer,COTTON DHURRIE-HP-121B,2 X 16 FT,1,$210.00,HANDMADE COTTON DHURRIE-HP-121B-2 X 16 FT,57050024,,,,,,,,9-Jul-2026,
,TOP URGENT,TOP URGENT,RF-12960,AMAZON,112-0302261-7013840,Sarah,,4-Jul-2026,1,JUTE DHURRIE,3 X 5 FT,No,10-Jul-2026,DISPATCHED,,10-Jul-2026,NR-30,Dispatch,,Sarah K Johnston,1804 E 40TH ST,,AUSTIN,TX,78722-1322,United States,1 763-225-9463 ext. 70520,,CUSTOMER,HETALLS GLOBAL PRIVATE LIMITED,Individual,Consumer,JUTE DHURRIE-NR-30,3 X 5 FT,1,$79.00,HANDMADE JUTE DHURRIE-NR-30-3 X 5 FT,57050039,,,,,,,7-Jul-2026,9-Jul-2026,
,TOP URGENT,TOP URGENT,RF-12961,AMAZON,111-8555536-7946661,Terrie,,4-Jul-2026,1,JUTE DHURRIE,3 X 5 FT,No,10-Jul-2026,DISPATCHED,,7-Jul-2026,NR-25,Dispatch,,Terrie Morris,2986 HIGHWAY 51,,ENTERPRISE,AL,36330-7606,United States,1 210-728-4548 ext. 64578,,CUSTOMER,HETALLS GLOBAL PRIVATE LIMITED,Individual,Consumer,JUTE DHURRIE-NR-25,3 X 5 FT,1,$79.00,HANDMADE JUTE DHURRIE-NR-25-3 X 5 FT,57050039,,,,IN STOCK,,,,7-Jul-2026,
,TOP URGENT,TOP URGENT,RF-12962,AMAZON,701-0800560-0557810,Hylton,,4-Jul-2026,1,JUTE DHURRIE,6 X 9 FT,No,10-Jul-2026,DISPATCHED,,11-Jul-2026,HW-44,Dispatch,,Hylton Karon,39 Coulcliff Blvd,,Port Perry,Ontario, L9L 1P8,Canada,6472979815,,CUSTOMER,HETALLS GLOBAL PRIVATE LIMITED,Individual,Consumer,JUTE DHURRIE-HW-44,6 X 9 FT,1,$504.64,HANDMADE JUTE DHURRIE-HW-44-6 X 9 FT,57050039,,,,,10-Jul-2026,,11-Jul-2026,11-Jul-2026,
,TOP URGENT,TOP URGENT,RF-12963,AMAZON,112-7279455-2385031,Casey,,4-Jul-2026,1,COTTON DHURRIE,2.6 X 8 FT,Yes,9-Jul-2026,DISPATCHED,,10-Jul-2026,STK-47,Dispatch,,Laura Anchors,7524 TOMAHAWK RD,,PRAIRIE VILLAGE,KS ,66208-4648,United States,1 619-854-2705 ext. 32397,,CUSTOMER,HETALLS GLOBAL PRIVATE LIMITED,Individual,Consumer,COTTON DHURRIE-STK-47,2.6 X 8 FT,1,$96.00,HANDMADE COTTON DHURRIE-STK-47-2.6 X 8 FT,57050024,,,,,,,,10-Jul-2026,
,TOP URGENT,TOP URGENT,RF-12964,AMAZON,114-8869686-6331426,Ty,,4-Jul-2026,1,WOOL JUTE,4 X 6 FT,Yes,18-Jul-2026,DISPATCHED,,7-Jul-2026,WJRH-21,Dispatch,,Ty and Robin Harris,401 AUSTIN HEIGHTS RD,,LAKEWAY,TX ,78738-1951,United States,1 210-728-4548 ext. 14812,,CUSTOMER,HETALLS GLOBAL PRIVATE LIMITED,Individual,Consumer,WOOL JUTE-WJRH-21,4 X 6 FT,1,$131.75,HANDMADE WOOL JUTE-WJRH-21-4 X 6 FT,57050039,,,,IN STOCK,,,,7-Jul-2026,
,TOP URGENT,TOP URGENT,RF-12965-1/2,AMAZON,111-2666784-3921055,Chris,,4-Jul-2026,1,WOOL JUTE,3 X 5 FT,Yes,18-Jul-2026,DISPATCHED,,8-Jul-2026,WJRH-21,Dispatch,,Chris Hayden,3480 Loberg Dr,,WEST FARGO,ND,58078,United States,1 415-419-8616 ext. 82226,,CUSTOMER,HETALLS GLOBAL PRIVATE LIMITED,Individual,Consumer,WOOL JUTE-WJRH-21,3 X 5 FT,1,$79.20,HANDMADE WOOL JUTE-WJRH-21-3 X 5 FT,57050039,,,,IN STOCK,,,,8-Jul-2026,
,TOP URGENT,TOP URGENT,RF-12965-2/2,AMAZON,111-2666784-3921055,Chris,,4-Jul-2026,1,WOOL JUTE,5 X 8 FT,Yes,18-Jul-2026,DISPATCHED,,8-Jul-2026,5 X 8 FT,Dispatch,,Chris Hayden,3480 Loberg Dr,,WEST FARGO,ND,58078,United States,1 415-419-8616 ext. 82226,,CUSTOMER,HETALLS GLOBAL PRIVATE LIMITED,Individual,Consumer,WOOL JUTE-5 X 8 FT,5 X 8 FT,1,$208.00,HANDMADE WOOL JUTE-5 X 8 FT-5 X 8 FT,57050039,,,,IN STOCK,,,,8-Jul-2026,
,TOP URGENT,TOP URGENT,RF-12966,AMAZON,203-9394885-4887509,Julia,,4-Jul-2026,1,WOOL JUTE,2 X 3 FT,Yes,18-Jul-2026,DISPATCHED,,14-Jul-2026,WJRH-02A,Dispatch,,Julia Daley,FLAT 15 STANLEY MANSIONS,PARK WALK,LONDON,,SW10 0AG,United Kingdom,447786854929,,CUSTOMER,HETALLS GLOBAL PRIVATE LIMITED,Individual,Consumer,WOOL JUTE-WJRH-02A,2 X 3 FT,1,$79.03,HANDMADE WOOL JUTE-WJRH-02A-2 X 3 FT,57050039,,,,,11-Jul-2026,,13-Jul-2026,13-Jul-2026,
,,,RF-12967,ETSY-RUGSFOREVER,4107247425,Amy Buchanan,,4-Jul-2026,1,JUTE DHURRIE,2 X 8 FT,No,6-Jul-2026,DISPATCHED,,8-Jul-2026,NR-36,Dispatch,,Amy Buchanan,36455 Highway 101 N,UNIT 1A,Nehalem,OR ,97131-9750,United States,15034408733,frecklefarkle50@gmail.com,CUSTOMER,HETALLS GLOBAL PRIVATE LIMITED,Individual,Consumer,JUTE DHURRIE-NR-36,2 X 8 FT,1,$84.50,HANDMADE JUTE DHURRIE-NR-36-2 X 8 FT,57050039,,,,,,,7-Jul-2026,8-Jul-2026,
,,SET OF 14-Pieces ,RF-12968,ETSY-RUGSFOREVER,4107664299,Galila Spharim,,4-Jul-2026,1,JUTE DHURRIE,8 X 29 Inch,No,9-Jul-2026,DISPATCHED,,16-Jul-2026,NR-1100,Dispatch,,Galila Spharim,10804 125th st NW,,Edmonton,AB,T5M 0L4,Canada,,spharim@gmail.com,CUSTOMER,HETALLS GLOBAL PRIVATE LIMITED,Individual,Consumer,JUTE DHURRIE-NR-1100,8 X 29 Inch,1,$159.25,HANDMADE JUTE DHURRIE-NR-1100-8 X 29 Inch,57050039,,,,,10-Jul-2026,,"[16-Jul-2026] TODAY, DONE",16-Jul-2026,
,,SET OF 10-Pieces ,RF-12969,ETSY-RUGSFOREVER,4107698429 ,Rebecca Reh,,4-Jul-2026,1,CHINDI COTTON-JUTE,8 X 28 Inch,No,9-Jul-2026,DISPATCHED,,14-Jul-2026,NR-1100D,Dispatch,,Rebecca Reh,1528 N Harmon St,,Tacoma,WA,98406,United States,,rebareh@gmail.com,CUSTOMER,HETALLS GLOBAL PRIVATE LIMITED,Individual,Consumer,CHINDI COTTON-JUTE-NR-1100D,8 X 28 Inch,1,$96.85,HANDMADE CHINDI COTTON-JUTE-NR-1100D-8 X 28 Inch,57050039,,,,,10-Jul-2026,,13-Jul-2026,14-Jul-2026,
,,,RF-12970,ETSY-CASAVANI,4105785060 ,Kristina Gligoric,,4-Jul-2026,1,COTTON DHURRIE,5 X 7 FT,Yes,7-Jul-2026,CANCELLED,CANCELLED ,,HP-259A,Dispatch,,Kristina Gligoric,614 W University , Parkway,"Baltimore,",MD,21210,United States,,kristinagligoric.ns@gmail.com,CUSTOMER,HETALLS GLOBAL PRIVATE LIMITED,Individual,Consumer,COTTON DHURRIE-HP-259A,5 X 7 FT,1,$172.25,HANDMADE COTTON DHURRIE-HP-259A-5 X 7 FT,57050024,,,,,,,,,
,,,RF-12971,ETSY-CASAVANI,4107387973,Lori Aamot,,4-Jul-2026,1,COTTON DHURRIE,3 X 3 FT,Yes,6-Jul-2026,DISPATCHED,,10-Jul-2026,HP-15S,Dispatch,,Lori Aamot,1790 17th St,,2,MN ,56101-1032,United States,6127187014,aamotlori@gmail.com,CUSTOMER,HETALLS GLOBAL PRIVATE LIMITED,Individual,Consumer,COTTON DHURRIE-HP-15S,3 X 3 FT,1,$55.90,HANDMADE COTTON DHURRIE-HP-15S-3 X 3 FT,57050024,,,,,,,,8-Jul-2026,
,,"Please write Etsy’s UK VAT number, 370 6004 28, on your package ",RF-12972,ETSY-CASAVANI,4107232937 ,Yasmine Awwad,,4-Jul-2026,1,COTTON DHURRIE,2.6 X 7 FT ,No,6-Jul-2026,DISPATCHED,,8-Jul-2026,STK-26B,Dispatch,,Yasmine Awwad,6 Chester Street,,"Norwich, ",Norfolk ,NR2 2AY,United Kingdom,7843261575,hello@yasmineawwad.co.uk,CUSTOMER,HETALLS GLOBAL PRIVATE LIMITED,Individual,Consumer,COTTON DHURRIE-STK-26B,2.6 X 7 FT ,1,$87.10,HANDMADE COTTON DHURRIE-STK-26B-2.6 X 7 FT ,57050024,,,,,,,,8-Jul-2026,
,TOP URGENT,TOP URGENT,RF-12973,AMAZON,111-4091282-3213030,Jennifer,,4-Jul-2026,1,JUTE DHURRIE,2 X 20 FT,No,6-Jul-2026,DISPATCHED,,14-Jul-2026,NR-1018,Dispatch,,Emily-Jennifer Reed/Jones,702 PHERSON ST,,SITKA, AK,99835-7239,United States,1 415-851-9136 ext. 80150,,CUSTOMER,HETALLS GLOBAL PRIVATE LIMITED,Individual,Consumer,JUTE DHURRIE-NR-1018,2 X 20 FT,1,$280.00,HANDMADE JUTE DHURRIE-NR-1018-2 X 20 FT,57050039,,,,,10-Jul-2026,,13-Jul-2026,14-Jul-2026,
,,,RF-12974,ETSY-RUGSFOREVER,4106053358 ,Sandra van Oppenraaij,,4-Jul-2026,1,JUTE DHURRIE,8 X 11 FT,No,9-Jul-2026,DISPATCHED,,10-Jul-2026,NR-1049,Dispatch,,Sandra van Oppenraaij,Noordlandseweg,57A,s-gravenzande,s-gravenzande,2691 KH,Netherlands,,sandra@jctwestland.nl,CUSTOMER,HETALLS GLOBAL PRIVATE LIMITED,Individual,Consumer,JUTE DHURRIE-NR-1049,8 X 11 FT,1,$497.25,HANDMADE JUTE DHURRIE-NR-1049-8 X 11 FT,57050039,,,,,,,9-Jul-2026,10-Jul-2026,
,,SET OF 14-Pieces,RF-12975,ETSY-RUGSFOREVER,4107872055 ,Lisa Cassidy,,4-Jul-2026,1,JUTE DHURRIE,9 X 29 Inch,No,9-Jul-2026,DISPATCHED,,17-Jul-2026,NR-1100,Dispatch,,Lisa Cassidy,159,Hopetoun Ave,Vaucluse,NSW,2030,Australia,,lis.cassidy@gmail.com,CUSTOMER,HETALLS GLOBAL PRIVATE LIMITED,Individual,Consumer,JUTE DHURRIE-NR-1100,9 X 29 Inch,1,$178.75,HANDMADE JUTE DHURRIE-NR-1100-9 X 29 Inch,57050039,,,,,10-Jul-2026,,,16-Jul-2026,
,,SET OF 14-Pieces,RF-12976,ETSY-RUGSFOREVER,4108174643,Amy Copes,,6-Jul-2026,1,CHINDI-COTTON,8 X 28 Inch,No,9-Jul-2026,DISPATCHED,,14-Jul-2026,NR-1079,Dispatch,,Amy Copes,106 2nd St SW,"Cutbank,","Cutbank,",MT,59427,United States,,amy.b.copes@gmail.com,CUSTOMER,HETALLS GLOBAL PRIVATE LIMITED,Individual,Consumer,CHINDI-COTTON-NR-1079,8 X 28 Inch,1,$146.25,HANDMADE CHINDI-COTTON-NR-1079-8 X 28 Inch,57050024,,,,,13-Jul-2026,,11-Jul-2026,13-Jul-2026,
,,SET OF 15-Pieces,RF-12977,ETSY-RUGSFOREVER,4106775574,Briana Davis,,6-Jul-2026,1,CHINDI-COTTON,9 X 29 Inch,No,10-Jul-2026,DISPATCHED,,14-Jul-2026,NR-1100D,Dispatch,,Briana Davis,3176 Arlotte Ave,Long Beach,Long Beach,CA,90808-4410,United States,,7briana7@gmail.com,CUSTOMER,HETALLS GLOBAL PRIVATE LIMITED,Individual,Consumer,CHINDI-COTTON-NR-1100D,9 X 29 Inch,1,$191.75,HANDMADE CHINDI-COTTON-NR-1100D-9 X 29 Inch,57050024,,,,,13-Jul-2026,,13-Jul-2026,14-Jul-2026,
,,,RF-12978,ETSY-RUGSFOREVER,4106890254,Shanna Peterson,,6-Jul-2026,1,JUTE DHURRIE,4 X 4 FT,No,10-Jul-2026,DISPATCHED,,14-Jul-2026,CSN-29,Dispatch,,Shanna Peterson,5265 W Boston Way S,,"Chandler,",AZ,85226,United States,,shanna.peterson70@gmail.com,CUSTOMER,HETALLS GLOBAL PRIVATE LIMITED,Individual,Consumer,JUTE DHURRIE-CSN-29,4 X 4 FT,1,$84.50,HANDMADE JUTE DHURRIE-CSN-29-4 X 4 FT,57050039,,,,,13-Jul-2026,,13-Jul-2026,14-Jul-2026,
,,,RF-12979,ETSY-RUGSFOREVER,4107313638,Wendy Newton,,6-Jul-2026,1,WOOL JUTE,5 x 8 Feet,Yes,10-Jul-2026,DISPATCHED,,25-Jul-2026,WJRH-22,Dispatch,,Wendy Newton,4033 NE Hoyt St,,Portland,US, 97232-3331,United States,,85rk9wv9sp@privaterelay.appleid.com,CUSTOMER,HETALLS GLOBAL PRIVATE LIMITED,Individual,Consumer,WOOL JUTE-WJRH-22,5 x 8 Feet,1,$263.25,HANDMADE WOOL JUTE-WJRH-22-5 x 8 Feet,57050039,,,,,17-Jul-2026,,24-Jul-2026,25-Jul-2026,
,,1-landing,RF-12980-1/2,ETSY-RUGSFOREVER,4108975333,Lauren Birney,,6-Jul-2026,1,JUTE DHURRIE,75x75cm landing,Yes,11-Jul-2026,DISPATCHED,,14-Jul-2026,NR-1100,Dispatch,,Lauren Birney,4 Ringslade Road,,,,,,,laurenbirney@hotmail.co.uk,CUSTOMER,HETALLS GLOBAL PRIVATE LIMITED,Individual,Consumer,JUTE DHURRIE-NR-1100,75x75cm landing,1,$100.00,HANDMADE JUTE DHURRIE-NR-1100-75x75cm landing,57050039,,,,,13-Jul-2026,,11-Jul-2026,13-Jul-2026,
,,SET OF 9-Pieces,RF-12980-2/2,ETSY-RUGSFOREVER,4108975333,Lauren Birney,,6-Jul-2026,1,JUTE DHURRIE,8x24 Inches,Yes,11-Jul-2026,DISPATCHED,,14-Jul-2026,NR-1100,Dispatch,,Lauren Birney,4 Ringslade Road,,"London,",London ,N22 7TE,United Kingdom,,laurenbirney@hotmail.co.uk,CUSTOMER,HETALLS GLOBAL PRIVATE LIMITED,Individual,Consumer,JUTE DHURRIE-NR-1100,8x24 Inches,1,$75.00,HANDMADE JUTE DHURRIE-NR-1100-8x24 Inches,57050039,,,,,13-Jul-2026,,11-Jul-2026,13-Jul-2026,
,,,RF-12981,ETSY-CASAVANI,4107667888,Louise Halse,,6-Jul-2026,1,COTTON DHURRIE,6 x 9 Feet,No,10-Jul-2026,DISPATCHED,,11-Jul-2026,HP-284,Dispatch,,Louise Halse,17 Lowe Park Lane,,Pauanui ,Pauanui ,3579,New Zealand,64 22 623 1256,louisewilloughby5@gmail.com,CUSTOMER,HETALLS GLOBAL PRIVATE LIMITED,Individual,Consumer,COTTON DHURRIE-HP-284,6 x 9 Feet,1,$227.50,HANDMADE COTTON DHURRIE-HP-284-6 x 9 Feet,57050024,,,,,,,,11-Jul-2026,
,,,RF-12982,ETSY-CASAVANI,4109201609,carlene nardi,,6-Jul-2026,1,COTTON DHURRIE,2.6 X 7 FT ,No,10-Jul-2026,DISPATCHED,,11-Jul-2026,STK-13F,Dispatch,,carlene nardi,809 south warnock street,,"philadelphia,",PA ,19147,United States,,carlenenardi@comcast.net,CUSTOMER,HETALLS GLOBAL PRIVATE LIMITED,Individual,Consumer,COTTON DHURRIE-STK-13F,2.6 X 7 FT ,1,$89.05,HANDMADE COTTON DHURRIE-STK-13F-2.6 X 7 FT ,57050024,,,,,,,,11-Jul-2026,
,,"s UK VAT number, 370 6004 28",RF-12983,ETSY-CASAVANI,4108630029,Edmund Fitzalan Howard,,6-Jul-2026,1,COTTON DHURRIE,4 X 4 FT,Yes,9-Jul-2026,DISPATCHED,,10-Jul-2026,HP-15S,Dispatch,,Edmund Fitzalan Howard,Flat 6 40,Harcourt Terrace,"London,","London,",SW10 9JR,United Kingdom,447961702281,edmundfh@gmail.com,CUSTOMER,HETALLS GLOBAL PRIVATE LIMITED,Individual,Consumer,COTTON DHURRIE-HP-15S,4 X 4 FT,1,$71.50,HANDMADE COTTON DHURRIE-HP-15S-4 X 4 FT,57050024,,,,,,,,9-Jul-2026,
,,,RF-12984,ETSY-CASAVANI,4108532565,Nan Boss,,6-Jul-2026,1,COTTON DHURRIE,2.6 X 18 FT,Yes,9-Jul-2026,DISPATCHED,,11-Jul-2026,JHGD-02HR,Dispatch,,Nan Boss,W58N433,Hilbert Ave.,,WI,53012,United States,4142182176,drboss@bestfriendsvet.com,CUSTOMER,HETALLS GLOBAL PRIVATE LIMITED,Individual,Consumer,COTTON DHURRIE-JHGD-02HR,2.6 X 18 FT,1,$228.15,HANDMADE COTTON DHURRIE-JHGD-02HR-2.6 X 18 FT,57050024,,,,,,,,11-Jul-2026,
,,,RF-12985,ETSY-CASAVANI,4106712450,Hughes Congleton,,6-Jul-2026,1,COTTON DHURRIE,2.5 X 9 FT ,Yes,9-Jul-2026,DISPATCHED,,10-Jul-2026,HP-121A,Dispatch,,Hughes Congleton,116 Forest Ave,,Lexington,KY,40508,United States,(859) 475-8882,dzdc76hvmp@privaterelay.appleid.com,CUSTOMER,HETALLS GLOBAL PRIVATE LIMITED,Individual,Consumer,COTTON DHURRIE-HP-121A,2.5 X 9 FT ,1,$114.40,HANDMADE COTTON DHURRIE-HP-121A-2.5 X 9 FT ,57050024,,,,,,,,10-Jul-2026,
,TOP URGENT,TOP URGENT,RF-12986,AMAZON,114-7352668-8557868,    Deborah,,6-Jul-2026,1,CHINDI COTTON-JUTE,4 X 6 FT,No,13-Jul-2026,DISPATCHED,,11-Jul-2026,NR-85,Dispatch,,Deb Clark,4105 TEJON ST UNIT C,,DENVER,CO,80211-1880,United States,1 763-225-9463 ext. 32016,,CUSTOMER,HETALLS GLOBAL PRIVATE LIMITED,Individual,Consumer,CHINDI COTTON-JUTE-NR-85,4 X 6 FT,1,$124.00,HANDMADE CHINDI COTTON-JUTE-NR-85-4 X 6 FT,57050039,,,,,13-Jul-2026,,11-Jul-2026,11-Jul-2026,
,TOP URGENT,TOP URGENT,RF-12987,AMAZON,113-4896880-4825062,Mary,,6-Jul-2026,1,COTTON DHURRIE,2.6 X 10 FT,No,11-Jul-2026,DISPATCHED,,11-Jul-2026,HP-85B,Dispatch,,Mary Marek,2804 REED ST,,OXFORD,MS,38655-6601,United States,1 210-728-4548 ext. 15571,,CUSTOMER,HETALLS GLOBAL PRIVATE LIMITED,Individual,Consumer,COTTON DHURRIE-HP-85B,2.6 X 10 FT,1,$169.00,HANDMADE COTTON DHURRIE-HP-85B-2.6 X 10 FT,57050024,,,,,,,,11-Jul-2026,
,TOP URGENT,TOP URGENT,RF-12988,AMAZON,114-7399642-2761062,Kaliegh,,6-Jul-2026,1,COTTON DHURRIE,2.6 X 10 FT,Yes,11-Jul-2026,DISPATCHED,,14-Jul-2026,HGD-161B,Dispatch,,Kaliegh Robinson,3315 N DAVIDSON ST APT 138,,CHARLOTTE,NC,28205-1593,United States,1 347-448-3190 ext. 28096,,CUSTOMER,HETALLS GLOBAL PRIVATE LIMITED,Individual,Consumer,COTTON DHURRIE-HGD-161B,2.6 X 10 FT,1,$121.50,HANDMADE COTTON DHURRIE-HGD-161B-2.6 X 10 FT,57050024,,,,,,,,13-Jul-2026,
,TOP URGENT,TOP URGENT,RF-12989,AMAZON,113-2813548-1447430,Bettie,,6-Jul-2026,1,WOOL JUTE,2.6 X 12 FT,Yes,20-Jul-2026,DISPATCHED,,18-Jul-2026,WJRH-21,Dispatch,,Bettie A. Donovan,1355 CASCADE TRL,,SAN MARCOS,TX,78666-1751,United States,1 415-419-8616 ext. 55134,,CUSTOMER,HETALLS GLOBAL PRIVATE LIMITED,Individual,Consumer,WOOL JUTE-WJRH-21,2.6 X 12 FT,1,$199.00,HANDMADE WOOL JUTE-WJRH-21-2.6 X 12 FT,57050039,,,,,16-Jul-2026,,,18-Jul-2026,
,TOP URGENT,TOP URGENT,RF-12990,AMAZON,111-8757226-6401818,Alla,,6-Jul-2026,1,COTTON DHURRIE,4 X 6 FT,Yes,11-Jul-2026,DISPATCHED,,14-Jul-2026,HGD-161,Dispatch,,Alla Carrasco,453 27TH ST,,MANHATTAN BEACH,CA ,90266-2118,United States,1 210-728-4548 ext. 72883,,CUSTOMER,HETALLS GLOBAL PRIVATE LIMITED,Individual,Consumer,COTTON DHURRIE-HGD-161,4 X 6 FT,1,$111.60,HANDMADE COTTON DHURRIE-HGD-161-4 X 6 FT,57050024,,,,,,,,14-Jul-2026,
,TOP URGENT,TOP URGENT,RF-12991,AMAZON,111-4965561-6549818,Jennifer,,6-Jul-2026,1,JUTE DHURRIE,2 X 3 FT,No,13-Jul-2026,DISPATCHED,,10-Jul-2026,NR-37,Dispatch,,Emily-Jennifer Reed/Jones,702 PHERSON ST,,SITKA,AK,99835-7239,United States,1 412-532-4665 ext. 30288,,CUSTOMER,HETALLS GLOBAL PRIVATE LIMITED,Individual,Consumer,JUTE DHURRIE-NR-37,2 X 3 FT,1,$54.00,HANDMADE JUTE DHURRIE-NR-37-2 X 3 FT,57050039,,,,,,,9-Jul-2026,9-Jul-2026,
,TOP URGENT,TOP URGENT,RF-12992,AMAZON,114-9410865-5875410,    Madison,,6-Jul-2026,1,COTTON DHURRIE,2.6 X 4 FT,Yes,11-Jul-2026,DISPATCHED,,11-Jul-2026,HP-67B,Dispatch,,Madison Belnap,456 S 1150 E,,BOUNTIFUL,UT,84010,United States,,,CUSTOMER,HETALLS GLOBAL PRIVATE LIMITED,Individual,Consumer,COTTON DHURRIE-HP-67B,2.6 X 4 FT,1,$80.00,HANDMADE COTTON DHURRIE-HP-67B-2.6 X 4 FT,57050024,,,,,,,,11-Jul-2026,
,TOP URGENT,TOP URGENT,RF-12993,AMAZON,111-7637739-9941034,Jenny,,6-Jul-2026,1,JUTE DHURRIE,4 X 6 FT,No,13-Jul-2026,DISPATCHED,,14-Jul-2026,NR-30,Dispatch,,jenny rush,4244 brookside ave,,cincinnati,oh,45223,United States,1 763-225-9463 ext. 98135,,CUSTOMER,HETALLS GLOBAL PRIVATE LIMITED,Individual,Consumer,JUTE DHURRIE-NR-30,4 X 6 FT,1,$124.00,HANDMADE JUTE DHURRIE-NR-30-4 X 6 FT,57050039,,,,,13-Jul-2026,,11-Jul-2026,13-Jul-2026,
,TOP URGENT,TOP URGENT,RF-12994,AMAZON,114-5899198-0749826,	Leeanna,,6-Jul-2026,1,WOOL JUTE,5 X 5 FT,Yes,20-Jul-2026,DISPATCHED,,10-Jul-2026,WJRH-15,Dispatch,,shimon and nicole rura,10 WESTLEY AVE,,CAMBRIDGE,MA,02140-1733,United States,1 346-307-9643 ext. 79313,,CUSTOMER,HETALLS GLOBAL PRIVATE LIMITED,Individual,Consumer,WOOL JUTE-WJRH-15,5 X 5 FT,1,$160.00,HANDMADE WOOL JUTE-WJRH-15-5 X 5 FT,57050039,,,,IN STOCK,,,,9-Jul-2026,
,TOP URGENT,TOP URGENT,RF-12995,AMAZON,111-8933182-2881802,Alli,,6-Jul-2026,1,COTTON DHURRIE,10 X 14 FT,Yes,13-Jul-2026,DISPATCHED,,11-Jul-2026,HP-175,Dispatch,,Alli Hanes,9275 WALDREP ST,,PORT CHARLOTTE, FL,33981-2913,United States,1 412-532-4665 ext. 88659,,CUSTOMER,HETALLS GLOBAL PRIVATE LIMITED,Individual,Consumer,COTTON DHURRIE-HP-175,10 X 14 FT,1,$899.00,HANDMADE COTTON DHURRIE-HP-175-10 X 14 FT,57050024,,,,,,,,11-Jul-2026,
,TOP URGENT,,RF-12996,AMAZON,113-5783793-5909803,Eugene,,6-Jul-2026,1,WOOL JUTE,2 X 6 FT,Yes,20-Jul-2026,DISPATCHED,,10-Jul-2026,WJRH-21,Dispatch,,Eugene kwon,25363 N 69TH AVE,,PEORIA,AZ,85383-6028,United States,1 412-532-4665 ext. 38017,,CUSTOMER,HETALLS GLOBAL PRIVATE LIMITED,Individual,Consumer,WOOL JUTE-WJRH-21,2 X 6 FT,1,$76.50,HANDMADE WOOL JUTE-WJRH-21-2 X 6 FT,57050039,,,,IN STOCK,,,,9-Jul-2026,
,TOP URGENT,TOP URGENT,RF-12997,AMAZON,204-6021647-2709913,Jason,,6-Jul-2026,1,JUTE DHURRIE,4 X 7 FT,No,13-Jul-2026,DISPATCHED,,14-Jul-2026,VI-61,Dispatch,,Jason Hichborn,"POLO LODGE, MANOR FARM ROAD",,COATES,,GL7 6NH,United Kingdom,12076501193,,CUSTOMER,HETALLS GLOBAL PRIVATE LIMITED,Individual,Consumer,JUTE DHURRIE-VI-61,4 X 7 FT,1,$126.72,HANDMADE JUTE DHURRIE-VI-61-4 X 7 FT,57050039,,,,,13-Jul-2026,,11-Jul-2026,13-Jul-2026,
,,,RF-12998,ETSY-CASAVANI,4109368149,Cat Williams,,6-Jul-2026,1,COTTON DHURRIE,3 X 35 FT,No,10-Jul-2026,DISPATCHED,,11-Jul-2026,STK-82R,Dispatch,,Cat Williams,155 St Arnaud Rd,,Eynesbury,VIC,3338,Australia,,cassandramarywilliams@gmail.com,CUSTOMER,HETALLS GLOBAL PRIVATE LIMITED,Individual,Consumer,COTTON DHURRIE-STK-82R,3 X 35 FT,1,$443.62,HANDMADE COTTON DHURRIE-STK-82R-3 X 35 FT,57050024,,,,,,,,11-Jul-2026,
,,,RF-12999-1/2,AMAZON,305-6189669-5789112,,,6-Jul-2026,1,COTTON DHURRIE,6 X 12 FT,Yes,10-Jul-2026,HOLD,HOLD,,HGD-160A,Dispatch,,,,,,,,,,,CUSTOMER,HETALLS GLOBAL PRIVATE LIMITED,Individual,Consumer,COTTON DHURRIE-HGD-160A,6 X 12 FT,1,$606.64,HANDMADE COTTON DHURRIE-HGD-160A-6 X 12 FT,57050024,,,,,,,,,
,,,RF-12999-2/2,AMAZON,305-6189669-5789112,,,6-Jul-2026,1,COTTON DHURRIE,2.6 X 10 FT,Yes,10-Jul-2026,HOLD,HOLD,,HGD-160B,Dispatch,,,,,,,,,,,CUSTOMER,HETALLS GLOBAL PRIVATE LIMITED,Individual,Consumer,COTTON DHURRIE-HGD-160B,2.6 X 10 FT,1,$169.57,HANDMADE COTTON DHURRIE-HGD-160B-2.6 X 10 FT,57050024,,,,,,,,,
,," IOSS number, IM3720000224,",RF-13000,ETSY-RUGSFOREVER,4109819685,TOMMASO CARLO ZIFFER,,7-Jul-2026,2,CHINDI-COTTON,3 X 5 FT,No,13-Jul-2026,DISPATCHED,,14-Jul-2026,NR-200,Dispatch,,TOMMASO CARLO ZIFFER,26 Strada Pedemontana,Negozio Community,Capalbio GR,Borgo Carige ,58011,Italy,3318208031,tommaso.ziffer@gmail.com,CUSTOMER,HETALLS GLOBAL PRIVATE LIMITED,Individual,Consumer,CHINDI-COTTON-NR-200,3 X 5 FT,2,$156.00,HANDMADE CHINDI-COTTON-NR-200-3 X 5 FT,57050024,,,,,14-Jul-2026,,13-Jul-2026,14-Jul-2026,
,,,RF-13001,ETSY-RUGSFOREVER,4110083415,Amanda Keating,,7-Jul-2026,1,WOOL JUTE,2 X 3 FT,No,13-Jul-2026,DISPATCHED,,23-Jul-2026,WJRH-23,Dispatch,,Amanda Keating,34130 Pintail Ave,,Nehalem,OR,97131-9800,United States,(913) 424-2993,mandy.conley@yahoo.com,CUSTOMER,HETALLS GLOBAL PRIVATE LIMITED,Individual,Consumer,WOOL JUTE-WJRH-23,2 X 3 FT,1,$61.75,HANDMADE WOOL JUTE-WJRH-23-2 X 3 FT,57050039,,,,,20-Jul-2026,,20-Jul-2026,23-Jul-2026,
,TOP URGENT,TOP URGENT,RF-13002,AMAZON,112-6045356-0797062,James,,7-Jul-2026,1,COTTON DHURRIE,2 X 6 FT,No,13-Jul-2026,DISPATCHED,,14-Jul-2026,STK-26O,Dispatch,,James Hannam,312 RIDGE RD,,PALM HARBOR, FL,34683-5422,United States,1 412-532-4665 ext. 44441,,CUSTOMER,HETALLS GLOBAL PRIVATE LIMITED,Individual,Consumer,COTTON DHURRIE-STK-26O,2 X 6 FT,1,$76.50,HANDMADE COTTON DHURRIE-STK-26O-2 X 6 FT,57050024,,,,,,,,13-Jul-2026,
,TOP URGENT,TOP URGENT,RF-13003,AMAZON,112-1415855-2945845,"
judy",,7-Jul-2026,1,COTTON DHURRIE,2.6 X 8 FT,Yes,13-Jul-2026,DISPATCHED,,14-Jul-2026,JHGD-02A,Dispatch,,judy cummins,15729 HARVESTER CIR W,,NOBLESVILLE,IN,46060-0042,United States,1 412-532-4665 ext. 35714,,CUSTOMER,HETALLS GLOBAL PRIVATE LIMITED,Individual,Consumer,COTTON DHURRIE-JHGD-02A,2.6 X 8 FT,1,$86.40,HANDMADE COTTON DHURRIE-JHGD-02A-2.6 X 8 FT,57050024,,,,,,,,13-Jul-2026,
,TOP URGENT,TOP URGENT,RF-13004,AMAZON,114-3879040-6326655,Kelly,,7-Jul-2026,1,WOOL JUTE,2 X 3 FT,Yes,21-Jul-2026,DISPATCHED,,16-Jul-2026,HW-61,Dispatch,,Kelly Olson,3216 SALEM POINT DR SW,,ROCHESTER,MN,55902-6628,United States,1 347-448-3190 ext. 54435,,CUSTOMER,HETALLS GLOBAL PRIVATE LIMITED,Individual,Consumer,WOOL JUTE-HW-61,2 X 3 FT,1,$72.00,HANDMADE WOOL JUTE-HW-61-2 X 3 FT,57050039,,,,,16-Jul-2026,,13-Jul-2026,15-Jul-2026,
,TOP URGENT,TOP URGENT,RF-13005-1/2,AMAZON,111-3946261-4533835,Theresa,,7-Jul-2026,1,JUTE DHURRIE,2 X 3 FT,No,13-Jul-2026,DISPATCHED,,14-Jul-2026,NR-30,Dispatch,,Theresa D. Flynn,81 SARGENT RD,,SCARSDALE, NY,10583-4836,United States,1 412-532-4665 ext. 11032,,CUSTOMER,HETALLS GLOBAL PRIVATE LIMITED,Individual,Consumer,JUTE DHURRIE-NR-30,2 X 3 FT,1,$41.60,HANDMADE JUTE DHURRIE-NR-30-2 X 3 FT,57050039,,,,,13-Jul-2026,,11-Jul-2026,11-Jul-2026,
,TOP URGENT,TOP URGENT,RF-13005-2/2,AMAZON,111-3946261-4533835,Theresa,,7-Jul-2026,1,JUTE DHURRIE,2 X 3 FT,No,13-Jul-2026,DISPATCHED,,14-Jul-2026,VI-87D,Dispatch,,Theresa D. Flynn,81 SARGENT RD,,SCARSDALE, NY,10583-4836,United States,1 412-532-4665 ext. 11032,,CUSTOMER,HETALLS GLOBAL PRIVATE LIMITED,Individual,Consumer,JUTE DHURRIE-VI-87D,2 X 3 FT,1,$57.60,HANDMADE JUTE DHURRIE-VI-87D-2 X 3 FT,57050039,,,,,13-Jul-2026,,11-Jul-2026,11-Jul-2026,
,TOP URGENT,TOP URGENT,RF-13006,AMAZON,113-7810324-2720244,Hannah,,7-Jul-2026,1,COTTON DHURRIE,4 X 4 FT,Yes,13-Jul-2026,DISPATCHED,,16-Jul-2026,HGD-110,Dispatch,,Hannah Fuller,340 DIANA ST,,PLACERVILLE,CA,95667-3337,United States,1 346-307-9643 ext. 26807,,CUSTOMER,HETALLS GLOBAL PRIVATE LIMITED,Individual,Consumer,COTTON DHURRIE-HGD-110,4 X 4 FT,1,$88.00,HANDMADE COTTON DHURRIE-HGD-110-4 X 4 FT,57050024,,,,,,,"[16-Jul-2026] TODAY, DONE",15-Jul-2026,
,TOP URGENT,TOP URGENT,RF-13007,AMAZON,111-5090394-2962662,Joy,,7-Jul-2026,1,JUTE DHURRIE,2 X 3 FT,No,13-Jul-2026,DISPATCHED,,14-Jul-2026,VI-87G,Dispatch,,Joy Noel,673 WALNUT ST,,POTTSTOWN,PA,19464-5744,United States,1 412-532-4665 ext. 23275,,CUSTOMER,HETALLS GLOBAL PRIVATE LIMITED,Individual,Consumer,JUTE DHURRIE-VI-87G,2 X 3 FT,1,$86.00,HANDMADE JUTE DHURRIE-VI-87G-2 X 3 FT,57050039,,,,,13-Jul-2026,,11-Jul-2026,11-Jul-2026,
,TOP URGENT,TOP URGENT,RF-13008,AMAZON,112-0741946-0126603,Francisco,,7-Jul-2026,1,COTTON DHURRIE,3 X 5 FT,Yes,13-Jul-2026,DISPATCHED,,16-Jul-2026,HGD-N-138,Dispatch,,Francisco de Aubeyzon,587 MEDINAH DR,,AUGUSTA,GA,30907-9447,United States,1 415-851-9136 ext. 66758,,CUSTOMER,HETALLS GLOBAL PRIVATE LIMITED,Individual,Consumer,COTTON DHURRIE-HGD-N-138,3 X 5 FT,1,$79.00,HANDMADE COTTON DHURRIE-HGD-N-138-3 X 5 FT,57050024,,,,,,,"[16-Jul-2026] TODAY, DONE",15-Jul-2026,
,TOP URGENT,TOP URGENT,RF-13009-1/2,AMAZON,205-3894216-2786734,Maria,,7-Jul-2026,1,JUTE DHURRIE,2.6 X 4 FT,No,13-Jul-2026,DISPATCHED,,16-Jul-2026,VI-49,Dispatch,,Maria AGUDO,"34
CRAVEN HILL GARDENS",,LONDON,,W2 3EA,United Kingdom,447999410239,,CUSTOMER,HETALLS GLOBAL PRIVATE LIMITED,Individual,Consumer,JUTE DHURRIE-VI-49,2.6 X 4 FT,1,$51.34,HANDMADE JUTE DHURRIE-VI-49-2.6 X 4 FT,57050039,,,,,13-Jul-2026,,"[16-Jul-2026] TODAY, DONE",16-Jul-2026,
,TOP URGENT,TOP URGENT,RF-13009-2/2,AMAZON,205-3894216-2786734,Maria,,7-Jul-2026,1,JUTE DHURRIE,2.6 X 4 FT,No,13-Jul-2026,DISPATCHED,,16-Jul-2026,VI-59,Dispatch,,Maria AGUDO,"34
CRAVEN HILL GARDENS",,LONDON,,W2 3EA,United Kingdom,447999410239,,CUSTOMER,HETALLS GLOBAL PRIVATE LIMITED,Individual,Consumer,JUTE DHURRIE-VI-59,2.6 X 4 FT,1,$51.32,HANDMADE JUTE DHURRIE-VI-59-2.6 X 4 FT,57050039,,,,,13-Jul-2026,,"[16-Jul-2026] TODAY, DONE",16-Jul-2026,
,,SET OF-16Pic+1 landing,RF-13010,ETSY-RUGSFOREVER,4110278003,Diane J. Locacciato,,7-Jul-2026,1,JUTE DHURRIE,"34X39 Inc stairs, 8.5 x 28",No,13-Jul-2026,DISPATCHED,,21-Jul-2026,NR-1100F,Dispatch,,Diane J. Locacciato,5202 Outrigger Way,,Oxnard,CA,93035,United States,(805)341-6404,dianeloca@att.net,CUSTOMER,HETALLS GLOBAL PRIVATE LIMITED,Individual,Consumer,JUTE DHURRIE-NR-1100F,"34X39 Inc stairs, 8.5 x 28",1,$354.25,"HANDMADE JUTE DHURRIE-NR-1100F-34X39 Inc stairs, 8.5 x 28",57050039,,,,landing pcs recevied 13-july,,,,21-Jul-2026,
,TOP URGENT,TOP URGENT,RF-13011,AMAZON,113-0996012-6640206,Andrew,,7-Jul-2026,1,COTTON DHURRIE,2.6 X 18 FT,No,13-Jul-2026,DISPATCHED,,14-Jul-2026,STK-26O,Dispatch,,Andrew Halvorson,5660 W KINCREAG ST,,BOISE,ID,83714-1350,United States,1 415-851-9136 ext. 18188,,CUSTOMER,HETALLS GLOBAL PRIVATE LIMITED,Individual,Consumer,COTTON DHURRIE-STK-26O,2.6 X 18 FT,1,$299.00,HANDMADE COTTON DHURRIE-STK-26O-2.6 X 18 FT,57050024,,,,,,,,14-Jul-2026,
,TOP URGENT,TOP URGENT,RF-13012,AMAZON,113-8447284-3545000,Sarabjeet,,8-Jul-2026,1,COTTON DHURRIE,4 X 10 FT,Yes,14-Jul-2026,DISPATCHED,,16-Jul-2026,STK-47,Dispatch,,"
Vincent laregina",10 RITA DR,,NEW FAIRFIELD,CT,06812-4620,United States,1 929-436-4790 ext. 80890,,CUSTOMER,HETALLS GLOBAL PRIVATE LIMITED,Individual,Consumer,COTTON DHURRIE-STK-47,4 X 10 FT,1,$208.00,HANDMADE COTTON DHURRIE-STK-47-4 X 10 FT,57050024,,,,,,,[16-Jul-2026] TODAY DONE,16-Jul-2026,
Buyer National Id: CALA940305CA0,TOP URGENT,TOP URGENT,RF-13013,AMAZON,702-5251495-9064253,    ANGEL,,8-Jul-2026,1,COTTON DHURRIE,2.6 X 10 FT,Yes,14-Jul-2026,DISPATCHED,,16-Jul-2026,HGD-161B,Dispatch,,ANDREA CHAVEZ,ATLETAS 2,CHURUBUSCO COUNTRY CLUB,CIUDAD DE MEXICO,CIUDAD DE MEXICO,4210,Mexico,5530875183,,CUSTOMER,HETALLS GLOBAL PRIVATE LIMITED,Individual,Consumer,COTTON DHURRIE-HGD-161B,2.6 X 10 FT,1,$246.23,HANDMADE COTTON DHURRIE-HGD-161B-2.6 X 10 FT,57050024,,,,,,,,15-Jul-2026,
,TOP URGENT,TOP URGENT,RF-13014,AMAZON,114-2026193-9517849, JIll,,8-Jul-2026,1,WOOL JUTE,6 X 8 FT,Yes,22-Jul-2026,DISPATCHED,,11-Jul-2026,WJRH-21,Dispatch,,Elaina Kuhlke,150 CONNECTICUT AVE,,MASSAPEQUA,NY,11758-4202,United States,1 929-436-4790 ext. 85000,,CUSTOMER,HETALLS GLOBAL PRIVATE LIMITED,Individual,Consumer,WOOL JUTE-WJRH-21,6 X 8 FT,1,$310.00,HANDMADE WOOL JUTE-WJRH-21-6 X 8 FT,57050039,,,,,,,9-Jul-2026,11-Jul-2026,
,TOP URGENT,TOP URGENT,RF-13015,AMAZON,113-4101301-0934648,    Elisabetta,,8-Jul-2026,1,COTTON DHURRIE,6 X 9 FT,Yes,14-Jul-2026,DISPATCHED,,14-Jul-2026,JHGD-02A,Dispatch,,Elisabetta Carrelli-Kraus,14070 WATT RD,,NOVELTY,OH,44072-9788,United States,1 763-225-9463 ext. 37496,,CUSTOMER,HETALLS GLOBAL PRIVATE LIMITED,Individual,Consumer,COTTON DHURRIE-JHGD-02A,6 X 9 FT,1,$280.00,HANDMADE COTTON DHURRIE-JHGD-02A-6 X 9 FT,57050024,,,,,,,,13-Jul-2026,
,TOP URGENT,TOP URGENT,RF-13016,AMAZON,112-4444218-2165001,  Patricia,,8-Jul-2026,1,WOOL JUTE,4 X 8 FT,Yes,22-Jul-2026,DISPATCHED,,17-Jul-2026,WJRH-21,Dispatch,,Patricia Meraz,1293 VANDERBILT WAY,,SACRAMENTO, CA,95825-6665,United States,1 929-436-4790 ext. 31790,,CUSTOMER,HETALLS GLOBAL PRIVATE LIMITED,Individual,Consumer,WOOL JUTE-WJRH-21,4 X 8 FT,1,$210.00,HANDMADE WOOL JUTE-WJRH-21-4 X 8 FT,57050039,,,,,,,,17-Jul-2026,
,,,RF-13017,ETSY-CASAVANI,4109764648,Rebecca A Russell,,8-Jul-2026,1,COTTON DHURRIE,2.6 X 4 FT,No,14-Jul-2026,DISPATCHED,,14-Jul-2026,HP-222,Dispatch,,Rebecca Russell,Hc 1 Box 5016,15-1647 PONI MOI AVE,Keaau,HI ,96749-9502,United States,(808) 300-9309,nereid11@gmail.com,CUSTOMER,HETALLS GLOBAL PRIVATE LIMITED,Individual,Consumer,COTTON DHURRIE-HP-222,2.6 X 4 FT,1,$58.50,HANDMADE COTTON DHURRIE-HP-222-2.6 X 4 FT,57050024,,,,,,,,13-Jul-2026,
,,,RF-13018,ETSY-RUGSFOREVER,4111500723,Carolyn Craig,,9-Jul-2026,1,JUTE DHURRIE,6 X 9 FT,,13-Jul-2026,DISPATCHED,,17-Jul-2026,NR-1049,Dispatch,,Carolyn Craig,2404 Sw River Trail Rd,,Lees Summit,MO,64082-7811,United States,,carolyn.hooper64@gmail.com,CUSTOMER,HETALLS GLOBAL PRIVATE LIMITED,Individual,Consumer,JUTE DHURRIE-NR-1049,6 X 9 FT,1,$328.25,HANDMADE JUTE DHURRIE-NR-1049-6 X 9 FT,57050039,,,,,,,,17-Jul-2026,
,,,RF-13019-1/2,ETSY-RUGSFOREVER,4109942840,Gocaj Family,,9-Jul-2026,2,WOOL JUTE,2 X 6 FT,,13-Jul-2026,DISPATCHED,,30-Jul-2026,WJRH-22,Dispatch,,Gocaj Family,3408 N Venice St,,"Arlington,",VA,22207-4447,United States,,bbmvcqzn9k@privaterelay.appleid.com,CUSTOMER,HETALLS GLOBAL PRIVATE LIMITED,Individual,Consumer,WOOL JUTE-WJRH-22,2 X 6 FT,2,$128.25,HANDMADE WOOL JUTE-WJRH-22-2 X 6 FT,57050039,,,,,,,27-Jul-2026,30-Jul-2026,
,,,RF-13019-2/2,ETSY-RUGSFOREVER,4109942840,Gocaj Family,,9-Jul-2026,1,WOOL JUTE,2 X 8 FT,,13-Jul-2026,DISPATCHED,,30-Jul-2026,WJRH-22,Dispatch,,Gocaj Family,3408 N Venice St,,"Arlington,",VA,22207-4447,United States,,bbmvcqzn9k@privaterelay.appleid.com,CUSTOMER,HETALLS GLOBAL PRIVATE LIMITED,Individual,Consumer,WOOL JUTE-WJRH-22,2 X 8 FT,1,$200.00,HANDMADE WOOL JUTE-WJRH-22-2 X 8 FT,57050039,,,,,,,28-Jul-2026,30-Jul-2026,
,TOP URGENT,TOP URGENT,RF-13020,AMAZON,112-2326371-5443434,Carol,,9-Jul-2026,1,WOOL JUTE,4 X 8 FT,Yes,23-Jul-2026,DISPATCHED,,17-Jul-2026,HW-61,Dispatch,,Carol Luker,1501 N COUNTY ROAD 250 E,,BROWNSTOWN,IN,47220-8530,United States,1 415-851-9136 ext. 36206,,CUSTOMER,HETALLS GLOBAL PRIVATE LIMITED,Individual,Consumer,WOOL JUTE-HW-61,4 X 8 FT,1,$253.00,HANDMADE WOOL JUTE-HW-61-4 X 8 FT,57050039,,,,,,,,17-Jul-2026,
,TOP URGENT,TOP URGENT,RF-13021,AMAZON,111-7817672-9502617,April,,9-Jul-2026,1,WOOL JUTE,8 X 11 FT,Yes,23-Jul-2026,DISPATCHED,,24-Jul-2026,WJRH-12F,Dispatch,,April Haskell,5481 MEADOW DR,,SUMTER,SC,29154-1045,United States,929-436-4790 ext. 28766,,CUSTOMER,HETALLS GLOBAL PRIVATE LIMITED,Individual,Consumer,WOOL JUTE-WJRH-12F,8 X 11 FT,1,$728.00,HANDMADE WOOL JUTE-WJRH-12F-8 X 11 FT,57050039,,,,,,,24-Jul-2026,24-Jul-2026,
,TOP URGENT,TOP URGENT,RF-13022,AMAZON,702-5945179-0721025,   grace,,9-Jul-2026,1,WOOL JUTE,2 X 8 FT,Yes,23-Jul-2026,DISPATCHED,,24-Jul-2026,WJRH-15,Dispatch,,Gesina Grace Pasma,8007 156 Street NW,,Edmonton,Alberta,T5R 1X9,Canada,,,CUSTOMER,HETALLS GLOBAL PRIVATE LIMITED,Individual,Consumer,WOOL JUTE-WJRH-15,2 X 8 FT,1,$132.71,HANDMADE WOOL JUTE-WJRH-15-2 X 8 FT,57050039,,,,,,,24-Jul-2026,24-Jul-2026,
"Buyer cancellation
Cancellation reason: Item(s) Would Not Arrive on Time",TOP URGENT,TOP URGENT,RF-13023,AMAZON,112-1713394-1348237,John,,9-Jul-2026,1,COTTON DHURRIE,2 X 3 FT,Yes,14-Jul-2026,CANCELLED,CANCELLED,,HGD-160A,Dispatch,,John Dougherty,3526 E EUCLID AVE,,CENTENNIAL,CO,80121-3624,United States,,,CUSTOMER,HETALLS GLOBAL PRIVATE LIMITED,Individual,Consumer,COTTON DHURRIE-HGD-160A,2 X 3 FT,1,$64.00,HANDMADE COTTON DHURRIE-HGD-160A-2 X 3 FT,57050024,,,,,,,,,
,TOP URGENT,TOP URGENT,RF-13024,AMAZON,114-7891211-3416220,Molly,,9-Jul-2026,1,JUTE DHURRIE,3 X 5 FT,No,15-Jul-2026,DISPATCHED,,14-Jul-2026,NR-30,Dispatch,,Molly Baslow,3212 EENJY LN,,JOHNS ISLAND,SC,29455-4303,United States,1 412-532-4665 ext. 48938,,CUSTOMER,HETALLS GLOBAL PRIVATE LIMITED,Individual,Consumer,JUTE DHURRIE-NR-30,3 X 5 FT,1,$79.00,HANDMADE JUTE DHURRIE-NR-30-3 X 5 FT,57050039,,,,,,,11-Jul-2026,13-Jul-2026,
,,,RF-13025,ETSY-RUGSFOREVER,4110709606,Patricia Mackay,,9-Jul-2026,1,JUTE DHURRIE,"stair treads10""x30""inch 4x7 ft landing",No,14-Jul-2026,DISPATCHED,,20-Jul-2026,NR-1100A,Dispatch,,Patricia Mackay,5 Queen Elizabeth Dr,,Charlottetown,PE,C1A 7R3,Canada,902 314-3143,windermere@eastlink.ca,CUSTOMER,HETALLS GLOBAL PRIVATE LIMITED,Individual,Consumer,JUTE DHURRIE-NR-1100A,"stair treads10""x30""inch 4x7 ft landing",1,$650.00,"HANDMADE JUTE DHURRIE-NR-1100A-stair treads10""x30""inch 4x7 ft landing",57050039,,,,,,,17-Jul-2026,20-Jul-2026,
,TOP URGENT,TOP URGENT,RF-13026,AMAZON,111-0935800-2128226,Jennifer,,9-Jul-2026,1,COTTON DHURRIE,2.6 X 4 FT,Yes,14-Jul-2026,DISPATCHED,,16-Jul-2026,HGD-161,Dispatch,,Jennifer D. Gallegos,15928 VANOWEN ST APT 116,,VAN NUYS,CA ,91406-4973,United States,1 347-448-3190 ext. 44886,,CUSTOMER,HETALLS GLOBAL PRIVATE LIMITED,Individual,Consumer,COTTON DHURRIE-HGD-161,2.6 X 4 FT,1,$64.00,HANDMADE COTTON DHURRIE-HGD-161-2.6 X 4 FT,57050024,,,,,,,"[16-Jul-2026] TODAY, DONE",16-Jul-2026,
,,,RF-13027,ETSY-CASAVANI,4112224319,"
Marianne Baruschke",,9-Jul-2026,1,COTTON DHURRIE,1.33 x 4 FT,No,13-Jul-2026,DISPATCHED,,16-Jul-2026,MR-98,Dispatch,,Marianne Baruschke,Sachtlebenstr. 18A,,Theodor-Wenzel-Haus,Berlin,14165,Germany,4915170311620,baruschke47@gmail.com,CUSTOMER,HETALLS GLOBAL PRIVATE LIMITED,Individual,Consumer,COTTON DHURRIE-MR-98,1.33 x 4 FT,1,$79.95,HANDMADE COTTON DHURRIE-MR-98-1.33 x 4 FT,57050024,,,,,,,"[16-Jul-2026] TODAY, DONE",16-Jul-2026,
,TOP URGENT,TOP URGENT,RF-13028,AMAZON,111-9000730-8347447,Giselle ,,10-Jul-2026,1,JUTE DHURRIE,3 X 5 FT,No,16-Jul-2026,DISPATCHED,,14-Jul-2026,NR-30,Dispatch,,Giselle Hicks,4320 Barrett Road,,Helena,MT,59602,United States,1 412-532-4665 ext. 81800,,CUSTOMER,HETALLS GLOBAL PRIVATE LIMITED,Individual,Consumer,JUTE DHURRIE-NR-30,3 X 5 FT,1,$71.10,HANDMADE JUTE DHURRIE-NR-30-3 X 5 FT,57050039,,,,,,,13-Jul-2026,14-Jul-2026,
,TOP URGENT,TOP URGENT,RF-13029,AMAZON,112-3619985-6537869,Marc ,,10-Jul-2026,1,COTTON DHURRIE,2 X 6 FT,Yes,15-Jul-2026,DISPATCHED,,18-Jul-2026,HP-281,Dispatch,,Marc Jalbert,208 OLD COUNTY RD,,OXFORD,ME,04270-3736,United States,1 619-854-2705 ext. 19780,,CUSTOMER,HETALLS GLOBAL PRIVATE LIMITED,Individual,Consumer,COTTON DHURRIE-HP-281,2 X 6 FT,1,$85.00,HANDMADE COTTON DHURRIE-HP-281-2 X 6 FT,57050024,,,,,,,,18-Jul-2026,
,TOP URGENT,TOP URGENT,RF-13030,AMAZON,114-7527976-9013854,William,,10-Jul-2026,1,COTTON DHURRIE,2.6 X 14 FT,No,15-Jul-2026,DISPATCHED,,16-Jul-2026,HP-85B,Dispatch,,William Scheu,45 WILLOWCROFT DR,,COLUMBINE VALLEY,CO,80123-7908,United States,1 415-419-8616 ext. 53540,,CUSTOMER,HETALLS GLOBAL PRIVATE LIMITED,Individual,Consumer,COTTON DHURRIE-HP-85B,2.6 X 14 FT,1,$235.00,HANDMADE COTTON DHURRIE-HP-85B-2.6 X 14 FT,57050024,,,,,,,,15-Jul-2026,
,,SET OF-10,RF-13031,ETSY-RUGSFOREVER,4112315293,Rolanda Gabhart,,10-Jul-2026,1,CHINDI-COTTON,9 X 29 Inch,No,14-Jul-2026,DISPATCHED,,20-Jul-2026,NR-33-Rec-A,Dispatch,,Rolanda Gabhart,1250 Justin street,,Jasper,IN,47546,United States,8123094972,landygalegabhart@yahoo.com,CUSTOMER,HETALLS GLOBAL PRIVATE LIMITED,Individual,Consumer,CHINDI-COTTON-NR-33-Rec-A,9 X 29 Inch,1,$129.35,HANDMADE CHINDI-COTTON-NR-33-Rec-A-9 X 29 Inch,57050024,,,,,,,17-Jul-2026,20-Jul-2026,
,,SET OF-9,RF-13032-1/2,ETSY-RUGSFOREVER,4111597220,Dustyn Tubbs,,10-Jul-2026,2,JUTE DHURRIE,8x24 Inches,No,14-Jul-2026,DISPATCHED,,17-Jul-2026,NR-1100,Dispatch,,Dustyn Tubbs,8605 Wallingford Ave N,,Seattle,WA , 98103-4103,United States,19899419145,dustyntubbs@gmail.com,CUSTOMER,HETALLS GLOBAL PRIVATE LIMITED,Individual,Consumer,JUTE DHURRIE-NR-1100,8x24 Inches,2,$200.65,HANDMADE JUTE DHURRIE-NR-1100-8x24 Inches,57050039,,,,,,,15-Jul-2026,17-Jul-2026,
,,,RF-13032-2/2,ETSY-RUGSFOREVER,4111597220,Dustyn Tubbs,,10-Jul-2026,1,JUTE DHURRIE,75x75cm landing,No,15-Jul-2026,DISPATCHED,,17-Jul-2026,NR-1100,Dispatch,,Dustyn Tubbs,8605 Wallingford Ave N,,Seattle,WA , 98103-4103,United States,19899419145,dustyntubbs@gmail.com,CUSTOMER,HETALLS GLOBAL PRIVATE LIMITED,Individual,Consumer,JUTE DHURRIE-NR-1100,75x75cm landing,1,$60.00,HANDMADE JUTE DHURRIE-NR-1100-75x75cm landing,57050039,,,,,,,15-Jul-2026,17-Jul-2026,
,,SET OF-13 PCS,RF-13033,ETSY-RUGSFOREVER,4111623284,Carrie Reinhart,,10-Jul-2026,1,CHINDI-COTTON,8 X 28 Inch,No,15-Jul-2026,DISPATCHED,,20-Jul-2026,NR-1076,Dispatch,,Carrie Reinhart,4015 s k st,,"tacoma, ",WA ,98418,United States,,csreinhart@gmail.com,CUSTOMER,HETALLS GLOBAL PRIVATE LIMITED,Individual,Consumer,CHINDI-COTTON-NR-1076,8 X 28 Inch,1,$136.50,HANDMADE CHINDI-COTTON-NR-1076-8 X 28 Inch,57050024,,,,,,,17-Jul-2026,20-Jul-2026,
"Buyer cancellation
Cancellation reason: Item(s) Would Not Arrive on Time",TOP URGENT,TOP URGENT,RF-13034,AMAZON,111-2032857-1621849,Nicole,,10-Jul-2026,1,COTTON DHURRIE,2.6 X 12 FT,No,15-Jul-2026,CANCELLED,CANCELLED,,STK-26O,Dispatch,,Nicole Omoregie,2650 S MCDONALD ST APT 2107,,MCKINNEY,TX,75069-1449,United States,1 415-419-8616 ext. 85927,,CUSTOMER,HETALLS GLOBAL PRIVATE LIMITED,Individual,Consumer,COTTON DHURRIE-STK-26O,2.6 X 12 FT,1,$199.00,HANDMADE COTTON DHURRIE-STK-26O-2.6 X 12 FT,57050024,,,,,,,,,
,TOP URGENT,TOP URGENT,RF-13035,AMAZON,114-9977802-0525043,Phyllis,,11-Jul-2026,1,JUTE DHURRIE,4 X 8 FT,No,17-Jul-2026,DISPATCHED,,17-Jul-2026,NR-1015,Dispatch,,Phyllis P. Thomerson,810 SLATER RD,,MARIETTA,SC,29661-9508,United States,1 415-419-8616 ext. 30402,,CUSTOMER,HETALLS GLOBAL PRIVATE LIMITED,Individual,Consumer,JUTE DHURRIE-NR-1015,4 X 8 FT,1,$246.00,HANDMADE JUTE DHURRIE-NR-1015-4 X 8 FT,57050039,,,,,,,15-Jul-2026,17-Jul-2026,
,TOP URGENT,TOP URGENT,RF-13036,AMAZON,112-8638518-7893043,Nate,,11-Jul-2026,1,CHINDI-COTTON,3 X 3 FT,No,17-Jul-2026,DISPATCHED,,16-Jul-2026,NR-80,Dispatch,,Nate Spreitzer,200 KAY AVE,,MANHATTAN, IL,60442-9277,United States,1 763-225-9463 ext. 10738,,CUSTOMER,HETALLS GLOBAL PRIVATE LIMITED,Individual,Consumer,CHINDI-COTTON-NR-80,3 X 3 FT,1,$60.00,HANDMADE CHINDI-COTTON-NR-80-3 X 3 FT,57050024,,,,,,,15-Jul-2026,16-Jul-2026,
,TOP URGENT,TOP URGENT,RF-13037,AMAZON,113-9463127-9986653,Olivia,,11-Jul-2026,1,COTTON DHURRIE,2.6 X 8 FT,Yes,17-Jul-2026,DISPATCHED,,18-Jul-2026,STK-47,Dispatch,,Olivia walker,"552 lincoln pl
Apt E",,Brooklyn,NY,11238,United States,1 412-532-4665 ext. 38784,,CUSTOMER,HETALLS GLOBAL PRIVATE LIMITED,Individual,Consumer,COTTON DHURRIE-STK-47,2.6 X 8 FT,1,$86.40,HANDMADE COTTON DHURRIE-STK-47-2.6 X 8 FT,57050024,,,,,,,,18-Jul-2026,
"Buyer cancellation
Cancellation reason: Other",TOP URGENT,TOP URGENT,RF-13038,AMAZON,114-3907475-356501,Nesha,,11-Jul-2026,1,COTTON DHURRIE,3 X 5 FT,Yes,17-Jul-2026,CANCELLED,CANCELLED,,JHGD-12A,Dispatch,,Nesha,23411 SUMMERFIELD APT 55F,,ALISO VIEJO,CA ,92656-2839,United States,1 763-225-9463 ext. 43182,,CUSTOMER,HETALLS GLOBAL PRIVATE LIMITED,Individual,Consumer,COTTON DHURRIE-JHGD-12A,3 X 5 FT,1,$79.00,HANDMADE COTTON DHURRIE-JHGD-12A-3 X 5 FT,57050024,,,,,,,,,
,TOP URGENT,TOP URGENT,RF-13039,AMAZON,171-7744885-5953931,MERCÈ,,11-Jul-2026,1,WOOL JUTE,3 X 3 FT,Yes,25-Jul-2026,DISPATCHED,,20-Jul-2026,WJRH-15,Dispatch,,MERCÈ CAMARDONS CARALT,"avda Alcalde Ramon Escayola,137",Sant cugat del valles,Barcelona,,8197,Spain,936751846,,CUSTOMER,HETALLS GLOBAL PRIVATE LIMITED,Individual,Consumer,WOOL JUTE-WJRH-15,3 X 3 FT,1,$92.57,HANDMADE WOOL JUTE-WJRH-15-3 X 3 FT,57050039,,,,IN STOCK,,,,13-Jul-2026,
"Buyer cancellation
Cancellation reason: Reason left unspecified",TOP URGENT,TOP URGENT,RF-13040,AMAZON,405-0094653-5858756,Marie-Anne,,11-Jul-2026,1,JUTE DHURRIE,10 X 14 FT,No,16-Jul-2026,CANCELLED,CANCELLED,,NF-09,Dispatch,,Marie-Anne Mestrez,Grand'Route 318,,Fexhe-le-Haut-Clocher,,4347,Belgium,497988982,,CUSTOMER,HETALLS GLOBAL PRIVATE LIMITED,Individual,Consumer,JUTE DHURRIE-NF-09,10 X 14 FT,1,$76.38,HANDMADE JUTE DHURRIE-NF-09-10 X 14 FT,57050039,,,,,,,,,
,,,RF-13041,ETSY-CASAVANI,4112695926,"
Megan Hayes",,13-Jul-2026,1,COTTON DHURRIE,7 x 10 Feet,No,15-Jul-2026,DISPATCHED,,20-Jul-2026,HP-164,Dispatch,,"
Megan Hayes",110 E North St,,Cambridge,WI,53523,United States,12093387797,Meganh589@gmail.com,CUSTOMER,HETALLS GLOBAL PRIVATE LIMITED,Individual,Consumer,COTTON DHURRIE-HP-164,7 x 10 Feet,1,$339.95,HANDMADE COTTON DHURRIE-HP-164-7 x 10 Feet,57050024,,,,,,,,20-Jul-2026,
,,,RF-13042,ETSY-CASAVANI,4112836048,"

Keerti Dantuluri",,13-Jul-2026,1,COTTON DHURRIE,5 X 7 FT,No,15-Jul-2026,DISPATCHED,,17-Jul-2026,MR-18,Dispatch,,"

Keerti Dantuluri",348 Magnolia Ave,,Charlotte,NC,28203,United States, 727 688 8977. ,keertidantuluri@gmail.com,CUSTOMER,HETALLS GLOBAL PRIVATE LIMITED,Individual,Consumer,COTTON DHURRIE-MR-18,5 X 7 FT,1,$172.25,HANDMADE COTTON DHURRIE-MR-18-5 X 7 FT,57050024,,,,,,,,17-Jul-2026,
,,,RF-13043,ETSY-CASAVANI,4113516968,"


Nivi Ben Hananya",,13-Jul-2026,1,COTTON DHURRIE,5 X 8 FT,Yes,16-Jul-2026,DISPATCHED,,18-Jul-2026,HP-284,Dispatch,,"


Nivi Ben Hananya",Mehlaf Hof HaSharon,,doar shefayim,Shefayim,6099000,Israel,972548774948,nivi.bh@gmail.com,CUSTOMER,HETALLS GLOBAL PRIVATE LIMITED,Individual,Consumer,COTTON DHURRIE-HP-284,5 X 8 FT,1,$169.00,HANDMADE COTTON DHURRIE-HP-284-5 X 8 FT,57050024,,,,,,,,18-Jul-2026,
,,,RF-13044,ETSY-RUGSFOREVER,4114488567,Erinn Pemberton,,13-Jul-2026,1,WOOL JUTE,6 X 9 FT,Yes,17-Jul-2026,DISPATCHED,,27-Jul-2026,WJRH-22,Dispatch,,Erinn Pemberton,3884 Wyoming St,,Saint Louis,MO, 63116-4841,United States,,erinn.kp@utexas.edu,CUSTOMER,HETALLS GLOBAL PRIVATE LIMITED,Individual,Consumer,WOOL JUTE-WJRH-22,6 X 9 FT,1,$328.25,HANDMADE WOOL JUTE-WJRH-22-6 X 9 FT,57050039,,,,,,,24-Jul-2026,25-Jul-2026,
,,,RF-13045,ETSY-RUGSFOREVER,4114677015,David herbet,,13-Jul-2026,1,JUTE DHURRIE,4 X 6 FT,No,17-Jul-2026,DISPATCHED,,22-Jul-2026,NR-72C,Dispatch,,David herbet,Hakabbala 4,,Netanya,Netanya,4272200,Israel,972522246344,didiherbet1@gmail.com,CUSTOMER,HETALLS GLOBAL PRIVATE LIMITED,Individual,Consumer,JUTE DHURRIE-NR-72C,4 X 6 FT,1,$159.25,HANDMADE JUTE DHURRIE-NR-72C-4 X 6 FT,57050039,,,,,,,21-Jul-2026,22-Jul-2026,
,,,RF-13046,ETSY-RUGSFOREVER,4113850722,Heather MacLean,,13-Jul-2026,1,CHINDI-COTTON,2 X 6 FT,No,18-Jul-2026,DISPATCHED,,18-Jul-2026,NR-156S,Dispatch,,Heather MacLean,9 Cayuga St,,St Catharines,ON , L2R 1E4,Canada,,heaven_417@hotmail.com,CUSTOMER,HETALLS GLOBAL PRIVATE LIMITED,Individual,Consumer,CHINDI-COTTON-NR-156S,2 X 6 FT,1,$87.00,HANDMADE CHINDI-COTTON-NR-156S-2 X 6 FT,57050024,,,,,,,17-Jul-2026,,
,,,RF-13047,ETSY-RUGSFOREVER,4113868526,David herbet,,13-Jul-2026,1,CHINDI-COTTON,4 X 4 FT,No,18-Jul-2026,DISPATCHED,,21-Jul-2026,NR-72,Dispatch,,David herbet,Hakabbala 4,,Netanya,Netanya,4272200,Israel,972522246344,didiherbet1@gmail.com,CUSTOMER,HETALLS GLOBAL PRIVATE LIMITED,Individual,Consumer,CHINDI-COTTON-NR-72,4 X 4 FT,1,$78.60,HANDMADE CHINDI-COTTON-NR-72-4 X 4 FT,57050024,,,,,,,21-Jul-2026,21-Jul-2026,
"Buyer cancellation
Cancellation reason: Item(s) Would Not Arrive on Time",TOP URGENT,TOP URGENT,RF-13048,AMAZON,113-6884890-6960230,Ann,,13-Jul-2026,1,JUTE DHURRIE,4 X 6 FT,No,20-Jul-2026,CANCELLED,CANCELLED,,VI-25,Dispatch,,Ann K. Calder,121 E MURIEL AVE,,LONG BEACH TOWNSHIP,NJ ,08008-3273,United States,1 412-532-4665 ext. 74739,,CUSTOMER,HETALLS GLOBAL PRIVATE LIMITED,Individual,Consumer,JUTE DHURRIE-VI-25,4 X 6 FT,1,$118.00,HANDMADE JUTE DHURRIE-VI-25-4 X 6 FT,57050039,,,,,,,,,
,TOP URGENT,TOP URGENT,RF-13049,AMAZON,112-6633073-5930612,Jacqueline,,13-Jul-2026,2,COTTON DHURRIE,2.6 X 4 FT,Yes,18-Jul-2026,DISPATCHED,,21-Jul-2026,HGD-160A,Dispatch,,Jacqueline Garza Farley,446 HUDSON LN,,DRIPPING SPRINGS,TX ,78620-5236,United States,1 207-835-4259 ext. 64533,,CUSTOMER,HETALLS GLOBAL PRIVATE LIMITED,Individual,Consumer,COTTON DHURRIE-HGD-160A,2.6 X 4 FT,2,$102.40,HANDMADE COTTON DHURRIE-HGD-160A-2.6 X 4 FT,57050024,,,,,,,,20-Jul-2026,
,TOP URGENT,TOP URGENT,RF-13050-1/2,AMAZON,112-7748359-1850641,Carole,,13-Jul-2026,1,WOOL JUTE,3 X 5 FT,Yes,27-Jul-2026,DISPATCHED,,16-Jul-2026,WJRH-21,Dispatch,,Carole Bendekovich,2880 W Appian Way,,Taylorsville,UT,84129,United States,1 346-307-9643 ext. 81862,,CUSTOMER,HETALLS GLOBAL PRIVATE LIMITED,Individual,Consumer,WOOL JUTE-WJRH-21,3 X 5 FT,1,$90.00,HANDMADE WOOL JUTE-WJRH-21-3 X 5 FT,57050039,,,,IN STOCK,,,,15-Jul-2026,
,TOP URGENT,TOP URGENT,RF-13050-2/2,AMAZON,112-7748359-1850641,Carole,,13-Jul-2026,1,WOOL JUTE,3 X 5 FT,Yes,27-Jul-2026,DISPATCHED,,16-Jul-2026,WJRH-15,Dispatch,,Carole Bendekovich,2880 W Appian Way,,Taylorsville,UT,84129,United States,1 346-307-9643 ext. 81862,,CUSTOMER,HETALLS GLOBAL PRIVATE LIMITED,Individual,Consumer,WOOL JUTE-WJRH-15,3 X 5 FT,1,$86.00,HANDMADE WOOL JUTE-WJRH-15-3 X 5 FT,57050039,,,,IN STOCK,,,,15-Jul-2026,
,TOP URGENT,TOP URGENT,RF-13051,AMAZON,111-1267462-8924224,Misty,,13-Jul-2026,1,JUTE DHURRIE,3 X 5 FT,No,20-Jul-2026,DISPATCHED,,17-Jul-2026,NR-30,Dispatch,,Misty,8596 N ADAMS DR,,MADRAS,OR,97741-8935,United States,1 929-436-4790 ext. 06232,,CUSTOMER,HETALLS GLOBAL PRIVATE LIMITED,Individual,Consumer,JUTE DHURRIE-NR-30,3 X 5 FT,1,$71.10,HANDMADE JUTE DHURRIE-NR-30-3 X 5 FT,57050039,,,,,,,15-Jul-2026,17-Jul-2026,
,TOP URGENT,TOP URGENT,RF-13052,AMAZON,114-6618399-8345002,Steve,,13-Jul-2026,1,WOOL JUTE,4 X 4 FT,Yes,27-Jul-2026,DISPATCHED,,27-Jul-2026,WJRH-15,Dispatch,,Steve W Turner,640 STEELE ST,,"DENVER,",CO,80206-3958,United States,1 929-436-4790 ext. 69010,,CUSTOMER,HETALLS GLOBAL PRIVATE LIMITED,Individual,Consumer,WOOL JUTE-WJRH-15,4 X 4 FT,1,$110.00,HANDMADE WOOL JUTE-WJRH-15-4 X 4 FT,57050039,,,,,,,25-Jul-2026,27-Jul-2026,
,TOP URGENT,TOP URGENT,RF-13053,AMAZON,114-5122703-2264230,Jessie ,,13-Jul-2026,1,COTTON DHURRIE,2.6 X 8 FT,Yes,18-Jul-2026,DISPATCHED,,21-Jul-2026,JHGD-02A,Dispatch,,Jessie Provost,11027 CROSSLAND DR,,AUSTIN,TX ,78726-1321,United States,1 412-532-4665 ext. 87154,,CUSTOMER,HETALLS GLOBAL PRIVATE LIMITED,Individual,Consumer,COTTON DHURRIE-JHGD-02A,2.6 X 8 FT,1,$86.40,HANDMADE COTTON DHURRIE-JHGD-02A-2.6 X 8 FT,57050024,,,,,,,,20-Jul-2026,
,TOP URGENT,TOP URGENT,RF-13054,AMAZON,113-5210357-8417001,JAC,,13-Jul-2026,1,WOOL JUTE,2 X 3 FT,Yes,27-Jul-2026,DISPATCHED,,17-Jul-2026,WJRH-21,Dispatch,,JAC,475 WELDON AVE APT 201,,OAKLAND,CA,94610-1501,United States,1 347-448-3190 ext. 95730,,CUSTOMER,HETALLS GLOBAL PRIVATE LIMITED,Individual,Consumer,WOOL JUTE-WJRH-21,2 X 3 FT,1,$72.00,HANDMADE WOOL JUTE-WJRH-21-2 X 3 FT,57050039,,,,IN STOCK,,,,,
,TOP URGENT,TOP URGENT,RF-13055,AMAZON,114-1708190-8868217,Robin,,13-Jul-2026,1,WOOL JUTE,3 X 5 FT,Yes,27-Jul-2026,DISPATCHED,,17-Jul-2026,WJRH-21,Dispatch,,Robin Harris,401 AUSTIN HEIGHTS RD,,LAKEWAY,TX ,78738-1951,United States,1 763-225-9463 ext. 82528,,CUSTOMER,HETALLS GLOBAL PRIVATE LIMITED,Individual,Consumer,WOOL JUTE-WJRH-21,3 X 5 FT,1,$89.10,HANDMADE WOOL JUTE-WJRH-21-3 X 5 FT,57050039,,,,IN STOCK,,,,,
,TOP URGENT,TOP URGENT,RF-13056,AMAZON,112-5202163-6767402,Nandini,,13-Jul-2026,1,JUTE DHURRIE,2 X 3 FT,No,20-Jul-2026,DISPATCHED,,17-Jul-2026,NR-30,Dispatch,,Nandini Kuragayala,1320 ROBERT BROWNING ST UNIT 209,,AUSTIN,TX,78723-3200,United States,1 412-532-4665 ext. 64182,,CUSTOMER,HETALLS GLOBAL PRIVATE LIMITED,Individual,Consumer,JUTE DHURRIE-NR-30,2 X 3 FT,1,$46.80,HANDMADE JUTE DHURRIE-NR-30-2 X 3 FT,57050039,,,,,,,15-Jul-2026,16-Jul-2026,
,TOP URGENT,TOP URGENT,RF-13057,AMAZON,114-6532803-5488260,SUE,,13-Jul-2026,1,CHINDI COTTON-JUTE,3 X 5 FT,No,20-Jul-2026,DISPATCHED,,16-Jul-2026,NR-83,Dispatch,,SUE BORTON,"3062 EASTLAND BLVD BLDG D
# 402 - BUILDING D",,CLEARWATER,FL,33761-4170,United States,1 412-532-4665 ext. 47328,,CUSTOMER,HETALLS GLOBAL PRIVATE LIMITED,Individual,Consumer,CHINDI COTTON-JUTE-NR-83,3 X 5 FT,1,$79.00,HANDMADE CHINDI COTTON-JUTE-NR-83-3 X 5 FT,57050039,,,,,,,15-Jul-2026,16-Jul-2026,
,TOP URGENT,TOP URGENT,RF-13058,AMAZON,112-3155524-0585049,Donna,,13-Jul-2026,1,COTTON DHURRIE,4 X 6 FT,Yes,18-Jul-2026,DISPATCHED,,21-Jul-2026,HGD-132,Dispatch,,Donna Waldron,1100 PINE PL APT 321,,MIAMI,OK,74354-3253,United States,1 412-532-4665 ext. 41266,,CUSTOMER,HETALLS GLOBAL PRIVATE LIMITED,Individual,Consumer,COTTON DHURRIE-HGD-132,4 X 6 FT,1,$124.00,HANDMADE COTTON DHURRIE-HGD-132-4 X 6 FT,57050024,,,,,,,,20-Jul-2026,
,TOP URGENT,TOP URGENT,RF-13059-1/2,AMAZON,114-6182512-9821818,JJ ,,13-Jul-2026,1,WOOL JUTE,2.5 X 4 FT ,Yes,27-Jul-2026,DISPATCHED,,27-Jul-2026,WJRH-12A,Dispatch,,JJ Smith,532 MALWOOD DR,,GREENVILLE,MS,38701-7738,United States,1 929-436-4790 ext. 45680,,CUSTOMER,HETALLS GLOBAL PRIVATE LIMITED,Individual,Consumer,WOOL JUTE-WJRH-12A,2.5 X 4 FT ,1,$95.20,HANDMADE WOOL JUTE-WJRH-12A-2.5 X 4 FT ,57050039,,,,,,,25-Jul-2026,27-Jul-2026,
,TOP URGENT,TOP URGENT,RF-13059-2/2,AMAZON,114-6182512-9821818,JJ ,,13-Jul-2026,1,WOOL JUTE,2.5 X 6 FT ,Yes,27-Jul-2026,DISPATCHED,,27-Jul-2026,WJRH-12A,Dispatch,,JJ Smith,532 MALWOOD DR,,GREENVILLE,MS,38701-7738,United States,1 929-436-4790 ext. 45680,,CUSTOMER,HETALLS GLOBAL PRIVATE LIMITED,Individual,Consumer,WOOL JUTE-WJRH-12A,2.5 X 6 FT ,1,$143.20,HANDMADE WOOL JUTE-WJRH-12A-2.5 X 6 FT ,57050039,,,,,,,25-Jul-2026,27-Jul-2026,
,TOP URGENT,TOP URGENT,RF-13060,AMAZON,112-4726773-4204246,Marie,,13-Jul-2026,1,WOOL JUTE,5 X 7 FT,Yes,27-Jul-2026,DISPATCHED,,29-Jul-2026,WJRH-13,Dispatch,,Marie M Robbins,403 S Main st H202,,Doylestown,Pa,18901,United States,1 210-728-4548 ext. 75190,,CUSTOMER,HETALLS GLOBAL PRIVATE LIMITED,Individual,Consumer,WOOL JUTE-WJRH-13,5 X 7 FT,1,$207.00,HANDMADE WOOL JUTE-WJRH-13-5 X 7 FT,57050039,,,,,,,28-Jul-2026,29-Jul-2026,
,TOP URGENT,TOP URGENT,RF-13061,AMAZON,701-0135256-5100231,Geneviève,,13-Jul-2026,1,JUTE DHURRIE,4 X 7 FT,No,20-Jul-2026,DISPATCHED,,17-Jul-2026,VI-20,Dispatch,,Geneviève Chartier,425 rue de la Colombiere Est,,Quebec,Quebec,G1J 1E2,Canada,418 717 9276,,CUSTOMER,HETALLS GLOBAL PRIVATE LIMITED,Individual,Consumer,JUTE DHURRIE-VI-20,4 X 7 FT,1,$144.04,HANDMADE JUTE DHURRIE-VI-20-4 X 7 FT,57050039,,,,,,,15-Jul-2026,,
Buyer National Id: MAJF9701169Q5,TOP URGENT,TOP URGENT,RF-13062,AMAZON,702-0027981-5373018,Federico ,,13-Jul-2026,1,COTTON DHURRIE,5 X 10 FT,Yes,18-Jul-2026,DISPATCHED,,21-Jul-2026,HGD-161B,Dispatch,,Federico Martineck,Avenida Insurgentes Sur 3493 Edificio 27 departamento 702,VILLA OLIMPICA,CIUDAD DE MEXICO,CIUDAD DE MEXICO ,14020,Mexico,5531070952,,CUSTOMER,HETALLS GLOBAL PRIVATE LIMITED,Individual,Consumer,COTTON DHURRIE-HGD-161B,5 X 10 FT,1,$341.09,HANDMADE COTTON DHURRIE-HGD-161B-5 X 10 FT,57050024,,,,,,,,21-Jul-2026,
,TOP URGENT,TOP URGENT,RF-13063,AMAZON,111-9763732-8148248,Kari,,13-Jul-2026,1,JUTE DHURRIE,2.6 X 4 FT,No,20-Jul-2026,DISPATCHED,,18-Jul-2026,VI-24B,Dispatch,,Kari L Zapolski,1339 OUTER DR W,,TRAVERSE CITY,MI ,49685-8852,United States,1 415-419-8616 ext. 39319,,CUSTOMER,HETALLS GLOBAL PRIVATE LIMITED,Individual,Consumer,JUTE DHURRIE-VI-24B,2.6 X 4 FT,1,$64.00,HANDMADE JUTE DHURRIE-VI-24B-2.6 X 4 FT,57050039,,,,,,,17-Jul-2026,18-Jul-2026,
IOSS VAT identification number:  IM4420001405,TOP URGENT,TOP URGENT,RF-13064,AMAZON,305-6952391-0576357,Kristina,,13-Jul-2026,1,JUTE DHURRIE,2.6 X 4 FT,No,20-Jul-2026,DISPATCHED,,18-Jul-2026,NR-185G,Dispatch,,Kristina Geisler,Gartenstraße 1d,,Beeskow,Brandenburg,15848,Germany,03366 24994,,CUSTOMER,HETALLS GLOBAL PRIVATE LIMITED,Individual,Consumer,JUTE DHURRIE-NR-185G,2.6 X 4 FT,1,$134.47,HANDMADE JUTE DHURRIE-NR-185G-2.6 X 4 FT,57050039,,,,,,,17-Jul-2026,18-Jul-2026,
,,,RF-13065,WALMART,200015150557499,Lisa Kaplan,,13-Jul-2026,1,COTTON DHURRIE,3 X 10 FT,Yes,18-Jul-2026,DISPATCHED,,21-Jul-2026,STK-13C,Dispatch,,Lisa Kaplan,4306 Arkansas," Ave NW, Apt 303","Washington,",DC,"Washington,","Washington,",301 455-0646,limelightgraphics@gmail.com,CUSTOMER,HETALLS GLOBAL PRIVATE LIMITED,Individual,Consumer,COTTON DHURRIE-STK-13C,3 X 10 FT,1,$224.25,HANDMADE COTTON DHURRIE-STK-13C-3 X 10 FT,57050024,,,,,,,,21-Jul-2026,
,,"Etsy’s UK VAT number, 370 6004 28",RF-13066,ETSY-CASAVANI,4114654150,Matteo ,,14-Jul-2026,1,COTTON DHURRIE,2 X 20 FT,No,17-Jul-2026,DISPATCHED,,21-Jul-2026,HGD-161A,Dispatch,,"
Matteo lavarello",90 Setchell way,,london,,SE1 5XS,United Kingdom,,matteolavarello77@gmail.com,CUSTOMER,HETALLS GLOBAL PRIVATE LIMITED,Individual,Consumer,COTTON DHURRIE-HGD-161A,2 X 20 FT,1,$169.00,HANDMADE COTTON DHURRIE-HGD-161A-2 X 20 FT,57050024,,,,,,,,21-Jul-2026,
,,,RF-13067,ETSY-CASAVANI,4114986238,Mark Burdett,,14-Jul-2026,1,COTTON DHURRIE,5 X 7 FT,Yes,18-Jul-2026,DISPATCHED,,20-Jul-2026,HP-281,Dispatch,,Mark Burdett,26 Spring Hill Drive,,West Orange,NJ,07052-2420,United States,6464689404,jmarkburdett@aol.com,CUSTOMER,HETALLS GLOBAL PRIVATE LIMITED,Individual,Consumer,COTTON DHURRIE-HP-281,5 X 7 FT,1,$172.25,HANDMADE COTTON DHURRIE-HP-281-5 X 7 FT,57050024,,,,,,,,20-Jul-2026,
,,"Etsy's IOSS number, IM3720000224",RF-13068,ETSY-CASAVANI,4115016158,Rolf,,14-Jul-2026,1,COTTON DHURRIE,2 X 8 FT,Yes,18-Jul-2026,DISPATCHED,,18-Jul-2026,STK-26B,Dispatch,,Rolf Bastiaanssen,Carrer de Casp 118,,Barcelona,Barcelona,8013,Spain,34 622 21 16 61,rolfbastiaanssen@hotmail.com,CUSTOMER,HETALLS GLOBAL PRIVATE LIMITED,Individual,Consumer,COTTON DHURRIE-STK-26B,2 X 8 FT,1,$84.50,HANDMADE COTTON DHURRIE-STK-26B-2 X 8 FT,57050024,,,,,,,,18-Jul-2026,
,,,RF-13069,ETSY-RUGSFOREVER,4114738498,jyl murray,,14-Jul-2026,1,CHINDI-COTTON,2.6 X 8 FT,No,18-Jul-2026,DISPATCHED,,21-Jul-2026,NR-200,Dispatch,,jyl murray,5836 Corrales Rd,,"corrales,",NM,87048,United States,,jylsnm@gmail.com,CUSTOMER,HETALLS GLOBAL PRIVATE LIMITED,Individual,Consumer,CHINDI-COTTON-NR-200,2.6 X 8 FT,1,$83.40,HANDMADE CHINDI-COTTON-NR-200-2.6 X 8 FT,57050024,,,,,,,21-Jul-2026,21-Jul-2026,
,,,RF-13070,ETSY-RUGSFOREVER,4114782006,Jennifer Lee Snyder,,14-Jul-2026,1,JUTE DHURRIE,3 X 5 FT,No,20-Jul-2026,DISPATCHED,,22-Jul-2026,NR-72,Dispatch,,Jennifer Lee Snyder,1706 E 34th St,SAVANNAH GA USA,Savannah,GA ,31404-2932,United States,14302806086,jennyleesnyder@yahoo.com,CUSTOMER,HETALLS GLOBAL PRIVATE LIMITED,Individual,Consumer,JUTE DHURRIE-NR-72,3 X 5 FT,1,$80.60,HANDMADE JUTE DHURRIE-NR-72-3 X 5 FT,57050039,,,,,,,21-Jul-2026,22-Jul-2026,
,TOP URGENT,TOP URGENT,RF-13071,AMAZON,112-5125941-7845060,Gerard,,14-Jul-2026,1,COTTON DHURRIE,3 X 5 FT,Yes,20-Jul-2026,DISPATCHED,,22-Jul-2026,HGD-129,Dispatch,,Gerard Barba,101 CAPE FLORIDA DR,,KEY BISCAYNE, FL,33149-2708,United States,1 929-436-4790 ext. 60175,,CUSTOMER,HETALLS GLOBAL PRIVATE LIMITED,Individual,Consumer,COTTON DHURRIE-HGD-129,3 X 5 FT,1,$79.00,HANDMADE COTTON DHURRIE-HGD-129-3 X 5 FT,57050024,,,,,,,,22-Jul-2026,
,TOP URGENT,TOP URGENT,RF-13072,AMAZON,114-4853900-3641010,amanda,,14-Jul-2026,1,JUTE DHURRIE,4 X 7 FT,No,20-Jul-2026,DISPATCHED,,20-Jul-2026,VI-24B,Dispatch,,amanda bahr,8019 SWEETGRASS CT,,WILMINGTON,NC,28412-3608,United States,1 415-851-9136 ext. 24112,,CUSTOMER,HETALLS GLOBAL PRIVATE LIMITED,Individual,Consumer,JUTE DHURRIE-VI-24B,4 X 7 FT,1,$144.00,HANDMADE JUTE DHURRIE-VI-24B-4 X 7 FT,57050039,,,,,,,17-Jul-2026,20-Jul-2026,
,TOP URGENT,TOP URGENT,RF-13073,AMAZON,112-7327650-9368217,Ali,,14-Jul-2026,1,JUTE DHURRIE,3 X 5 FT,No,20-Jul-2026,DISPATCHED,,17-Jul-2026,NR-30,Dispatch,,Ali Harrington,22 BELLEVUE DR,,TREASURE ISLAND,FL ,33706-1201,United States,1 619-854-2705 ext. 13632,,CUSTOMER,HETALLS GLOBAL PRIVATE LIMITED,Individual,Consumer,JUTE DHURRIE-NR-30,3 X 5 FT,1,$71.10,HANDMADE JUTE DHURRIE-NR-30-3 X 5 FT,57050039,,,,,,,15-Jul-2026,17-Jul-2026,
,TOP URGENT,TOP URGENT,RF-13074,AMAZON,111-0202643-2608265,Andrea,,14-Jul-2026,1,COTTON DHURRIE,2.6 X 8 FT,Yes,20-Jul-2026,DISPATCHED,,21-Jul-2026,STK-47,Dispatch,,Andrea Silva Curet,1210 WATERFALL DR,,JACKSONVILLE,FL,32225-6819,United States,1 415-419-8616 ext. 98050,,CUSTOMER,HETALLS GLOBAL PRIVATE LIMITED,Individual,Consumer,COTTON DHURRIE-STK-47,2.6 X 8 FT,1,$86.40,HANDMADE COTTON DHURRIE-STK-47-2.6 X 8 FT,57050024,,,,,,,,20-Jul-2026,
,TOP URGENT,TOP URGENT,RF-13075-1/2,AMAZON,111-4094755-2214600,Traci,,14-Jul-2026,1,WOOL JUTE,3 X 15 FT,Yes,28-Jul-2026,DISPATCHED,,29-Jul-2026,WJRH-21,Dispatch,,Traci Needles,24385 MILLION RD,,CORNING,CA,96021-9644,United States,1 929-436-4790 ext. 94818,,CUSTOMER,HETALLS GLOBAL PRIVATE LIMITED,Individual,Consumer,WOOL JUTE-WJRH-21,3 X 15 FT,1,$234.40,HANDMADE WOOL JUTE-WJRH-21-3 X 15 FT,57050039,,,,,,,24-Jul-2026,29-Jul-2026,
,TOP URGENT,TOP URGENT,RF-13075-2/2,AMAZON,111-4094755-2214600,Traci,,14-Jul-2026,1,WOOL JUTE,9 X 12 FT,Yes,28-Jul-2026,DISPATCHED,,29-Jul-2026,HW-58,Dispatch,,Traci Needles,24385 MILLION RD,,CORNING,CA ,96021-9644,United States,1 929-436-4790 ext. 94818,,CUSTOMER,HETALLS GLOBAL PRIVATE LIMITED,Individual,Consumer,WOOL JUTE-HW-58,9 X 12 FT,1,$595.20,HANDMADE WOOL JUTE-HW-58-9 X 12 FT,57050039,,,,,,,27-Jul-2026,29-Jul-2026,
,TOP URGENT,TOP URGENT,RF-13076,AMAZON,702-8608040-4275407,Angelo,,14-Jul-2026,1,JUTE DHURRIE,4 X 7 FT,No,20-Jul-2026,DISPATCHED,,21-Jul-2026,NR-108,Dispatch,,Angelo Minier,3341 Dent Cr,,Prince Albert,Sk,S6V 7G9,Canada,3069610612,,CUSTOMER,HETALLS GLOBAL PRIVATE LIMITED,Individual,Consumer,JUTE DHURRIE-NR-108,4 X 7 FT,1,$165.57,HANDMADE JUTE DHURRIE-NR-108-4 X 7 FT,57050039,,,,,,,21-Jul-2026,21-Jul-2026,
,TOP URGENT,TOP URGENT,RF-13077,AMAZON,026-1101508-8191556,Luke,,14-Jul-2026,1,JUTE DHURRIE,4 X 8 FT,No,20-Jul-2026,DISPATCHED,,20-Jul-2026,VI-78A,Dispatch,,Luke bunton,"3 THE HAMLET
LOWER ROAD",,MOUNTNESSING,,CM15 0TR,United Kingdom,447701091719,,CUSTOMER,HETALLS GLOBAL PRIVATE LIMITED,Individual,Consumer,JUTE DHURRIE-VI-78A,4 X 8 FT,1,$227.11,HANDMADE JUTE DHURRIE-VI-78A-4 X 8 FT,57050039,,,,,,,17-Jul-2026,20-Jul-2026,
,TOP URGENT,TOP URGENT,RF-13078,AMAZON,026-8675656-8537949,Alison,,14-Jul-2026,1,JUTE DHURRIE,2 X 3 FT,No,20-Jul-2026,DISPATCHED,,18-Jul-2026,NR-89,Dispatch,,Alison Conner,"34 Linnet Green
Ridgewood
UCKFIELD",,E Sussex,,TN22 5YD,United Kingdom,01825 769060,,CUSTOMER,HETALLS GLOBAL PRIVATE LIMITED,Individual,Consumer,JUTE DHURRIE-NR-89,2 X 3 FT,1,$72.37,HANDMADE JUTE DHURRIE-NR-89-2 X 3 FT,57050039,,,,,,,17-Jul-2026,18-Jul-2026,
,,SET OF-12,RF-13079,ETSY-RUGSFOREVER,4115391152,Brooke Baker,,14-Jul-2026,1,JUTE DHURRIE,8 X 29 Inch,No,20-Jul-2026,DISPATCHED,,21-Jul-2026,NR-1100F,Dispatch,,Brooke Baker,632 Clinton Ave,,Grand Haven,MI,49417-1429,United States,(717) 715-2715,mbaker346@verizon.net,CUSTOMER,HETALLS GLOBAL PRIVATE LIMITED,Individual,Consumer,JUTE DHURRIE-NR-1100F,8 X 29 Inch,1,$134.55,HANDMADE JUTE DHURRIE-NR-1100F-8 X 29 Inch,57050039,,,,,,,21-Jul-2026,21-Jul-2026,
,TOP URGENT,TOP URGENT,RF-13080,AMAZON,402-0360996-4310758,aline,,14-Jul-2026,1,JUTE DHURRIE,4 FT ROUND,No,20-Jul-2026,DISPATCHED,,24-Jul-2026,NR-123H,Dispatch,,aline allard,3 Route de la Besse,,Celon,,36200,France,33749877186,,CUSTOMER,HETALLS GLOBAL PRIVATE LIMITED,Individual,Consumer,JUTE DHURRIE-NR-123H,4 FT ROUND,1,$112.55,HANDMADE JUTE DHURRIE-NR-123H-4 FT ROUND,57050039,,,,,,,21-Jul-2026,23-Jul-2026,
,TOP URGENT,TOP URGENT,RF-13081,AMAZON,302-7939495-0985916,Kerstin,,14-Jul-2026,1,COTTON DHURRIE,3 X 3 FT,No,20-Jul-2026,DISPATCHED,,21-Jul-2026,MR-07,Dispatch,,Kerstin May,Nordstraße 9,,Drehfeld,,9629,Germany,15256107911,,CUSTOMER,HETALLS GLOBAL PRIVATE LIMITED,Individual,Consumer,COTTON DHURRIE-MR-07,3 X 3 FT,1,$63.35,HANDMADE COTTON DHURRIE-MR-07-3 X 3 FT,57050024,,,,,,,,21-Jul-2026,
,TOP URGENT,TOP URGENT,RF-13082-1/2,AMAZON,113-3779192-5790667,Therese,,14-Jul-2026,1,COTTON DHURRIE,2 X 14 FT,No,20-Jul-2026,DISPATCHED,,21-Jul-2026,STK-26O,Dispatch,,Therese,440 E MAIN ST,,HENDERSONVILLE,TN ,37075-2677,United States,1 412-532-4665 ext. 21518,,CUSTOMER,HETALLS GLOBAL PRIVATE LIMITED,Individual,Consumer,COTTON DHURRIE-STK-26O,2 X 14 FT,1,$145.60,HANDMADE COTTON DHURRIE-STK-26O-2 X 14 FT,57050024,,,,,,,,21-Jul-2026,
,TOP URGENT,TOP URGENT,RF-13082-2/2,AMAZON,113-3779192-5790667,Therese,,14-Jul-2026,1,COTTON DHURRIE,2 X 10 FT,No,20-Jul-2026,DISPATCHED,,21-Jul-2026,STK-26O,Dispatch,,Therese,440 E MAIN ST,,HENDERSONVILLE,TN ,37075-2677,United States,1 412-532-4665 ext. 21518,,CUSTOMER,HETALLS GLOBAL PRIVATE LIMITED,Individual,Consumer,COTTON DHURRIE-STK-26O,2 X 10 FT,1,$112.00,HANDMADE COTTON DHURRIE-STK-26O-2 X 10 FT,57050024,,,,,,,,21-Jul-2026,
,," IOSS number, IM3720000224",RF-13083,ETSY-CASAVANI,4116610511,Verena Griller,,15-Jul-2026,1,COTTON DHURRIE,3 X 5 FT,Yes,18-Jul-2026,DISPATCHED,,23-Jul-2026,HP-237,Dispatch,,Verena Griller,Pointengasse 8/17,, Wien, Wien,1170,Austria,,verenagriller@yahoo.de,CUSTOMER,HETALLS GLOBAL PRIVATE LIMITED,Individual,Consumer,COTTON DHURRIE-HP-237,3 X 5 FT,1,$64.35,HANDMADE COTTON DHURRIE-HP-237-3 X 5 FT,57050024,,,,,,,,22-Jul-2026,
,TOP URGENT,TOP URGENT,RF-13084,AMAZON,112-1461737-3909013,Phallyhout,,15-Jul-2026,2,COTTON DHURRIE,2.6 X 12 FT,No,21-Jul-2026,DISPATCHED,,22-Jul-2026,HP-259,Dispatch,,Tevi Salgado,10400 HAMLIN DR,,CHESTER,VA ,23831-1156,United States,1 763-225-9463 ext. 94858,,CUSTOMER,HETALLS GLOBAL PRIVATE LIMITED,Individual,Consumer,COTTON DHURRIE-HP-259,2.6 X 12 FT,2,$318.40,HANDMADE COTTON DHURRIE-HP-259-2.6 X 12 FT,57050024,,,,,,,,22-Jul-2026,
,TOP URGENT,TOP URGENT,RF-13085,AMAZON,113-0740553-4702611,Renee,,15-Jul-2026,1,COTTON DHURRIE,4 X 6 FT,Yes,21-Jul-2026,DISPATCHED,,21-Jul-2026,JHGD-02A,JHGD-02A,,Renee McOwen,345 HICKORY RIDGE RD,,PUTNEY,VT, 05346-8932,United States,1 213-442-1463 ext. 34996,,CUSTOMER,HETALLS GLOBAL PRIVATE LIMITED,Individual,Consumer,COTTON DHURRIE-JHGD-02A,4 X 6 FT,1,$89.00,HANDMADE COTTON DHURRIE-JHGD-02A-4 X 6 FT,57050024,,,,,,,,21-Jul-2026,
,,,RF-13086,ETSY-CASAVANI,4115423824,Carly Roth,,15-Jul-2026,1,COTTON DHURRIE,2 X 10 FT,No,21-Jul-2026,DISPATCHED,,21-Jul-2026,STK-26B,Dispatch,,Carly Roth,4725 n Marlborough Drive,,"Whitefish Bay,",WI ,53211,United States,,cpmiller23@gmail.com,CUSTOMER,HETALLS GLOBAL PRIVATE LIMITED,Individual,Consumer,COTTON DHURRIE-STK-26B,2 X 10 FT,1,$104.65,HANDMADE COTTON DHURRIE-STK-26B-2 X 10 FT,57050024,,,,,,,,21-Jul-2026,
,,,RF-13087,ETSY-RUGSFOREVER,4115509070,Joan Cloetingh,,15-Jul-2026,1,CHINDI-COTTON,4 X 6 FT,No,21-Jul-2026,DISPATCHED,,18-Jul-2026,NR-157,Dispatch,,"Joan Cloetingh","337 Applebrook Drive",,Malvern,PA ,19355,United States,(610) 220-8840,joanienb55@gmail.com,CUSTOMER,HETALLS GLOBAL PRIVATE LIMITED,Individual,Consumer,CHINDI-COTTON-NR-157,4 X 6 FT,1,$117.00,HANDMADE CHINDI-COTTON-NR-157-4 X 6 FT,57050024,,,,IN STOCK,,,,18-Jul-2026,
,,SET OF 13 PCS,RF-13088,ETSY-RUGSFOREVER,4117107007,Karla Mitton,,15-Jul-2026,1,CHINDI-COTTON,8 X 28 Inch,No,21-Jul-2026,DISPATCHED,,28-Jul-2026,NR-1100B,Dispatch,,Karla Mitton,11860 bates dr,,Morpeth ,ON ,N0P 1X0,Canada,,karla.goldhawk@gmail.com,CUSTOMER,HETALLS GLOBAL PRIVATE LIMITED,Individual,Consumer,CHINDI-COTTON-NR-1100B,8 X 28 Inch,1,$136.50,HANDMADE CHINDI-COTTON-NR-1100B-8 X 28 Inch,57050024,,,,,,,27-Jul-2026,27-Jul-2026,
,,,RF-13089,ETSY-RUGSFOREVER,4116099224,Jones Leaver,,15-Jul-2026,1,CHINDI COTTON-JUTE,2 X 3 FT,No,21-Jul-2026,DISPATCHED,,21-Jul-2026,HW-65,Dispatch,,Jones Leaver,685 SE Belmont St,APT 207,Portland,OR ,97214,United States,,jonesleaver@protonmail.com,CUSTOMER,HETALLS GLOBAL PRIVATE LIMITED,Individual,Consumer,CHINDI COTTON-JUTE-HW-65,2 X 3 FT,1,$57.20,HANDMADE CHINDI COTTON-JUTE-HW-65-2 X 3 FT,57050039,,,,,,,17-Jul-2026,20-Jul-2026,
,TOP URGENT,TOP URGENT,RF-13090,AMAZON,111-6274103-9501062,nate,,15-Jul-2026,1,COTTON DHURRIE,3 X 5 FT,Yes,21-Jul-2026,DISPATCHED,,22-Jul-2026,HGD-129,Dispatch,,nate smith,141 TIMBERVIEW LN,,COHASSET,MA,02025-1251,United States,1 210-728-4548 ext. 03391,,CUSTOMER,HETALLS GLOBAL PRIVATE LIMITED,Individual,Consumer,COTTON DHURRIE-HGD-129,3 X 5 FT,1,$79.00,HANDMADE COTTON DHURRIE-HGD-129-3 X 5 FT,57050024,,,,,,,,22-Jul-2026,
,TOP URGENT,TOP URGENT,RF-13091,AMAZON,112-9764875-6016238,Sarah,,15-Jul-2026,1,COTTON DHURRIE,2.6 X 20 FT,Yes,21-Jul-2026,DISPATCHED,,21-Jul-2026,HP-67B,Dispatch,,Sarah Clark,105 Mountain View Heights,,Stuart,VA,24171,United States,1 412-532-4665 ext. 59236,,CUSTOMER,HETALLS GLOBAL PRIVATE LIMITED,Individual,Consumer,COTTON DHURRIE-HP-67B,2.6 X 20 FT,1,$338.00,HANDMADE COTTON DHURRIE-HP-67B-2.6 X 20 FT,57050024,,,,,,,,21-Jul-2026,
,TOP URGENT,TOP URGENT,RF-13092,AMAZON,702-0420508-4332266,Leanne,,15-Jul-2026,1,JUTE DHURRIE,3 X 3 FT,No,22-Jul-2026,DISPATCHED,,20-Jul-2026,NR-99,Dispatch,,Leanne Johnson,1752 Graveley Street,,Vancouver,British Columbia,V5L 3B1,Canada,6047648514,,CUSTOMER,HETALLS GLOBAL PRIVATE LIMITED,Individual,Consumer,JUTE DHURRIE-NR-99,3 X 3 FT,1,$86.13,HANDMADE JUTE DHURRIE-NR-99-3 X 3 FT,57050039,,,,,,,17-Jul-2026,18-Jul-2026,
,TOP URGENT,TOP URGENT,RF-13093,AMAZON,112-2694280-1688237,Darren,,15-Jul-2026,1,JUTE DHURRIE,2 X 3 FT,No,22-Jul-2026,DISPATCHED,,21-Jul-2026, NR-431,Dispatch,,Darren Sieger,9140 TALWAY CIR,,"BOYNTON BEACH,", FL,33472-2708,United States,1 415-851-9136 ext. 81627,,CUSTOMER,HETALLS GLOBAL PRIVATE LIMITED,Individual,Consumer,JUTE DHURRIE- NR-431,2 X 3 FT,1,$52.00,HANDMADE JUTE DHURRIE- NR-431-2 X 3 FT,57050039,,,,,,,21-Jul-2026,21-Jul-2026,
,TOP URGENT,TOP URGENT,RF-13094,AMAZON,113-0406860-1712265,Terence,,15-Jul-2026,1,COTTON DHURRIE,4 X 4 FT,Yes,21-Jul-2026,DISPATCHED,,24-Jul-2026,STK-39,Dispatch,,Terence Lynch,4024 KESSLER AVE APT 1802,,GARDEN CITY,GA,31408-2692,United States,1 415-419-8616 ext. 75277,,CUSTOMER,HETALLS GLOBAL PRIVATE LIMITED,Individual,Consumer,COTTON DHURRIE-STK-39,4 X 4 FT,1,$88.00,HANDMADE COTTON DHURRIE-STK-39-4 X 4 FT,57050024,,,,,,,,23-Jul-2026,
,TOP URGENT,TOP URGENT,RF-13095,AMAZON,113-7413691-7637051,kerran,,15-Jul-2026,1,WOOL JUTE,10 X 16 FT,Yes,29-Jul-2026,DISPATCHED,,31-Jul-2026,WJRH-13,Dispatch,,LSL BRANDS KT,4140 SKYRON DR,,DOYLESTOWN,PA ,18902-1124,United States,1 415-419-8616 ext. 90780,,CUSTOMER,HETALLS GLOBAL PRIVATE LIMITED,Individual,Consumer,WOOL JUTE-WJRH-13,10 X 16 FT,1,$999.00,HANDMADE WOOL JUTE-WJRH-13-10 X 16 FT,57050039,,,,,,,31-Jul-2026,31-Jul-2026,
,TOP URGENT,TOP URGENT,RF-13096,AMAZON,114-2870505-6552222,Shauna ,,15-Jul-2026,1,JUTE DHURRIE,3 X 5 FT,No,22-Jul-2026,DISPATCHED,,20-Jul-2026,NR-30,Dispatch,,Shauna Carpenter,8241 S SHANGRILA CIR,,SANDY,UT,84094-1322,United States,1 207-835-4259 ext. 52857,,CUSTOMER,HETALLS GLOBAL PRIVATE LIMITED,Individual,Consumer,JUTE DHURRIE-NR-30,3 X 5 FT,1,$71.10,HANDMADE JUTE DHURRIE-NR-30-3 X 5 FT,57050039,,,,,,,17-Jul-2026,20-Jul-2026,
,TOP URGENT,TOP URGENT,RF-13097,AMAZON,204-4628555-6113108,Emma,,15-Jul-2026,1,JUTE DHURRIE,2.6 X 4 FT,No,22-Jul-2026,DISPATCHED,,20-Jul-2026,VI-25,Dispatch,,Mrs E Strong,Bay Tree House,La Rue des Fouonnaise,St. Ouen,,JE3 2GH,United Kingdom,7797767760,,CUSTOMER,HETALLS GLOBAL PRIVATE LIMITED,Individual,Consumer,JUTE DHURRIE-VI-25,2.6 X 4 FT,1,$51.41,HANDMADE JUTE DHURRIE-VI-25-2.6 X 4 FT,57050039,,,,,,,17-Jul-2026,18-Jul-2026,
,,,RF-13098,JAYPOR,"89059150
41532",,,14-Jul-2026,1,COTTON DHURRIE,2.5 X 4 FT ,,20-Jul-2026,DISPATCHED,,23-Jul-2026,HP-25R,Dispatch,,,"Plot No. 19,","19,Sector-140,",NOIDA,Uttar Pradesh,201305,INDIA,,jaypore-procurement@abfrl.adityabirla.com ,CUSTOMER,HETALLS GLOBAL PRIVATE LIMITED,Individual,Consumer,COTTON DHURRIE-HP-25R,2.5 X 4 FT ,1,$13.50,HANDMADE COTTON DHURRIE-HP-25R-2.5 X 4 FT ,57050024,,,,,,,,,
,,,RF-13099,ETSY-RUGSFOREVER,4117915961,John C Sapienza,,16-Jul-2026,1,JUTE DHURRIE,4 X 6 FT,No,23-Jul-2026,DISPATCHED,,18-Jul-2026,NR-1086,Dispatch,,John C Sapienza,2014 Via Mariposa W,Unit Q,Laguna Woods,CA,92637-2201,United States,,johnsapienza@gmail.com,CUSTOMER,HETALLS GLOBAL PRIVATE LIMITED,Individual,Consumer,JUTE DHURRIE-NR-1086,4 X 6 FT,1,$169.00,HANDMADE JUTE DHURRIE-NR-1086-4 X 6 FT,57050039,,,,IN STOCK,,,,18-Jul-2026,
,TOP URGENT,TOP URGENT,RF-13100,AMAZON,114-1005571-9450603,Katherine,,16-Jul-2026,1,COTTON DHURRIE,2.6 X 4 FT,Yes,21-Jul-2026,DISPATCHED,,25-Jul-2026,HP-105,Dispatch,,Katherine t Sanchez,4900 SW 90th Way,,"cooper city,",FL,33328,United States,1 602-671-6610 ext. 42964,,CUSTOMER,HETALLS GLOBAL PRIVATE LIMITED,Individual,Consumer,COTTON DHURRIE-HP-105,2.6 X 4 FT,1,$64.00,HANDMADE COTTON DHURRIE-HP-105-2.6 X 4 FT,57050024,,,,,,,,24-Jul-2026,
,TOP URGENT,TOP URGENT,RF-13101,AMAZON,111-2563481-8249812,Alli,,16-Jul-2026,1,COTTON DHURRIE,10 X 16 FT,Yes,21-Jul-2026,DISPATCHED,,28-Jul-2026,STK-47,Dispatch,,Alli Hanes,9275 WALDREP ST,,PORT CHARLOTTE,FL,33981-2913,United States,1 763-225-9463 ext. 01389,,CUSTOMER,HETALLS GLOBAL PRIVATE LIMITED,Individual,Consumer,COTTON DHURRIE-STK-47,10 X 16 FT,1,$799.00,HANDMADE COTTON DHURRIE-STK-47-10 X 16 FT,57050024,,,,,,,,28-Jul-2026,
,TOP URGENT,TOP URGENT,RF-13102,AMAZON,113-4380145-0510637,Joel,,16-Jul-2026,1,WOOL JUTE,2 X 3 FT,Yes,30-Jul-2026,DISPATCHED,,20-Jul-2026,WJRH-21,Dispatch,,Joel Rodas,220 CLARKE MOUNTAIN LN,,ANTONITO,CO,81120-9327,United States,1 347-448-3190 ext. 21607,,CUSTOMER,HETALLS GLOBAL PRIVATE LIMITED,Individual,Consumer,WOOL JUTE-WJRH-21,2 X 3 FT,1,$72.00,HANDMADE WOOL JUTE-WJRH-21-2 X 3 FT,57050039,,,,IN STOCK,,,,18-Jul-2026,
,TOP URGENT,TOP URGENT,RF-13103,AMAZON,112-4846538-6005023,Kyle,,16-Jul-2026,1,COTTON DHURRIE,2 X 14 FT,No,21-Jul-2026,DISPATCHED,,21-Jul-2026,HP-85B,Dispatch,,Kyle Barton,4420 LA PORTALADA DR,,CARLSBAD,CA,92010-2809,United States,1 929-436-4790 ext. 15525,,CUSTOMER,HETALLS GLOBAL PRIVATE LIMITED,Individual,Consumer,COTTON DHURRIE-HP-85B,2 X 14 FT,1,$182.00,HANDMADE COTTON DHURRIE-HP-85B-2 X 14 FT,57050024,,,,,,,,21-Jul-2026,
,TOP URGENT,TOP URGENT,RF-13104,AMAZON,114-3446291-8600202,Jama,,16-Jul-2026,1,JUTE DHURRIE,4 X 4 FT,No,22-Jul-2026,DISPATCHED,,21-Jul-2026,NR-152,Dispatch,,maia wantz,17208 HOMESTEAD HAVEN DR,,AUSTIN,TX,78738-5077,United States,1 412-532-4665 ext. 30293,,CUSTOMER,HETALLS GLOBAL PRIVATE LIMITED,Individual,Consumer,JUTE DHURRIE-NR-152,4 X 4 FT,1,$88.00,HANDMADE JUTE DHURRIE-NR-152-4 X 4 FT,57050039,,,,,,,21-Jul-2026,21-Jul-2026,
,TOP URGENT,TOP URGENT,RF-13105,AMAZON,112-9095324-1773029,	Emily,,16-Jul-2026,1,COTTON DHURRIE,3 X 10 FT,Yes,21-Jul-2026,DISPATCHED,,25-Jul-2026,JHGD-02A,Dispatch,,Aiya Camin,1408 N GEORGIA ST,,SILVER CITY,NM,88061-4432,United States,1 412-532-4665 ext. 31324,,CUSTOMER,HETALLS GLOBAL PRIVATE LIMITED,Individual,Consumer,COTTON DHURRIE-JHGD-02A,3 X 10 FT,1,$156.00,HANDMADE COTTON DHURRIE-JHGD-02A-3 X 10 FT,57050024,,,,,,,,25-Jul-2026,
,TOP URGENT,TOP URGENT,RF-13106,AMAZON,114-9522416-0751411,Kenya,,16-Jul-2026,1,JUTE DHURRIE,3 X 3 FT,No,22-Jul-2026,DISPATCHED,,21-Jul-2026,NR-25,Dispatch,,Kenya,330 E 3RD ST APT 1906,,LONG BEACH,CA,90802-3252,United States,1 929-436-4790 ext. 56770,,CUSTOMER,HETALLS GLOBAL PRIVATE LIMITED,Individual,Consumer,JUTE DHURRIE-NR-25,3 X 3 FT,1,$60.00,HANDMADE JUTE DHURRIE-NR-25-3 X 3 FT,57050039,,,,,,,21-Jul-2026,21-Jul-2026,
,TOP URGENT,TOP URGENT,RF-13107,AMAZON,114-4495561-0012234,Laura,,16-Jul-2026,1,COTTON DHURRIE,2 X 6 FT,Yes,21-Jul-2026,DISPATCHED,,22-Jul-2026,STK-26B,Dispatch,,Laura Paasch,7602 N 281ST AVE,,VALLEY,NE ,68064-8033,United States,1 929-436-4790 ext. 67579,,CUSTOMER,HETALLS GLOBAL PRIVATE LIMITED,Individual,Consumer,COTTON DHURRIE-STK-26B,2 X 6 FT,1,$77.00,HANDMADE COTTON DHURRIE-STK-26B-2 X 6 FT,57050024,,,,,,,,,
,TOP URGENT,TOP URGENT,RF-13108,AMAZON,404-4020217-4320326,Andrew,,16-Jul-2026,1,JUTE DHURRIE,2 X 3 FT,No,22-Jul-2026,DISPATCHED,,22-Jul-2026,NR-56F,Dispatch,,Andrew Bailey,2 Place de Jaffranet,,Cornebarrieu,,31700,France,33627819075,,CUSTOMER,HETALLS GLOBAL PRIVATE LIMITED,Individual,Consumer,JUTE DHURRIE-NR-56F,2 X 3 FT,1,$82.19,HANDMADE JUTE DHURRIE-NR-56F-2 X 3 FT,57050039,,,,,,,21-Jul-2026,22-Jul-2026,
,TOP URGENT,TOP URGENT,RF-13109,AMAZON,111-8118161-6254602,Michaela,,16-Jul-2026,1,COTTON DHURRIE,2.6 X 8 FT,Yes,21-Jul-2026,DISPATCHED,,24-Jul-2026,HGD-161,Dispatch,,Michaela Adams,2542 VILLA DR S APT 106,,FARGO,ND ,58103-3633,United States,1 207-835-4259 ext. 77831,,CUSTOMER,HETALLS GLOBAL PRIVATE LIMITED,Individual,Consumer,COTTON DHURRIE-HGD-161,2.6 X 8 FT,1,$96.00,HANDMADE COTTON DHURRIE-HGD-161-2.6 X 8 FT,57050024,,,,,,,,24-Jul-2026,
,,,RF-13110,ETSY-CASAVANI,4117200098,Christine Stern,,17-Jul-2026,1,COTTON DHURRIE,2 X 18 FT,No,20-Jul-2026,DISPATCHED,,25-Jul-2026,MR-23,Dispatch,,Christine Stern,43 Bay Rd,,Brookhaven,NY,11719-9798,United States, 856-261-0978,longchristine3@gmail.com,CUSTOMER,HETALLS GLOBAL PRIVATE LIMITED,Individual,Consumer,COTTON DHURRIE-MR-23,2 X 18 FT,1,$175.50,HANDMADE COTTON DHURRIE-MR-23-2 X 18 FT,57050024,,,,,,,,25-Jul-2026,
,,,RF-13111,ETSY-CASAVANI,4117374590,Stephani Dempsey,,17-Jul-2026,1,COTTON DHURRIE,2 X 3 FT,No,20-Jul-2026,DISPATCHED,,23-Jul-2026,HGD-161A,Dispatch,,Stephani Dempsey,515 Shoals Creek Church Road,,Easley,SC,29640,United States,(864)275-5940,stephani.dempsey@gmail.com,CUSTOMER,HETALLS GLOBAL PRIVATE LIMITED,Individual,Consumer,COTTON DHURRIE-HGD-161A,2 X 3 FT,1,$47.45,HANDMADE COTTON DHURRIE-HGD-161A-2 X 3 FT,57050024,,,,,,,,23-Jul-2026,
,TOP URGENT,TOP URGENT,RF-13112,AMAZON,112-1991692-6329060,Greta,,17-Jul-2026,1,COTTON DHURRIE,2.6 X 4 FT,Yes,21-Jul-2026,DISPATCHED,,23-Jul-2026,MR-13,Dispatch,,Greta Wimmer,1221 N DEARBORN ST APT 802S,,CHICAGO,IL,60610-2246,United States,1 412-532-4665 ext. 35067,,CUSTOMER,HETALLS GLOBAL PRIVATE LIMITED,Individual,Consumer,COTTON DHURRIE-MR-13,2.6 X 4 FT,1,$80.00,HANDMADE COTTON DHURRIE-MR-13-2.6 X 4 FT,57050024,,,,,,,,23-Jul-2026,
,TOP URGENT,TOP URGENT,RF-13113,AMAZON,113-8966859-1265801,April,,17-Jul-2026,1,COTTON DHURRIE,5 X 10 FT,Yes,21-Jul-2026,DISPATCHED,,25-Jul-2026,JHGD-02A,Dispatch,,April Pouchie,23050 TRACY AVE,,EUCLID,OH,44123-3274,United States,1 412-532-4665 ext. 92961,,CUSTOMER,HETALLS GLOBAL PRIVATE LIMITED,Individual,Consumer,COTTON DHURRIE-JHGD-02A,5 X 10 FT,1,$234.00,HANDMADE COTTON DHURRIE-JHGD-02A-5 X 10 FT,57050024,,,,,,,,25-Jul-2026,
,TOP URGENT,TOP URGENT,RF-13114,AMAZON,112-2640795-2827421,Aryeh,,17-Jul-2026,1,COTTON DHURRIE,6 X 8 FT,Yes,21-Jul-2026,DISPATCHED,,25-Jul-2026,JHGD-02A,Dispatch,,Arielle T,120 MAPLE AVE APT 2,,CEDARHURST,NY,11516-2238,United States,1 412-532-4665 ext. 88194,,CUSTOMER,HETALLS GLOBAL PRIVATE LIMITED,Individual,Consumer,COTTON DHURRIE-JHGD-02A,6 X 8 FT,1,$248.00,HANDMADE COTTON DHURRIE-JHGD-02A-6 X 8 FT,57050024,,,,,,,,25-Jul-2026,
,TOP URGENT,TOP URGENT,RF-13115,AMAZON,111-4872583-9010647,"natalia
",,17-Jul-2026,1,COTTON DHURRIE,2.6 X 10 FT,Yes,21-Jul-2026,DISPATCHED,,24-Jul-2026,HGD-161B,Dispatch,,natalia taylor,4409 CABLE ST,,BELLINGHAM,WA,98229-2542,United States,1 412-532-4665 ext. 70525,,CUSTOMER,HETALLS GLOBAL PRIVATE LIMITED,Individual,Consumer,COTTON DHURRIE-HGD-161B,2.6 X 10 FT,1,$121.50,HANDMADE COTTON DHURRIE-HGD-161B-2.6 X 10 FT,57050024,,,,,,,,24-Jul-2026,
,TOP URGENT,TOP URGENT,RF-13116,AMAZON,112-6135493-6913064,Mahasen,,17-Jul-2026,1,JUTE DHURRIE,3 X 3 FT,No,22-Jul-2026,DISPATCHED,,22-Jul-2026,NF-06,Dispatch,,Mahasen Suliman,3617 SWEETHORN CT,,FAIRFAX,VA,22033-1226,United States,1 929-436-4790 ext. 24733,,CUSTOMER,HETALLS GLOBAL PRIVATE LIMITED,Individual,Consumer,JUTE DHURRIE-NF-06,3 X 3 FT,1,$57.00,HANDMADE JUTE DHURRIE-NF-06-3 X 3 FT,57050039,,,,,,,21-Jul-2026,22-Jul-2026,
,TOP URGENT,TOP URGENT,RF-13117,AMAZON,111-9584416-2174646,Dorcas,,17-Jul-2026,1,COTTON DHURRIE,3 X 5 FT,Yes,21-Jul-2026,DISPATCHED,,28-Jul-2026,HGD-161B,Dispatch,,Devyn White,22659 E 47TH DR,,AURORA,CO,80019-3693,United States,1 210-728-4548 ext. 28401,,CUSTOMER,HETALLS GLOBAL PRIVATE LIMITED,Individual,Consumer,COTTON DHURRIE-HGD-161B,3 X 5 FT,1,$71.10,HANDMADE COTTON DHURRIE-HGD-161B-3 X 5 FT,57050024,,,,,,,,28-Jul-2026,
IOSS VAT identification number:  IM4420001405,TOP URGENT,TOP URGENT,RF-13118,AMAZON,402-8906142-5649154,	Julien,,17-Jul-2026,1,JUTE DHURRIE,2 X 3 FT,No,22-Jul-2026,DISPATCHED,,27-Jul-2026,VI-70,Dispatch,,Julien Ducrocq,45 allée cavalière,Hall D - Appart 101 (Home Residence),Bordeaux,,33100,France,33615011082,,CUSTOMER,HETALLS GLOBAL PRIVATE LIMITED,Individual,Consumer,JUTE DHURRIE-VI-70,2 X 3 FT,1,$66.99,HANDMADE JUTE DHURRIE-VI-70-2 X 3 FT,57050039,,,,,,,27-Jul-2026,27-Jul-2026,
,," IOSS number, IM3720000224,",RF-13119,ETSY-RUGSFOREVER,4119339585,Astrid Heck,,17-Jul-2026,1,JUTE DHURRIE,2 X 2 FT OVAL,No,22-Jul-2026,DISPATCHED,,24-Jul-2026,NR-87K,Dispatch,,Astrid Heck,Landwaisenhausstr. 12,,Leipzig,Leipzig,4179,Germany,49 491 797332340,astridheck@posteo.de,CUSTOMER,HETALLS GLOBAL PRIVATE LIMITED,Individual,Consumer,JUTE DHURRIE-NR-87K,2 X 2 FT OVAL,1,$48.75,HANDMADE JUTE DHURRIE-NR-87K-2 X 2 FT OVAL,57050039,,,,,,,21-Jul-2026,23-Jul-2026,
,,,RF-13120,ETSY-CASAVANI,4118442640,Elizabeth Daugherty,,18-Jul-2026,1,COTTON DHURRIE,5 X 7 FT,No,22-Jul-2026,DISPATCHED,,28-Jul-2026, ,Dispatch,,Elizabeth Daugherty,1136 Wabash St,Unit 34,Fort Collins,CO,80526,United States,970-310-6929,lizdaugherty@yahoo.com,CUSTOMER,HETALLS GLOBAL PRIVATE LIMITED,Individual,Consumer,COTTON DHURRIE- ,5 X 7 FT,1,$168.35,HANDMADE COTTON DHURRIE- -5 X 7 FT,57050024,,,,,,,,28-Jul-2026,
,,,RF-13121-1/3,ETSY-RUGSFOREVER,4119885787,Beth Wulfert,,18-Jul-2026,1,JUTE DHURRIE,4 X 12 FT,No,28-Jul-2026,DISPATCHED,,28-Jul-2026,HW-29,Dispatch,,Beth Wulfert,7962 Paseo ,Esmerado,Carlsbad,CA ,92009,United States,,elizabethwulfert@gmail.com,CUSTOMER,HETALLS GLOBAL PRIVATE LIMITED,Individual,Consumer,JUTE DHURRIE-HW-29,4 X 12 FT,1,$237.86,HANDMADE JUTE DHURRIE-HW-29-4 X 12 FT,57050039,,,,,,,27-Jul-2026,28-Jul-2026,
,,,RF-13121-2/3,ETSY-RUGSFOREVER,4119885787,Beth Wulfert,,18-Jul-2026,1,JUTE DHURRIE,2.6 X 8 FT,No,28-Jul-2026,DISPATCHED,,28-Jul-2026,HW-29,Dispatch,,Beth Wulfert,7962 Paseo ,Esmerado,Carlsbad,CA ,92009,United States,,elizabethwulfert@gmail.com,CUSTOMER,HETALLS GLOBAL PRIVATE LIMITED,Individual,Consumer,JUTE DHURRIE-HW-29,2.6 X 8 FT,1,$99.20,HANDMADE JUTE DHURRIE-HW-29-2.6 X 8 FT,57050039,,,,,,,27-Jul-2026,28-Jul-2026,
,,,RF-13121-3/3,ETSY-RUGSFOREVER,4119885787,Beth Wulfert,,18-Jul-2026,1,JUTE DHURRIE,2.6 X 10 FT,No,28-Jul-2026,DISPATCHED,,28-Jul-2026,HW-29,Dispatch,,Beth Wulfert,7962 Paseo ,Esmerado,Carlsbad,CA ,92009,United States,,elizabethwulfert@gmail.com,CUSTOMER,HETALLS GLOBAL PRIVATE LIMITED,Individual,Consumer,JUTE DHURRIE-HW-29,2.6 X 10 FT,1,$123.89,HANDMADE JUTE DHURRIE-HW-29-2.6 X 10 FT,57050039,,,,,,,27-Jul-2026,28-Jul-2026,
,,,RF-13122,ETSY-RUGSFOREVER,4118308800,Sweta verma,,18-Jul-2026,1,WOOL JUTE,5 X 5 FT,Yes,22-Jul-2026,DISPATCHED,,6-Aug-2026,WJRH-22,Dispatch,,Sweta verma,37 Stirling Way,37 Stirling Way,"Hayward,",CA,94542,United States,,sweta_verma@hotmail.com,CUSTOMER,HETALLS GLOBAL PRIVATE LIMITED,Individual,Consumer,WOOL JUTE-WJRH-22,5 X 5 FT,1,$172.25,HANDMADE WOOL JUTE-WJRH-22-5 X 5 FT,57050039,,,,,,,1-Aug-2026,6-Aug-2026,
,TOP URGENT,TOP URGENT,RF-13123,AMAZON,113-6979369-3933823,Allison,,18-Jul-2026,1,COTTON DHURRIE,5 X 5 FT,Yes,23-Jul-2026,DISPATCHED,,27-Jul-2026,JHGD-02A,Dispatch,,Allison Chancellor,915 FRANKLIN ST UNIT 4J,,HOUSTON,TX ,77002-1736,United States,1 207-835-4259 ext. 99023,,CUSTOMER,HETALLS GLOBAL PRIVATE LIMITED,Individual,Consumer,COTTON DHURRIE-JHGD-02A,5 X 5 FT,1,$128.00,HANDMADE COTTON DHURRIE-JHGD-02A-5 X 5 FT,57050024,,,,,,,,27-Jul-2026,
,TOP URGENT,TOP URGENT,RF-13124,AMAZON,112-7424049-0669039,Andie,,18-Jul-2026,1,COTTON DHURRIE,2.6 X 4 FT,Yes,23-Jul-2026,DISPATCHED,,24-Jul-2026,HGD-161,Dispatch,,Andie,923 S WESTLAND AVE APT A201,,GALLATIN,TN ,37066-4394,United States,1 929-436-4790 ext. 60688,,CUSTOMER,HETALLS GLOBAL PRIVATE LIMITED,Individual,Consumer,COTTON DHURRIE-HGD-161,2.6 X 4 FT,1,$64.00,HANDMADE COTTON DHURRIE-HGD-161-2.6 X 4 FT,57050024,,,,,,,,24-Jul-2026,
,TOP URGENT,TOP URGENT,RF-13125,AMAZON,112-3619635-0589813,Leah,,18-Jul-2026,1,COTTON DHURRIE,3 X 5 FT,Yes,23-Jul-2026,DISPATCHED,,24-Jul-2026,HGD-161B,Dispatch,,Leah E,6209 7TH AVE NW,,"SEATTLE,",WA,98107-2137,United States,1 412-532-4665 ext. 70804,,CUSTOMER,HETALLS GLOBAL PRIVATE LIMITED,Individual,Consumer,COTTON DHURRIE-HGD-161B,3 X 5 FT,1,$79.00,HANDMADE COTTON DHURRIE-HGD-161B-3 X 5 FT,57050024,,,,,,,,24-Jul-2026,
Buyer National Id: Aogc991023e31,TOP URGENT,TOP URGENT,RF-13126-1/2,AMAZON,701-2751036-8895425,mariana,,18-Jul-2026,1,COTTON DHURRIE,3 X 3 FT,Yes,23-Jul-2026,DISPATCHED,,24-Jul-2026,HGD-161B,Dispatch,,camila acosta,juarez 430,SAN PEDRO GARZA GARCIA CENTRO,SAN PEDRO GARZA GARCIA,NUEVO LEON ,66200,Mexico,8180133291,,CUSTOMER,HETALLS GLOBAL PRIVATE LIMITED,Individual,Consumer,COTTON DHURRIE-HGD-161B,3 X 3 FT,1,$115.58,HANDMADE COTTON DHURRIE-HGD-161B-3 X 3 FT,57050024,,,,,,,,24-Jul-2026,
Buyer National Id: Aogc991023e31,TOP URGENT,TOP URGENT,RF-13126-2/2,AMAZON,701-2751036-8895425,mariana,,18-Jul-2026,1,COTTON DHURRIE,3 X 10 FT,Yes,23-Jul-2026,DISPATCHED,,24-Jul-2026,HGD-161B,Dispatch,,camila acosta,juarez 430,SAN PEDRO GARZA GARCIA CENTRO,SAN PEDRO GARZA GARCIA,NUEVO LEON ,66200,Mexico,8180133291,,CUSTOMER,HETALLS GLOBAL PRIVATE LIMITED,Individual,Consumer,COTTON DHURRIE-HGD-161B,3 X 10 FT,1,$192.59,HANDMADE COTTON DHURRIE-HGD-161B-3 X 10 FT,57050024,,,,,,,,24-Jul-2026,
,TOP URGENT,TOP URGENT,RF-13127,AMAZON,113-2574338-9837801,Kaili,,18-Jul-2026,1,WOOL JUTE,8 X 10 FT,Yes,1-Aug-2026,DISPATCHED,,4-Aug-2026,WJRH-13,Dispatch,,Kailiana Dunlap,43 BAYLIES AVE,,PORTSMOUTH,RI,02871-2002,United States,1 929-436-4790 ext. 94047,,CUSTOMER,HETALLS GLOBAL PRIVATE LIMITED,Individual,Consumer,WOOL JUTE-WJRH-13,8 X 10 FT,1,$468.00,HANDMADE WOOL JUTE-WJRH-13-8 X 10 FT,57050039,,,,,,,6-Aug-2026,4-Aug-2026,
,TOP URGENT,TOP URGENT,RF-13128-1/2,AMAZON,112-0627851-7537025,Blair,,18-Jul-2026,1,COTTON DHURRIE,2.6 X 6 FT,No,23-Jul-2026,DISPATCHED,,29-Jul-2026,HP-85E,Dispatch,,Blair P Urban,485 W ELKTON DR,,EAGLE, ID,83616-1356,United States,1 929-436-4790 ext. 69486,,CUSTOMER,HETALLS GLOBAL PRIVATE LIMITED,Individual,Consumer,COTTON DHURRIE-HP-85E,2.6 X 6 FT,1,$84.00,HANDMADE COTTON DHURRIE-HP-85E-2.6 X 6 FT,57050024,,,,,,,,29-Jul-2026,
,TOP URGENT,TOP URGENT,RF-13128-2/2,AMAZON,112-0627851-7537025,Blair,,18-Jul-2026,1,COTTON DHURRIE,6 X 12 FT,Yes,23-Jul-2026,DISPATCHED,,29-Jul-2026, STK-47,Dispatch,,Blair P Urban,485 W ELKTON DR,,EAGLE, ID,83616-1356,United States,1 929-436-4790 ext. 69486,,CUSTOMER,HETALLS GLOBAL PRIVATE LIMITED,Individual,Consumer,COTTON DHURRIE- STK-47,6 X 12 FT,1,$300.80,HANDMADE COTTON DHURRIE- STK-47-6 X 12 FT,57050024,,,,,,,,29-Jul-2026,
,TOP URGENT,TOP URGENT,RF-13129,AMAZON,206-5042247-3263563,Kimberley,,18-Jul-2026,1,JUTE DHURRIE,2.6 X 4 FT,No,24-Jul-2026,DISPATCHED,,22-Jul-2026,VI-24B,Dispatch,,Kimberley Mountain,"58
CELESTINE ROAD YATE",,BRISTOL,,BS37 5ED,United Kingdom,447516504769,,CUSTOMER,HETALLS GLOBAL PRIVATE LIMITED,Individual,Consumer,JUTE DHURRIE-VI-24B,2.6 X 4 FT,1,$51.55,HANDMADE JUTE DHURRIE-VI-24B-2.6 X 4 FT,57050039,,,,,,,21-Jul-2026,21-Jul-2026,
,TOP URGENT,TOP URGENT,RF-13130,AMAZON,112-0853569-6056207,Karlee,,18-Jul-2026,1,COTTON DHURRIE,2.6 X 4 FT,Yes,23-Jul-2026,DISPATCHED,,23-Jul-2026,HGD-161B,Dispatch,,Karlee Bachleda,"
51074 MOTT RD TRLR 108",,CANTON,MI ,48188-2156,United States,1 412-532-4665 ext. 34359,,CUSTOMER,HETALLS GLOBAL PRIVATE LIMITED,Individual,Consumer,COTTON DHURRIE-HGD-161B,2.6 X 4 FT,1,$64.00,HANDMADE COTTON DHURRIE-HGD-161B-2.6 X 4 FT,57050024,,,,,,,,23-Jul-2026,
,TOP URGENT,TOP URGENT,RF-13131,AMAZON,111-4005409-0292247,	kliftin,,18-Jul-2026,1,COTTON DHURRIE,8 X 11 FT,Yes,23-Jul-2026,DISPATCHED,,24-Jul-2026,HP-281,Dispatch,,Joseph Metcalf,5920 FRIARS RD STE 101 101,,"SAN DIEGO,", CA ,92108-1076,United States,1 412-532-4665 ext. 06117,,CUSTOMER,HETALLS GLOBAL PRIVATE LIMITED,Individual,Consumer,COTTON DHURRIE-HP-281,8 X 11 FT,1,$570.00,HANDMADE COTTON DHURRIE-HP-281-8 X 11 FT,57050024,,,,,,,,,
,TOP URGENT,TOP URGENT,RF-13132,AMAZON,113-1332658-9260206,	Lauren,,18-Jul-2026,1,COTTON DHURRIE,2.6 X 4 FT,Yes,23-Jul-2026,DISPATCHED,,28-Jul-2026,HGD-161B,Dispatch,,Lauren Wilke,4701 PINE ST APT 813,,PHILADELPHIA,PA ,19143-7016,United States,1 415-419-8616 ext. 54989,,CUSTOMER,HETALLS GLOBAL PRIVATE LIMITED,Individual,Consumer,COTTON DHURRIE-HGD-161B,2.6 X 4 FT,1,$57.60,HANDMADE COTTON DHURRIE-HGD-161B-2.6 X 4 FT,57050024,,,,,,,,27-Jul-2026,
,,,RF-13133,ETSY-CASAVANI,4119929438,"
DeeDee Morris",,20-Jul-2026,1,COTTON DHURRIE,6 X 9 FT,No,23-Jul-2026,DISPATCHED,,29-Jul-2026,HP-257,Dispatch,,"
DeeDee Morris",4993 Hwy 207,,Three Fathom Harbour,NS,B0J 2L0,Canada,,dd@deedeemorris.com,CUSTOMER,HETALLS GLOBAL PRIVATE LIMITED,Individual,Consumer,COTTON DHURRIE-HP-257,6 X 9 FT,1,$227.50,HANDMADE COTTON DHURRIE-HP-257-6 X 9 FT,57050024,,,,,,,,29-Jul-2026,
,,"Etsy’s UK VAT number, 370 6004 28",RF-13134,ETSY-CASAVANI,4121259937,"
	
Laurie Oliva",,20-Jul-2026,1,COTTON DHURRIE,2 X 6 FT,Yes,23-Jul-2026,DISPATCHED,,22-Jul-2026,STK-76R,Dispatch,,"	
Laurie Oliva",92 Mary Datchelor Close,,Camberwell,London,SE5 7DY,United Kingdom,7961783532,laurie.oliva14@gmail.com,CUSTOMER,HETALLS GLOBAL PRIVATE LIMITED,Individual,Consumer,COTTON DHURRIE-STK-76R,2 X 6 FT,1,$58.50,HANDMADE COTTON DHURRIE-STK-76R-2 X 6 FT,57050024,,,,,,,,22-Jul-2026,
,,,RF-13135,ETSY-CASAVANI,4120645722,"
        
	
Ruth B MacNeille",,20-Jul-2026,1,COTTON DHURRIE,2.6 X 5 FT,No,24-Jul-2026,DISPATCHED,,27-Jul-2026,HP-62,Dispatch,,"
        
	
Ruth B MacNeille",11550 Jennifer Ct,,Sonora,CA,95370,United States,,rbmacneille@gmail.com,CUSTOMER,HETALLS GLOBAL PRIVATE LIMITED,Individual,Consumer,COTTON DHURRIE-HP-62,2.6 X 5 FT,1,$63.05,HANDMADE COTTON DHURRIE-HP-62-2.6 X 5 FT,57050024,,,,,,,,27-Jul-2026,
,,SET OF 12 PCS,RF-13136,ETSY-RUGSFOREVER,4119049224,Stephanie Amand,,20-Jul-2026,1,CHINDI-COTTON,7.5 X 29 INCH,No,23-Jul-2026,DISPATCHED,,24-Jul-2026,NR-33-Oval,Dispatch,,Stephanie Amand,13 Whitney St,,FARMINGDALE, ME,4344,United States,,stephaniestamand@gmail.com,CUSTOMER,HETALLS GLOBAL PRIVATE LIMITED,Individual,Consumer,CHINDI-COTTON-NR-33-Oval,7.5 X 29 INCH,1,$134.55,HANDMADE CHINDI-COTTON-NR-33-Oval-7.5 X 29 INCH,57050024,,,,,,,24-Jul-2026,24-Jul-2026,
,,,RF-13137,ETSY-RUGSFOREVER,4120385369,Mitch Tobak,,20-Jul-2026,1,CHINDI-COTTON,8 X 10 FT,No,23-Jul-2026,DISPATCHED,,25-Jul-2026,NR-200,Dispatch,,Mitch Tobak,1 Smith Street,A408,"Norwalk,",CT,6851,United States,,mjtobak@gmail.com,CUSTOMER,HETALLS GLOBAL PRIVATE LIMITED,Individual,Consumer,CHINDI-COTTON-NR-200,8 X 10 FT,1,$386.75,HANDMADE CHINDI-COTTON-NR-200-8 X 10 FT,57050024,,,,,,,24-Jul-2026,25-Jul-2026,
,,SET OF 6 PCS,RF-13138,ETSY-RUGSFOREVER,4119425398,Maria Kuhns,,20-Jul-2026,1,JUTE DHURRIE,9 X 29 Inch,No,24-Jul-2026,DISPATCHED,,27-Jul-2026,NR-1100F,Dispatch,,Maria Kuhns,629 Cherry St,,"Bally, ",PA ,19503,United States,215 510 2843,markenplus2@gmail.com,CUSTOMER,HETALLS GLOBAL PRIVATE LIMITED,Individual,Consumer,JUTE DHURRIE-NR-1100F,9 X 29 Inch,1,$80.60,HANDMADE JUTE DHURRIE-NR-1100F-9 X 29 Inch,57050039,,,,,,,27-Jul-2026,27-Jul-2026,
,,SET OF 10 PCS,RF-13139,ETSY-RUGSFOREVER,4120750993,John Dahill,,20-Jul-2026,1,JUTE DHURRIE,7 X 22 Inches,No,24-Jul-2026,DISPATCHED,,24-Jul-2026,NR-1100A,Dispatch,,John Dahill,1310 Dickinson St,,Philadelphia,PA ,19147,United States,,w9mrxs6qt4@privaterelay.appleid.com,CUSTOMER,HETALLS GLOBAL PRIVATE LIMITED,Individual,Consumer,JUTE DHURRIE-NR-1100A,7 X 22 Inches,1,$204.75,HANDMADE JUTE DHURRIE-NR-1100A-7 X 22 Inches,57050039,,,,,,,24-Jul-2026,24-Jul-2026,
,,SET OF 9 PCS,RF-13140,ETSY-RUGSFOREVER,4119985636,Sonja Taylor,,20-Jul-2026,1,JUTE DHURRIE,8x24 Inches,No,24-Jul-2026,DISPATCHED,,24-Jul-2026,NR-1101A,Dispatch,,Sonja Taylor,42 Camsyn Dr,,"Weaverville,",NC,28787-8818,United States,,taylorsonj204@gmail.com,CUSTOMER,HETALLS GLOBAL PRIVATE LIMITED,Individual,Consumer,JUTE DHURRIE-NR-1101A,8x24 Inches,1,$85.15,HANDMADE JUTE DHURRIE-NR-1101A-8x24 Inches,57050039,,,,,,,24-Jul-2026,24-Jul-2026,
,,,RF-13141,ETSY-RUGSFOREVER,4120196180,Kayta Gruneberg,,20-Jul-2026,1,WOOL JUTE,4 X 6 FT,,25-Jul-2026,DISPATCHED,,6-Aug-2026,WJRH-22,Dispatch,,Kayta Gruneberg,3227 Edgewood Ave,,"Richmond,",VA,23222-2507,United States,,gruneberg.k@gmail.com,CUSTOMER,HETALLS GLOBAL PRIVATE LIMITED,Individual,Consumer,WOOL JUTE-WJRH-22,4 X 6 FT,1,$169.00,HANDMADE WOOL JUTE-WJRH-22-4 X 6 FT,57050039,,,,,,,1-Aug-2026,6-Aug-2026,
,,SET OF 14 PCS,RF-13142,ETSY-RUGSFOREVER,4121577825,Amy Mednick,,20-Jul-2026,1,JUTE DHURRIE,8 X 28 Inch,No,24-Jul-2026,DISPATCHED,,24-Jul-2026,NR-1100,Dispatch,,Amy Mednick,1703 River Rd,,"Belmar, ",NJ,07719-3489,United States,,amyyarnallmednick@yahoo.com,CUSTOMER,HETALLS GLOBAL PRIVATE LIMITED,Individual,Consumer,JUTE DHURRIE-NR-1100,8 X 28 Inch,1,$146.25,HANDMADE JUTE DHURRIE-NR-1100-8 X 28 Inch,57050039,,,,,,,24-Jul-2026,24-Jul-2026,
,TOP URGENT,TOP URGENT,RF-13143,AMAZON,111-8180617-1769811,LESLEY WETTON,,20-Jul-2026,1,JUTE DHURRIE,3 X 5 FT,No,25-Jul-2026,DISPATCHED,,24-Jul-2026,NR-49,Dispatch,,LESLEY WETTON,2979 BOWLING GREEN ROAD,,RUSSELLVILLE,KY,42276,United States,+1 412-532-4665 ext. 72485,,CUSTOMER,HETALLS GLOBAL PRIVATE LIMITED,Individual,Consumer,JUTE DHURRIE-NR-49,3 X 5 FT,1,$79.00,HANDMADE JUTE DHURRIE-NR-49-3 X 5 FT,57050039,,,,,,,24-Jul-2026,24-Jul-2026,
"Buyer cancellation
Cancellation reason: Item(s) Would Not Arrive on Time",TOP URGENT,TOP URGENT,RF-13144,AMAZON,111-2219551-0796242,candace mason,,20-Jul-2026,1,COTTON DHURRIE,2 X 6 FT,Yes,24-Jul-2026,CANCELLED,CANCELLED,,HP-121B,Dispatch,,Candace  Mason,3609 COUNTRY CLUB RD,,PETOSKEY,MI,49770-9315,United States,+1 412-532-4665 ext. 81128,,CUSTOMER,HETALLS GLOBAL PRIVATE LIMITED,Individual,Consumer,COTTON DHURRIE-HP-121B,2 X 6 FT,1,$85.00,HANDMADE COTTON DHURRIE-HP-121B-2 X 6 FT,57050024,,,,,,,,,
,TOP URGENT,TOP URGENT,RF-13145,AMAZON,114-4220454-1816262,Bk Hughes,,20-Jul-2026,1,WOOL JUTE,2 X 3 FT,Yes,3-Aug-2026,DISPATCHED,,22-Jul-2026,WJRH-21,Dispatch,,Bk Hughes,9213 SPANISH ST,,DRYTOWN,CA,95699-8007,United States,1 929-436-4790 ext. 25345,,CUSTOMER,HETALLS GLOBAL PRIVATE LIMITED,Individual,Consumer,WOOL JUTE-WJRH-21,2 X 3 FT,1,$72.00,HANDMADE WOOL JUTE-WJRH-21-2 X 3 FT,57050039,,,,IN STOCK,,,,22-Jul-2026,
,TOP URGENT,TOP URGENT,RF-13146,AMAZON,113-3153737-2679426,Erin Mason,,20-Jul-2026,1,JUTE DHURRIE,5 X 5 FT,No,25-Jul-2026,DISPATCHED,,23-Jul-2026,NR-149,Dispatch,,Erin Mason,605 CHASE BLVD APT 320,,SUN PRAIRIE,WI,53590-2375,United States,1 763-225-9463 ext. 02811,,CUSTOMER,HETALLS GLOBAL PRIVATE LIMITED,Individual,Consumer,JUTE DHURRIE-NR-149,5 X 5 FT,1,$128.00,HANDMADE JUTE DHURRIE-NR-149-5 X 5 FT,57050039,,,,IN STOCK,,,,23-Jul-2026,
,TOP URGENT,TOP URGENT,RF-13147,AMAZON,112-8147702-2230612,Deane Driscoll,,20-Jul-2026,1,JUTE DHURRIE,3 X 10 FT,No,25-Jul-2026,DISPATCHED,,25-Jul-2026,NR-09,Dispatch,,Deane Driscoll,4 Dianne Dr,,Montville,NJ,07045-9708,United States,+1 346-307-9643 ext. 69594,,CUSTOMER,HETALLS GLOBAL PRIVATE LIMITED,Individual,Consumer,JUTE DHURRIE-NR-09,3 X 10 FT,1,$140.00,HANDMADE JUTE DHURRIE-NR-09-3 X 10 FT,57050039,,,,,,,24-Jul-2026,25-Jul-2026,
,TOP URGENT,TOP URGENT,RF-13148,AMAZON,114-2429128-1613020,April Lee,,20-Jul-2026,1,COTTON DHURRIE,2 X 6 FT,No,25-Jul-2026,DISPATCHED,,27-Jul-2026,STK-26O,Dispatch,,April Lee,453 IRA LN,,CAIRO,GA,39828-6274,United States,+1 213-442-1463 ext. 42216,,CUSTOMER,HETALLS GLOBAL PRIVATE LIMITED,Individual,Consumer,COTTON DHURRIE-STK-26O,2 X 6 FT,1,$76.50,HANDMADE COTTON DHURRIE-STK-26O-2 X 6 FT,57050024,,,,,,,,27-Jul-2026,
,TOP URGENT,TOP URGENT,RF-13149,AMAZON,112-2428573-8229016,Larry F. Brown,,20-Jul-2026,1,COTTON DHURRIE,4 X 6 FT,Yes,25-Jul-2026,DISPATCHED,,27-Jul-2026,JHGD-02A,Dispatch,,Larry F. Brown,621 ELEANOR ST,,KNOXVILLE,TN,37917-7337,United States,+1 412-532-4665 ext. 32514,,CUSTOMER,HETALLS GLOBAL PRIVATE LIMITED,Individual,Consumer,COTTON DHURRIE-JHGD-02A,4 X 6 FT,1,$89.00,HANDMADE COTTON DHURRIE-JHGD-02A-4 X 6 FT,57050024,,,,,,,,27-Jul-2026,
,TOP URGENT,TOP URGENT,RF-13150,AMAZON,112-4261139-9754608,John H Dollarhide,,20-Jul-2026,1,COTTON DHURRIE,2 X 6 FT,Yes,25-Jul-2026,DISPATCHED,,28-Jul-2026,JHGD-02A,Dispatch,,John H Dollarhide,6336 KINGSBURY DR,,BRENTWOOD,TN,37027-4846,United States,+1 929-436-4790 ext. 15824,,CUSTOMER,HETALLS GLOBAL PRIVATE LIMITED,Individual,Consumer,COTTON DHURRIE-JHGD-02A,2 X 6 FT,1,$53.10,HANDMADE COTTON DHURRIE-JHGD-02A-2 X 6 FT,57050024,,,,,,,,27-Jul-2026,
,TOP URGENT,TOP URGENT,RF-13151,AMAZON,112-5504418-4797820,Austin Armetta,,20-Jul-2026,1,COTTON DHURRIE,2.6 X 8 FT,Yes,25-Jul-2026,DISPATCHED,,29-Jul-2026,JHGD-11,Dispatch,,Austin Armetta,303 E BYRON ST,,SIDNEY,IL,61877-7600,United States,+1 346-307-9643 ext. 14281,,CUSTOMER,HETALLS GLOBAL PRIVATE LIMITED,Individual,Consumer,COTTON DHURRIE-JHGD-11,2.6 X 8 FT,1,$96.00,HANDMADE COTTON DHURRIE-JHGD-11-2.6 X 8 FT,57050024,,,,,,,,28-Jul-2026,
,TOP URGENT,TOP URGENT,RF-13152,AMAZON,111-3666752-4897018,nikki hixon,,20-Jul-2026,1,JUTE DHURRIE,3 X 5 FT,No,25-Jul-2026,DISPATCHED,,24-Jul-2026,NR-30,Dispatch,,nikki hixon,3252 CUSTER LAKE DR NW,,MARIETTA,GA,30064-1126,United States,+1 412-532-4665 ext. 83852,,CUSTOMER,HETALLS GLOBAL PRIVATE LIMITED,Individual,Consumer,JUTE DHURRIE-NR-30,3 X 5 FT,1,$79.00,HANDMADE JUTE DHURRIE-NR-30-3 X 5 FT,57050039,,,,,,,24-Jul-2026,24-Jul-2026,
,TOP URGENT,TOP URGENT,RF-13153,AMAZON,112-1156206-5474616,Doris,,20-Jul-2026,1,COTTON DHURRIE,5 X 7 FT,Yes,25-Jul-2026,DISPATCHED,,28-Jul-2026,STK-44,Dispatch,,Doris Craig,106 E 28TH ST APT 4,,CHEYENNE,WY,82001-2867,United States,+1 412-532-4665 ext. 42713,,CUSTOMER,HETALLS GLOBAL PRIVATE LIMITED,Individual,Consumer,COTTON DHURRIE-STK-44,5 X 7 FT,1,$184.00,HANDMADE COTTON DHURRIE-STK-44-5 X 7 FT,57050024,,,,,,,,28-Jul-2026,
,TOP URGENT,TOP URGENT,RF-13154,AMAZON,114-7204895-3136238,anabeth fuller,,20-Jul-2026,1,JUTE DHURRIE,2.6 X 8 FT,No,25-Jul-2026,DISPATCHED,,27-Jul-2026,VI-87A,Dispatch,,Anabeth Fuller,2211 PRESTONWOOD DR,,ARLINGTON,TX,76012-5421,United States,+1 346-307-9643 ext. 96068,,CUSTOMER,HETALLS GLOBAL PRIVATE LIMITED,Individual,Consumer,JUTE DHURRIE-VI-87A,2.6 X 8 FT,1,$199.00,HANDMADE JUTE DHURRIE-VI-87A-2.6 X 8 FT,57050039,,,,,,,27-Jul-2026,27-Jul-2026,
,TOP URGENT,TOP URGENT,RF-13155,AMAZON,111-0815786-2898625,Jessica,,20-Jul-2026,2,WOOL JUTE,2 X 8 FT,Yes,3-Aug-2026,DISPATCHED,,7-Aug-2026,WJRH-12F,Dispatch,,Jessica  Washburn,819 Farley Dr,,Huntsville,AL,35802,United States,+1 412-532-4665 ext. 40290,,CUSTOMER,HETALLS GLOBAL PRIVATE LIMITED,Individual,Consumer,WOOL JUTE-WJRH-12F,2 X 8 FT,2,$292.80,HANDMADE WOOL JUTE-WJRH-12F-2 X 8 FT,57050039,,,,,,,6-Aug-2026,7-Aug-2026,
,TOP URGENT,TOP URGENT,RF-13156,AMAZON,111-1989543-2250644,david javaherian,,20-Jul-2026,1,WOOL JUTE,4 X 6 FT,Yes,3-Aug-2026,DISPATCHED,,22-Jul-2026,WJRH-15,Dispatch,,Navid Javaherian,4937 HESPERIA AVE,,ENCINO,CA,91316-4208,United States,1 412-532-4665 ext. 80518,,CUSTOMER,HETALLS GLOBAL PRIVATE LIMITED,Individual,Consumer,WOOL JUTE-WJRH-15,4 X 6 FT,1,$155.00,HANDMADE WOOL JUTE-WJRH-15-4 X 6 FT,57050039,,,,IN STOCK,,,,22-Jul-2026,
,TOP URGENT,TOP URGENT,RF-13157,AMAZON,114-1950967-7075455,Tara Hench,,20-Jul-2026,1,COTTON DHURRIE,3 X 5 FT,Yes,25-Jul-2026,DISPATCHED,,28-Jul-2026,JHGD-02A,Dispatch,,Tara Hench,67 E NORTH ST,,CARLISLE,PA,17013-2429,United States,+1 763-225-9463 ext. 84746,,CUSTOMER,HETALLS GLOBAL PRIVATE LIMITED,Individual,Consumer,COTTON DHURRIE-JHGD-02A,3 X 5 FT,1,$79.00,HANDMADE COTTON DHURRIE-JHGD-02A-3 X 5 FT,57050024,,,,,,,,27-Jul-2026,
,TOP URGENT,TOP URGENT,RF-13158,AMAZON,111-4501977-7643438,Tara ,,20-Jul-2026,1,JUTE DHURRIE,2 X 3 FT,No,25-Jul-2026,DISPATCHED,,24-Jul-2026,VI-72,Dispatch,,Tara Chesnut,4825 W RONNIES CIR,,WASILLA,AK,99623-9513,United States,1 412-532-4665 ext. 13378,,CUSTOMER,HETALLS GLOBAL PRIVATE LIMITED,Individual,Consumer,JUTE DHURRIE-VI-72,2 X 3 FT,1,$65.00,HANDMADE JUTE DHURRIE-VI-72-2 X 3 FT,57050039,,,,,,,24-Jul-2026,24-Jul-2026,
,TOP URGENT,TOP URGENT,RF-13159,AMAZON,113-7068234-8419414,April,,20-Jul-2026,1,JUTE DHURRIE,4 X 7 FT,No,25-Jul-2026,DISPATCHED,,25-Jul-2026,VI-87F,Dispatch,,April Rose Lucas,2067 33RD ST,,ASTORIA, NY,11105-2025,United States,1 929-436-4790 ext. 09554,,CUSTOMER,HETALLS GLOBAL PRIVATE LIMITED,Individual,Consumer,JUTE DHURRIE-VI-87F,4 X 7 FT,1,$180.00,HANDMADE JUTE DHURRIE-VI-87F-4 X 7 FT,57050039,,,,,,,24-Jul-2026,25-Jul-2026,
,TOP URGENT,TOP URGENT,RF-13160,AMAZON,111-5278178-3347430,victor,,20-Jul-2026,1,COTTON DHURRIE,2.6 X 8 FT,Yes,25-Jul-2026,DISPATCHED,,27-Jul-2026,JHGD-02A,Dispatch,,victor garcia,234 S FIGUEROA ST APT 1641,,LOS ANGELES,CA ,90012-2570,United States,1 412-532-4665 ext. 20365,,CUSTOMER,HETALLS GLOBAL PRIVATE LIMITED,Individual,Consumer,COTTON DHURRIE-JHGD-02A,2.6 X 8 FT,1,$86.40,HANDMADE COTTON DHURRIE-JHGD-02A-2.6 X 8 FT,57050024,,,,,,,,27-Jul-2026,
,,3 step rugs with landing 1,RF-13161,ETSY-RUGSFOREVER,4120943104,Brandon Musselman,,21-Jul-2026,1,WOOL JUTE,"9"" X 29-3 step 1 landing24x32 inch",No,25-Jul-2026,DISPATCHED,,8-Aug-2026,NR-1102,Dispatch,,Brandon Musselman,11718 Goshen Ave,Apt. 5,"Los Angeles,",CA ,90049,United States,949) 842-9462,Bgmusselman@gmail.com,CUSTOMER,HETALLS GLOBAL PRIVATE LIMITED,Individual,Consumer,WOOL JUTE-NR-1102,"9"" X 29-3 step 1 landing24x32 inch",1,$199.55,"HANDMADE WOOL JUTE-NR-1102-9"" X 29-3 step 1 landing24x32 inch",57050039,,,,RANJIT JI,,,,8-Aug-2026,
,,SET OF 14 PCS,RF-13162-1/2,ETSY-RUGSFOREVER,4121425364,Meghan Funk,,21-Jul-2026,1,JUTE DHURRIE,8 X 28 Inch,No,25-Jul-2026,DISPATCHED,,25-Jul-2026,NR-1089.5x38in,Dispatch,,Meghan Funk,1969 Spruce Drive,,Carmel,IN,46033,United States, (317) 979-6909,megs24510@gmail.com,CUSTOMER,HETALLS GLOBAL PRIVATE LIMITED,Individual,Consumer,JUTE DHURRIE-NR-1089.5x38in,8 X 28 Inch,1,$146.25,HANDMADE JUTE DHURRIE-NR-1089.5x38in-8 X 28 Inch,57050039,,,,,,,24-Jul-2026,25-Jul-2026,
,,,RF-13162-2/2,ETSY-RUGSFOREVER,4121425364,Meghan Funk,,21-Jul-2026,1,JUTE DHURRIE,3 X 3 FT,No,25-Jul-2026,DISPATCHED,,25-Jul-2026,VI-25,Dispatch,,Meghan Funk,1969 Spruce Drive,,Carmel,IN,46033,United States, (317) 979-6909,megs24510@gmail.com,CUSTOMER,HETALLS GLOBAL PRIVATE LIMITED,Individual,Consumer,JUTE DHURRIE-VI-25,3 X 3 FT,1,$78.00,HANDMADE JUTE DHURRIE-VI-25-3 X 3 FT,57050039,,,,,,,24-Jul-2026,25-Jul-2026,
,TOP URGENT,TOP URGENT,RF-13163,AMAZON,114-7603097-8472202,Tiffany Stevens,,21-Jul-2026,1,JUTE DHURRIE,7 X 10 FT,No,27-Jul-2026,DISPATCHED,,25-Jul-2026,NR-108,Dispatch,,Tiffany Cavazos,1425 ribolla dr,,Palm harbor,Fl,34683,United States,+1 763-225-9463 ext. 84402,,CUSTOMER,HETALLS GLOBAL PRIVATE LIMITED,Individual,Consumer,JUTE DHURRIE-NR-108,7 X 10 FT,1,$364.00,HANDMADE JUTE DHURRIE-NR-108-7 X 10 FT,57050039,,,,,,,24-Jul-2026,25-Jul-2026,
,TOP URGENT,TOP URGENT,RF-13164,AMAZON,114-7498029-0375449,Kelsie colley,,21-Jul-2026,1,WOOL JUTE,4 X 6 FT,Yes,4-Aug-2026,DISPATCHED,,22-Jul-2026,WJRH-13,Dispatch,,Kelsie Colley Tucker,13095 14 MILE RD NE,,GREENVILLE,MI,48838-9357,United States,1 412-532-4665 ext. 17190,,CUSTOMER,HETALLS GLOBAL PRIVATE LIMITED,Individual,Consumer,WOOL JUTE-WJRH-13,4 X 6 FT,1,$155.00,HANDMADE WOOL JUTE-WJRH-13-4 X 6 FT,57050039,,,,IN STOCK,,,,22-Jul-2026,
,TOP URGENT,TOP URGENT,RF-13165,AMAZON,114-8929836-9189856,Tiffany Stevens,,21-Jul-2026,1,JUTE DHURRIE,2.6 X 8 FT,No,27-Jul-2026,DISPATCHED,,24-Jul-2026,NR-108,Dispatch,,Tiffany Cavazos,1425 ribolla dr,,Palm harbor,Fl,34683,United States,+1 346-307-9643 ext. 38463,,CUSTOMER,HETALLS GLOBAL PRIVATE LIMITED,Individual,Consumer,JUTE DHURRIE-NR-108,2.6 X 8 FT,1,$96.00,HANDMADE JUTE DHURRIE-NR-108-2.6 X 8 FT,57050039,,,,,,,24-Jul-2026,24-Jul-2026,
,TOP URGENT,TOP URGENT,RF-13166,AMAZON,112-5065815-4313057,Squatchy,,21-Jul-2026,1,WOOL JUTE,2.6 X 20 FT,Yes,4-Aug-2026,DISPATCHED,,3-Aug-2026,HW-61,Dispatch,,Carl Martin,2125 MESA RD,,COLORADO SPRINGS,CO,80904-1823,United States,+1 412-532-4665 ext. 43630,,CUSTOMER,HETALLS GLOBAL PRIVATE LIMITED,Individual,Consumer,JUTE DHURRIE-HW-61,2.6 X 20 FT,1,$359.00,HANDMADE WOOL JUTE-HW-61-2.6 X 20 FT,57050039,,,,,,,1-Aug-2026,3-Aug-2026,
,TOP URGENT,TOP URGENT,RF-13167,AMAZON,112-8366544-7748262,Squatchy,,21-Jul-2026,1,WOOL JUTE,8 X 10 FT,Yes,4-Aug-2026,DISPATCHED,,22-Jul-2026,WJRH-21,Dispatch,,Carl Martin,2125 MESA RD,,COLORADO SPRINGS,CO,80904-1823,United States,1 346-307-9643 ext. 90570,,CUSTOMER,HETALLS GLOBAL PRIVATE LIMITED,Individual,Consumer,WOOL JUTE-WJRH-21,8 X 10 FT,1,$520.00,HANDMADE WOOL JUTE-WJRH-21-8 X 10 FT,57050039,,,,IN STOCK,,,,22-Jul-2026,
,TOP URGENT,TOP URGENT,RF-13168,AMAZON,249-1650850-8687835,Lucy3709,,21-Jul-2026,1,JUTE DHURRIE,2.5 X 18 FT RUNNER,No,27-Jul-2026,DISPATCHED,,28-Jul-2026, VI-20,Dispatch,,Lucy Siebens,1/35 LOWER ROAD,,NEW NORFOLK,TAS,7140,Australia,481767886,,CUSTOMER,HETALLS GLOBAL PRIVATE LIMITED,Individual,Consumer,JUTE DHURRIE- VI-20,2.5 X 18 FT RUNNER,1,$184.11,HANDMADE JUTE DHURRIE- VI-20-2.5 X 18 FT RUNNER,57050039,,,,,,,24-Jul-2026,27-Jul-2026,
,,SET OF 12 PCS,RF-13169,ETSY-RUGSFOREVER,4122738259,Lauren Radclyffe,,21-Jul-2026,1,JUTE DHURRIE,9 X 29 Inch,No,27-Jul-2026,DISPATCHED,,27-Jul-2026,NR-1100F,Dispatch,,Lauren Radclyffe,8522 19th,Ave NE,"Seattle, ",WA,98117,United States,4257738761,lo_olsen7@hotmail.com,CUSTOMER,HETALLS GLOBAL PRIVATE LIMITED,Individual,Consumer,JUTE DHURRIE-NR-1100F,9 X 29 Inch,1,$154.05,HANDMADE JUTE DHURRIE-NR-1100F-9 X 29 Inch,57050039,,,,,,,27-Jul-2026,27-Jul-2026,
,,"You must share Etsy's IOSS number, IM3720000224",RF-13170,ETSY-RUGSFOREVER,4122761891,Lyanca,,21-Jul-2026,1,CHINDI COTTON-JUTE,3 X 5 FT,No,27-Jul-2026,DISPATCHED,,31-Jul-2026,NR-72,Dispatch,,Lyanca,Pauwenstraat 48,,Hilversum,RA ,1211,The Netherlands,,lyanca@proton.me,CUSTOMER,HETALLS GLOBAL PRIVATE LIMITED,Individual,Consumer,CHINDI COTTON-JUTE-NR-72,3 X 5 FT,1,$117.00,HANDMADE CHINDI COTTON-JUTE-NR-72-3 X 5 FT,57050039,,,,,,,30-Jul-2026,31-Jul-2026,
,,,RF-13171,ETSY-CASAVANI,4121728836,Lamyaa Elgen,,21-Jul-2026,1,COTTON DHURRIE,50 X 340 CM,No,25-Jul-2026,DISPATCHED,,1-Aug-2026,STK-03,Dispatch,,Lamyaa Elgen,Kinsale Cottage,Letcombe Regis,"Wantage,", Oxfordshire,OX12 9JP,United Kingdom,7377717118,4h6g99fw4y@privaterelay.appleid.com,CUSTOMER,HETALLS GLOBAL PRIVATE LIMITED,Individual,Consumer,COTTON DHURRIE-STK-03,50 X 340 CM,1,$144.95,HANDMADE COTTON DHURRIE-STK-03-50 X 340 CM,57050024,,,,,,,,1-Aug-2026,
,TOP URGENT,TOP URGENT,RF-13172,AMAZON,303-0079499-1209132,Angela,,21-Jul-2026,1,JUTE DHURRIE,3 X 3 FT,No,27-Jul-2026,DISPATCHED,,24-Jul-2026,NR-1008,Dispatch,,Angela Ciurli,"Ludwigstr.
54",,Rodgau,,63110,Germany,06106-6279916,,CUSTOMER,HETALLS GLOBAL PRIVATE LIMITED,Individual,Consumer,JUTE DHURRIE-NR-1008,3 X 3 FT,1,$85.52,HANDMADE JUTE DHURRIE-NR-1008-3 X 3 FT,57050039,,,,,,,24-Jul-2026,24-Jul-2026,
,,,RF-13173,ETSY-CASAVANI,4122871901,"
Donna Bauerlein",,22-Jul-2026,1,COTTON DHURRIE,4 X 14 FT RUNNNER,No,25-Jul-2026,DISPATCHED,,29-Jul-2026,STK-74,Dispatch,,"
Donna Bauerlein","37803 Salty Way West
",,Selbyville,DE,19975,United States,1-732-598-8569,kdbauer1@comcast.net,CUSTOMER,HETALLS GLOBAL PRIVATE LIMITED,Individual,Consumer,COTTON DHURRIE-STK-74,4 X 14 FT RUNNNER,1,$272.35,HANDMADE COTTON DHURRIE-STK-74-4 X 14 FT RUNNNER,57050024,,,,,,,,29-Jul-2026,
,,,RF-13174,ETSY-CASAVANI,4123374533,"
	
Nathan Rush",,22-Jul-2026,1,COTTON DHURRIE,9 X 9 FT,No,23-Jul-2026,CANCELLED,CANCELLED,,HGD-129,Dispatch,,"
	
Nathan Rush","284 Orange St
",APT 204,New Haven,CT,06510-1705,United States,,nathan.rush@gmail.com,CUSTOMER,HETALLS GLOBAL PRIVATE LIMITED,Individual,Consumer,COTTON DHURRIE-HGD-129,9 X 9 FT,1,$392.60,HANDMADE COTTON DHURRIE-HGD-129-9 X 9 FT,57050024,,,,,,,,,
,,SET OF 13 PCS,RF-13175,ETSY-RUGSFOREVER,4122349564,kayla fig,,22-Jul-2026,1,JUTE DHURRIE,8 X 28 Inch,No,27-Jul-2026,DISPATCHED,,1-Aug-2026,NR-1080E,Dispatch,,kayla fig,4 Whittier Dr,,"Greenlawn,",NY,11740,United States,9176177260,figuerakay@gmail.com,CUSTOMER,HETALLS GLOBAL PRIVATE LIMITED,Individual,Consumer,JUTE DHURRIE-NR-1080E,8 X 28 Inch,1,$136.50,HANDMADE JUTE DHURRIE-NR-1080E-8 X 28 Inch,57050039,,,,,,,31-Jul-2026,1-Aug-2026,
,TOP URGENT,TOP URGENT,RF-13176,AMAZON,111-1777963-3011411,Linda C. Roudebush,,22-Jul-2026,1,COTTON DHURRIE,2 X 6 FT,No,27-Jul-2026,DISPATCHED,,29-Jul-2026,STK-26O,Dispatch,,Linda C. Roudebush,826 N SHEM DR,,MOUNT PLEASANT,SC,29464-4009,United States,+1 412-532-4665 ext. 80656,,CUSTOMER,HETALLS GLOBAL PRIVATE LIMITED,Individual,Consumer,COTTON DHURRIE-STK-26O,2 X 6 FT,1,$85.00,HANDMADE COTTON DHURRIE-STK-26O-2 X 6 FT,57050024,,,,,,,,29-Jul-2026,
,TOP URGENT,TOP URGENT,RF-13177,AMAZON,113-2728350-0156246,Cari Harless,,22-Jul-2026,1,JUTE DHURRIE,5 X 5 FT,No,28-Jul-2026,DISPATCHED,,27-Jul-2026,NR-108,Dispatch,,Allie Harless,616 N 86TH ST,,LINCOLN,NE,68505-3139,United States,+1 346-307-9643 ext. 97978,,CUSTOMER,HETALLS GLOBAL PRIVATE LIMITED,Individual,Consumer,JUTE DHURRIE-NR-108,5 X 5 FT,1,$160.00,HANDMADE JUTE DHURRIE-NR-108-5 X 5 FT,57050039,,,,,,,27-Jul-2026,27-Jul-2026,
,TOP URGENT,TOP URGENT,RF-13178,AMAZON,113-2140318-0694633,pat noel,,22-Jul-2026,1,WOOL JUTE,9 X 12 FT,Yes,5-Aug-2026,DISPATCHED,,24-Jul-2026,WJRH-13,Dispatch,,pat noel,13S COUNTY ROAD 441,,MANISTIQUE,MI,49854-8971,United States,+1 346-307-9643 ext. 34197,,CUSTOMER,HETALLS GLOBAL PRIVATE LIMITED,Individual,Consumer,WOOL JUTE-WJRH-13,9 X 12 FT,1,$699.00,HANDMADE WOOL JUTE-WJRH-13-9 X 12 FT,57050039,,,,IN STOCK,,,,24-Jul-2026,
,TOP URGENT,TOP URGENT,RF-13179,AMAZON,113-5451709-2385018,Scott Davis,,22-Jul-2026,1,COTTON DHURRIE,2.6 X 8 FT,Yes,27-Jul-2026,DISPATCHED,,30-Jul-2026,HGD-129,Dispatch,,courtney,205 DAISY DR,,GREENVILLE,SC,29605-3210,United States,+1 346-307-9643 ext. 50995,,CUSTOMER,HETALLS GLOBAL PRIVATE LIMITED,Individual,Consumer,COTTON DHURRIE-HGD_129,2.6 X 8 FT,1,$96.00,HANDMADE COTTON DHURRIE-HGD-129-2.6 X 8 FT,57050024,,,,,,,,30-Jul-2026,
"Buyer cancellation
Cancellation reason: Reason left unspecified",TOP URGENT,TOP URGENT,RF-13180,AMAZON,114-6703962-0038604,Alison Bank,,22-Jul-2026,1,COTTON DHURRIE,4 X 8 FT,No,27-Jul-2026,CANCELLED,CANCELLED,,STK-26O,Dispatch,,Alison Bank,2672 ROSELAND DR,,ANN ARBOR,MI,48103-2135,United States,+1 346-307-9643 ext. 20548,,CUSTOMER,HETALLS GLOBAL PRIVATE LIMITED,Individual,Consumer,COTTON DHURRIE-STK-26O,4 X 8 FT,1,$210.00,HANDMADE COTTON DHURRIE-STK-26O-4 X 8 FT,57050024,,,,,,,,,
,TOP URGENT,TOP URGENT,RF-13181,AMAZON,303-1783410-9353129,Kay,,22-Jul-2026,1,WOOL JUTE,6 x 6 FT,Yes,5-Aug-2026,DISPATCHED,,31-Jul-2026,WJRH-15,Dispatch,,Ilona Vltavska,Italská 1344/5,,Karlovy Vary,Karlovarsky,36001,Czech Republic,737243233,,CUSTOMER,HETALLS GLOBAL PRIVATE LIMITED,Individual,Consumer,WOOL JUTE-WJRH-15,6 x 6 FT,1,$258.97,HANDMADE WOOL JUTE-WJRH-15-6 x 6 FT,57050039,,,,,,,30-Jul-2026,31-Jul-2026,
,,,RF-13182-1/2,EBAY-RUGSFOREVER,11-14921-08812,Adriane Kelly,,22-Jul-2026,1,JUTE DHURRIE,3 X 5 FT,No,24-Jul-2026,DISPATCHED,,25-Jul-2026,NR-30,Dispatch,,Adriane Kelly,23 S Kansas St,,Russell,ks,67665-3013,United States,310-926-6295,"47d9048826c526e96a36@members.ebay.com
",CUSTOMER,HETALLS GLOBAL PRIVATE LIMITED,Individual,Consumer,JUTE DHURRIE-NR-30,3 X 5 FT,1,$73.15,HANDMADE JUTE DHURRIE-NR-30-3 X 5 FT,57050039,,,,,,,24-Jul-2026,24-Jul-2026,
,,,RF-13182-2/2,EBAY-RUGSFOREVER,11-14921-08812,Adriane Kelly,,22-Jul-2026,1,JUTE DHURRIE,2.6 X 8 FT,No,24-Jul-2026,DISPATCHED,,25-Jul-2026,NR-30,Dispatch,,Adriane Kelly,23 S Kansas St,,Russell,ks,67665-3013,United States,310-926-6295,"47d9048826c526e96a36@members.ebay.com
",CUSTOMER,HETALLS GLOBAL PRIVATE LIMITED,Individual,Consumer,JUTE DHURRIE-NR-30,2.6 X 8 FT,1,$72.16,HANDMADE JUTE DHURRIE-NR-30-2.6 X 8 FT,57050039,,,,,,,24-Jul-2026,24-Jul-2026,
, REPLACEMENT ORDER OFRF-13032-2/2,,RF-13183,ETSY-RUGSFOREVER,4111597220O,Dustyn Tubbs,,22-Jul-2026,1,JUTE DHURRIE,75x75cm landing,No,24-Jul-2026,DISPATCHED,,24-Jul-2026,NR-1100,Dispatch,,Dustyn Tubbs,8605 Wallingford Ave N,,Seattle,WA , 98103-4103,United States,19899419145,dustyntubbs@gmail.com,CUSTOMER,HETALLS GLOBAL PRIVATE LIMITED,Individual,Consumer,JUTE DHURRIE-NR-1100,75x75cm landing,1,$10.00,HANDMADE JUTE DHURRIE-NR-1100-75x75cm landing,57050039,,,,,,,24-Jul-2026,24-Jul-2026,
,TOP URGENT,TOP URGENT,RF-13184,Amazon,111-6192540-0154652,George Lemmon,,23-Jul-2026,1,COTTON DHURRIE,5 X 8 FT,Yes,28-Jul-2026,DISPATCHED,,31-Jul-2026,HGD-129,Dispatch,,Jessica Lemmon,732 TIMBERLINE DR,,GLENVIEW,IL,60025-3214,United States,415-419-8616 ext. 59640,,CUSTOMER,HETALLS GLOBAL PRIVATE LIMITED,Individual,Consumer,COTTON DHURRIE-HGD-129,5 X 8 FT,1,$208.00,HANDMADE COTTON DHURRIE-HGD-129-5 X 8 FT,57050024,,,,,,,,31-Jul-2026,
,TOP URGENT,TOP URGENT,RF-13185,Amazon,114-0930121-5412201,Paula Klaas,,23-Jul-2026,1,WOOL JUTE,3 X 5 FT,Yes,6-Aug-2026,DISPATCHED,,3-Aug-2026,WJRH-21,Dispatch,,Paula Klaas,10250 County Road 3050,,Rolla,Missouri,65401,United States,412-532-4665 ext. 13629,,CUSTOMER,HETALLS GLOBAL PRIVATE LIMITED,Individual,Consumer,WOOL JUTE-WJRH-21,3 X 5 FT,1,$89.10,HANDMADE WOOL JUTE-WJRH-21-3 X 5 FT,57050039,,,,,,,30-Jul-2026,3-Aug-2026,
,TOP URGENT,TOP URGENT,RF-13186,Amazon,113-5097925-2677849,Cynthia jones,,23-Jul-2026,1,JUTE DHURRIE,4 X 4 FT,No,28-Jul-2026,DISPATCHED,,28-Jul-2026,VI-51A,Dispatch,,Cynthia jones,6313 W MONTROSE AVE FL 1ST,,CHICAGO,IL,60634-5450,United States,602-671-6610 ext. 48261,,CUSTOMER,HETALLS GLOBAL PRIVATE LIMITED,Individual,Consumer,JUTE DHURRIE-VI-51A,4 X 4 FT,1,$88.00,HANDMADE JUTE DHURRIE-VI-51A-4 X 4 FT,57050039,,,,,,,27-Jul-2026,28-Jul-2026,
,TOP URGENT,TOP URGENT,RF-13187,Amazon,114-2627271-5628250,Susan Hampson,,23-Jul-2026,1,COTTON DHURRIE,4 X 6 FT,Yes,28-Jul-2026,DISPATCHED,,30-Jul-2026,JHGD-02A,Dispatch,,Susan J Hampson,1134 FONTAINE RD,,LEXINGTON,KY,40502-1830,United States,213-442-1463 ext. 86240,,CUSTOMER,HETALLS GLOBAL PRIVATE LIMITED,Individual,Consumer,COTTON DHURRIE-JHGD-02A,4 X 6 FT,1,$99.20,HANDMADE COTTON DHURRIE-JHGD-02A-4 X 6 FT,57050024,,,,,,,,30-Jul-2026,
,TOP URGENT,TOP URGENT,RF-13188,Amazon,113-8194341-6271434,Doebe,,23-Jul-2026,1,WOOL JUTE,6 X 9 FT,Yes,6-Aug-2026,DISPATCHED,,27-Jul-2026,WJRH-21,Dispatch,,Dustin Augustin,112 E DEMUMBRUM ST,,LORETTO,TN,38469-2220,United States,207-835-4259 ext. 16717,,CUSTOMER,HETALLS GLOBAL PRIVATE LIMITED,Individual,Consumer,WOOL JUTE-WJRH-21,6 X 9 FT,1,$350.00,HANDMADE WOOL JUTE-WJRH-21-6 X 9 FT,57050039,,,,IN STOCK,,,,28-Jul-2026,
,TOP URGENT,TOP URGENT,RF-13189,Amazon,113-5466899-9886605,Jamie Avalon,,23-Jul-2026,1,COTTON DHURRIE,4 X 6 FT,Yes,28-Jul-2026,DISPATCHED,,30-Jul-2026,HP-259,Dispatch,,Jamie Avalon,33 E CAMINO REAL APT 507,,BOCA RATON,FL,33432-6153,United States,763-225-9463 ext. 25209,,CUSTOMER,HETALLS GLOBAL PRIVATE LIMITED,Individual,Consumer,COTTON DHURRIE-HP-259,4 X 6 FT,1,$139.50,HANDMADE COTTON DHURRIE-HP-259-4 X 6 FT,57050024,,,,,,,,30-Jul-2026,
,,"Etsy’s UK VAT number, 370 6004 28",RF-13190,ETSY-CASAVANI,4124554219,"
Rachel Pascual",,23-Jul-2026,1,COTTON DHURRIE,3 X 5 FT,No,27-Jul-2026,DISPATCHED,,29-Jul-2026,STK-26P,Dispatch,,"
Rachel Pascual",49 Clevedon Road,,,London,SE20 7QQ,United Kingdom,7810547582,rach_pascy@hotmail.com,CUSTOMER,HETALLS GLOBAL PRIVATE LIMITED,Individual,Consumer,COTTON DHURRIE-STK-26P,3 X 5 FT,1,$72.80,HANDMADE COTTON DHURRIE-STK-26P-3 X 5 FT,57050024,,,,,,,,29-Jul-2026,
,,,RF-13191,ETSY-CASAVANI,4125088751,"

	
Paresh Patel
",,24-Jul-2026,1,COTTON DHURRIE,2 X 5 FT,Yes,28-Jul-2026,DISPATCHED,,29-Jul-2026,STK-26B,Dispatch,,"

	
Paresh Patel
","1230 I St NE
2",,Washington,DC,20002,United States,,paresh_patel@fd.org,CUSTOMER,HETALLS GLOBAL PRIVATE LIMITED,Individual,Consumer,COTTON DHURRIE-STK-26B,2 X 5 FT,1,$82.22,HANDMADE COTTON DHURRIE-STK-26B-2 X 5 FT,57050024,,,,,,,,29-Jul-2026,
,TOP URGENT,TOP URGENT,RF-13192,Amazon,111-5668001-0524233,Paige Carson Cook,,24-Jul-2026,1,JUTE DHURRIE,4 X 8 FT,No,29-Jul-2026,DISPATCHED,,27-Jul-2026,NR-171,Dispatch,,Paige Carson Cook,130 CANTER CT,,SAVANNAH,GA,31406-5175,United States,763-225-9463 ext. 09860,,CUSTOMER,HETALLS GLOBAL PRIVATE LIMITED,Individual,Consumer,JUTE DHURRIE-NR-171,4 X 8 FT,1,$203.00,HANDMADE JUTE DHURRIE-NR-171-4 X 8 FT,57050039,,,,,,,27-Jul-2026,27-Jul-2026,
,TOP URGENT,TOP URGENT,RF-13193,Amazon,114-4052804-4167406,Tina Olshove,,24-Jul-2026,1,WOOL JUTE,2.6 X 4 FT,Yes,7-Aug-2026,DISPATCHED,,3-Aug-2026,WJRH-21,Dispatch,,Tina Olshove,2321 LANE 22 1/2,,LOVELL,WY,82431-5017,United States,346-307-9643 ext. 48432,,CUSTOMER,HETALLS GLOBAL PRIVATE LIMITED,Individual,Consumer,WOOL JUTE-WJRH-21,2.6 X 4 FT,1,$80.00,HANDMADE WOOL JUTE-WJRH-21-2.6 X 4 FT,57050039,,,,,,,30-Jul-2026,3-Aug-2026,
,TOP URGENT,TOP URGENT,RF-13194,Amazon,113-2860060-4381808,Sandra Gomez,,24-Jul-2026,1,JUTE DHURRIE,2 X 8 FT,No,29-Jul-2026,DISPATCHED,,28-Jul-2026,NR-40,Dispatch,,Sandra Gomez,19508 HADLER CT,,LAKEVILLE,MN,55044-6533,United States,929-436-4790 ext. 19443,,CUSTOMER,HETALLS GLOBAL PRIVATE LIMITED,Individual,Consumer,JUTE DHURRIE-NR-40,2 X 8 FT,1,$115.00,HANDMADE JUTE DHURRIE-NR-40-2 X 8 FT,57050039,,,,,,,27-Jul-2026,28-Jul-2026,
,TOP URGENT,TOP URGENT,RF-13195,Amazon,407-9800914-4293117,OIGO E-Commerce,,24-Jul-2026,1,JUTE DHURRIE,3 X 3 FT,No,29-Jul-2026,DISPATCHED,,28-Jul-2026,NR-156,Dispatch,,AMA MKA AAPK,Dorpsstraat 30,,OBDAM,,1713HJ,Netherlands,6 30983333,,CUSTOMER,HETALLS GLOBAL PRIVATE LIMITED,Individual,Consumer,JUTE DHURRIE-NR-156,3 X 3 FT,1,$92.17,HANDMADE JUTE DHURRIE-NR-156-3 X 3 FT,57050039,,,,,,,27-Jul-2026,27-Jul-2026,
,TOP URGENT,TOP URGENT,RF-13196,Amazon,302-1484957-4510721,zakieh shamsi,,24-Jul-2026,1,COTTON DHURRIE,4 X 15 FT,Yes,29-Jul-2026,DISPATCHED,,31-Jul-2026,HGD-T-501,Dispatch,,Zakieh Shamsi,Eppinghovener Straße 8,,Neuss Holzheim,Nordrhein-Westfalen,41472,Germany,17622669945,,CUSTOMER,HETALLS GLOBAL PRIVATE LIMITED,Individual,Consumer,COTTON DHURRIE-HGD-T-501,4 X 15 FT,1,$389.78,HANDMADE COTTON DHURRIE-HGD-T-501-4 X 15 FT,57050024,,,,,,,,31-Jul-2026,
,,SET OF 10 PCS,RF-13197,ETSY-RUGSFOREVER,4125409767,Lauren Miller,,24-Jul-2026,1,CHINDI-COTTON,8 X 24 Inch,No,29-Jul-2026,DISPATCHED,,28-Jul-2026,NR-1100D,Dispatch,,Lauren Miller,25 Morningside Lane,,Lincoln, MA,1773,United States,,lauren.mohr.miller@gmail.com,CUSTOMER,HETALLS GLOBAL PRIVATE LIMITED,Individual,Consumer,CHINDI-COTTON-NR-1100D,8 X 24 Inch,1,$104.00,HANDMADE CHINDI-COTTON-NR-1100D-8 X 24 Inch,57050024,,,,,,,27-Jul-2026,28-Jul-2026,
,,,RF-13198,MIRRAW,M463504895,Anu van Strien,,24-Jul-2026,1,COTTON DHURRIE,3 X 5 FT,Yes,29-Jul-2026,DISPATCHED,,3-Aug-2026,STK-13,Dispatch,,Anu van Strien,"No 2 Kensington Road ,Sivanchetty Gardens,"," ulsoor, Opposite Riviera apartments Sivanchetty Gardens",Bangalore,Karnataka,560042,India,,,CUSTOMER,HETALLS GLOBAL PRIVATE LIMITED,Individual,Consumer,COTTON DHURRIE-STK-13,3 X 5 FT,1,$23.40,HANDMADE COTTON DHURRIE-STK-13-3 X 5 FT,57050024,,,,,,,,1-Aug-2026,
,,,RF-13199,ETSY-CASAVANI,4124736378,"
Benjamin",,25-Jul-2026,1,COTTON DHURRIE,2.6 X 4 FT,No,28-Jul-2026,DISPATCHED,,1-Aug-2026,MR-61,Dispatch,,"
Benjamin",14870 Road 28,,Dolores,CO,81323,United States,1-440-724-6508,ben.sachdeva@gmail.com,CUSTOMER,HETALLS GLOBAL PRIVATE LIMITED,Individual,Consumer,COTTON DHURRIE-MR-61,2.6 X 4 FT,1,$59.80,HANDMADE COTTON DHURRIE-MR-61-2.6 X 4 FT,57050024,,,,,,,,1-Aug-2026,
,,,RF-13200,ETSY-RUGSFOREVER,4124760420,Ohood Alshareef,,25-Jul-2026,1,WOOL JUTE,2 X 6 FT,Yes,29-Jul-2026,DISPATCHED,,8-Aug-2026,WJRH-22,Dispatch,,Ohood Alshareef,8395 Al Hawafiz ,," حي النهضة
جدة ",JENC,8395,Saudi Arabia,966565501699,ohalshareef@gmail.com,CUSTOMER,HETALLS GLOBAL PRIVATE LIMITED,Individual,Consumer,WOOL JUTE-WJRH-22,2 X 6 FT,1,$100.75,HANDMADE WOOL JUTE-WJRH-22-2 X 6 FT,57050039,,,,,,,3-Aug-2026,8-Aug-2026,
,,SET OF 25 PCS,RF-13201,ETSY-RUGSFOREVER,4125733217,Amy Brown,,25-Jul-2026,2,Wool,9 X 29 Inch,No,29-Jul-2026,LATE,,,NR-1102,Dispatch,,Amy Brown,711 W 40th St,Ste 153 Box 298,Baltimore,MD,21211,United States,,aeb55@georgetown.edu,CUSTOMER,HETALLS GLOBAL PRIVATE LIMITED,Individual,Consumer,Wool-NR-1102,9 X 29 Inch,2,"$1,354.60",HANDMADE Wool-NR-1102-9 X 29 Inch,FALSE,,,,RANJIT JI,,,,,
,,SET OF 10 PCS,RF-13202,ETSY-RUGSFOREVER,4125738467,Kacey Zych,,25-Jul-2026,1,JUTE DHURRIE,8 X 28 Inch,No,29-Jul-2026,DISPATCHED,,28-Jul-2026,NR-1101A,Dispatch,,Kacey Zych,1119 Forest Street,,MARSHFIELD,MA,2050,United States,5084943829,kzych25@yahoo.com,CUSTOMER,HETALLS GLOBAL PRIVATE LIMITED,Individual,Consumer,JUTE DHURRIE-NR-1101A,8 X 28 Inch,1,$96.85,HANDMADE JUTE DHURRIE-NR-1101A-8 X 28 Inch,57050039,,,,,,,27-Jul-2026,28-Jul-2026,
,TOP URGENT,TOP URGENT,RF-13203,Amazon,113-6262443-2292218,Maria Concilio,,25-Jul-2026,1,COTTON DHURRIE,3 X 5 FT,Yes,30-Jul-2026,DISPATCHED,,1-Aug-2026,JHGD-10,Dispatch,,Ava Glasser,354 OLD STATE RD,,BINGHAMTON,NY,13904-2606,United States,763-225-9463 ext. 35864,,CUSTOMER,HETALLS GLOBAL PRIVATE LIMITED,Individual,Consumer,COTTON DHURRIE-JHGD-10,3 X 5 FT,1,$79.00,HANDMADE COTTON DHURRIE-JHGD-10-3 X 5 FT,57050024,,,,,,,,1-Aug-2026,
,TOP URGENT,TOP URGENT,RF-13204,Amazon,114-1089992-4369823,jesika long,,25-Jul-2026,1,COTTON DHURRIE,2 X 6 FT,Yes,30-Jul-2026,DISPATCHED,,1-Aug-2026,HP-105,Dispatch,,jesika long,3813 RED DEER CIR,,PANAMA CITY,FL,32404-3176,United States,415-419-8616 ext. 12079,,CUSTOMER,HETALLS GLOBAL PRIVATE LIMITED,Individual,Consumer,COTTON DHURRIE-HP-105,2 X 6 FT,1,$69.30,HANDMADE COTTON DHURRIE-HP-105-2 X 6 FT,57050024,,,,,,,,1-Aug-2026,
,TOP URGENT,TOP URGENT,RF-13205,Amazon,111-6712533-6913854,Dave Blackmon,,25-Jul-2026,1,COTTON DHURRIE,2 X 12 FT,No,30-Jul-2026,DISPATCHED,,1-Aug-2026,STK-26O,Dispatch,,William D Blackmon,2837 DIEDERICH RD,,BERGER,MO,63014-1619,United States,763-225-9463 ext. 31072,,CUSTOMER,HETALLS GLOBAL PRIVATE LIMITED,Individual,Consumer,COTTON DHURRIE-STK-26O,2 X 12 FT,1,$155.00,HANDMADE COTTON DHURRIE-STK-26O-2 X 12 FT,57050024,,,,,,,,1-Aug-2026,
,TOP URGENT,TOP URGENT,RF-13206-1/2,Amazon,112-9046779-6477866,Sloan Delfi,,25-Jul-2026,1,JUTE DHURRIE,5 X 7 FT,No,31-Jul-2026,DISPATCHED,,3-Aug-2026,NR-99K,Dispatch,,Sloan Delfi,1443 RIVERSIDE STATION BLVD,,SECAUCUS,NJ,07094-4403,United States,412-532-4665 ext. 13426,,CUSTOMER,HETALLS GLOBAL PRIVATE LIMITED,Individual,Consumer,JUTE DHURRIE-NR-99K,5 X 7 FT,1,$251.20,HANDMADE JUTE DHURRIE-NR-99K-5 X 7 FT,57050039,,,,,,,3-Aug-2026,3-Aug-2026,
,TOP URGENT,TOP URGENT,RF-13206-2/2,Amazon,112-9046779-6477866,Sloan Delfi,,25-Jul-2026,1,COTTON DHURRIE,4 X 12 FT,No,30-Jul-2026,DISPATCHED,,3-Aug-2026,STK-26O,Dispatch,,Sloan Delfi,1443 RIVERSIDE STATION BLVD,,SECAUCUS,NJ,07094-4403,United States,412-532-4665 ext. 13426,,CUSTOMER,HETALLS GLOBAL PRIVATE LIMITED,Individual,Consumer,COTTON DHURRIE-STK-26O,4 X 12 FT,1,$248.00,HANDMADE COTTON DHURRIE-STK-26O-4 X 12 FT,57050024,,,,,,,,3-Aug-2026,
,TOP URGENT,TOP URGENT,RF-13207,Amazon,114-5053303-2660267,Ryan P Whitacre,,25-Jul-2026,1,COTTON DHURRIE,2.6 X 20 FT,Yes,30-Jul-2026,DISPATCHED,,3-Aug-2026,HP-281,Dispatch,,Ryan Whitacre & James Bair,66 LINDA ST,,SAN FRANCISCO,CA,94110-1616,United States,415-851-9136 ext. 81791,,CUSTOMER,HETALLS GLOBAL PRIVATE LIMITED,Individual,Consumer,COTTON DHURRIE-HP-281,2.6 X 20 FT,1,$338.00,HANDMADE COTTON DHURRIE-HP-281-2.6 X 20 FT,57050024,,,,,,,,3-Aug-2026,
,TOP URGENT,TOP URGENT,RF-13208,Amazon,113-7983106-2053020,Robin,,25-Jul-2026,2,JUTE DHURRIE,2 X 3 FT,No,31-Jul-2026,DISPATCHED,,31-Jul-2026,NR-30,Dispatch,,Robin Davis,7424 W 81ST ST,,LOS ANGELES,CA,90045-2304,United States,207-835-4259 ext. 38044,,CUSTOMER,HETALLS GLOBAL PRIVATE LIMITED,Individual,Consumer,JUTE DHURRIE-NR-30,2 X 3 FT,2,$83.20,HANDMADE JUTE DHURRIE-NR-30-2 X 3 FT,57050039,,,,,,,30-Jul-2026,31-Jul-2026,
,,,RF-13209,PEPPERFRY,310888513_FU2034113-S-PM39203,Vanaja Reddy,,25-Jul-2026,1,COTTON DHURRIE,2 X 3 FT,Yes,29-Jul-2026,DISPATCHED,,3-Aug-2026,JHGD-12A,Dispatch,,Vanaja Reddy,"Plot 1A , Huda Enclave ","Opposite Vamshiram Jyoti Anry Apartments Road no 70, Jubilee Hills",Hyderabad,Telangana,500110,India,,,CUSTOMER,HETALLS GLOBAL PRIVATE LIMITED,Individual,Consumer,COTTON DHURRIE-JHGD-12A,2 X 3 FT,1,$13.05,HANDMADE COTTON DHURRIE-JHGD-12A-2 X 3 FT,57050024,,,,,,,,1-Aug-2026,
,TOP URGENT,TOP URGENT,RF-13210,AMAZON,202-5382173-1684367,Samantha,,25-Jul-2026,1,JUTE DHURRIE,3 FT SQUARE,No,31-Jul-2026,DISPATCHED,,28-Jul-2026,VI-64,Dispatch,,Samantha Maye,16 BROOK STREET,HUNCOTE,LEICESTER,,LE9 3AB,United Kingdom,447894744556,,CUSTOMER,HETALLS GLOBAL PRIVATE LIMITED,Individual,Consumer,JUTE DHURRIE-VI-64,3 FT SQUARE,1,$67.70,HANDMADE JUTE DHURRIE-VI-64-3 FT SQUARE,57050039,,,,,,,27-Jul-2026,28-Jul-2026,
,TOP URGENT,TOP URGENT,RF-13211,AMAZON,114-2565484-5492248,Winthrop,,25-Jul-2026,1,COTTON DHURRIE,2 X 6 FT,No,30-Jul-2026,DISPATCHED,,1-Aug-2026,STK-26O,Dispatch,,Winthrop G. Gardner,3805 CHIMNEY RIDGE PL APT 206,,DURHAM,NC,27713-9148,United States,1 415-851-9136 ext. 27710,,CUSTOMER,HETALLS GLOBAL PRIVATE LIMITED,Individual,Consumer,COTTON DHURRIE-STK-26O,2 X 6 FT,1,$76.50,HANDMADE COTTON DHURRIE-STK-26O-2 X 6 FT,57050024,,,,,,,,1-Aug-2026,
,,"Etsy’s UK VAT number, 370 6004 28",RF-13212,ETSY-CASAVANI,4127113759,"
Rachel Sayer",,27-Jul-2026,1,COTTON DHURRIE,2.6 X 6 FT,No,30-Jul-2026,DISPATCHED,,30-Jul-2026,STK-76R,Dispatch,,"
Rachel Sayer",109 Upsdell,,London,,N13 6JJ,United Kingdom,,rachelnatashasayer@yahoo.co.uk,CUSTOMER,HETALLS GLOBAL PRIVATE LIMITED,Individual,Consumer,COTTON DHURRIE-STK-76R,2.6 X 6 FT,1,$68.25,HANDMADE COTTON DHURRIE-STK-76R-2.6 X 6 FT,57050024,,,,,,,,29-Jul-2026,
,,"Etsy’s UK VAT number, 370 6004 28",RF-13213,ETSY-CASAVANI,4126676072,"
	
Laurie Oliva",,27-Jul-2026,1,COTTON DHURRIE,2 X 6 FT,Yes,31-Jul-2026,DISPATCHED,,29-Jul-2026,STK-76R,Dispatch,,"
	
Laurie Oliva",92 Mary Datchelor Close,Camberwell,London,,SE5 7DY,United Kingdom,7961783532,laurie.oliva14@gmail.com,CUSTOMER,HETALLS GLOBAL PRIVATE LIMITED,Individual,Consumer,COTTON DHURRIE-STK-76R,2 X 6 FT,1,$58.50,HANDMADE COTTON DHURRIE-STK-76R-2 X 6 FT,57050024,,,,,,,,29-Jul-2026,
,,SET OF 11 PCS,RF-13214,ETSY-RUGSFOREVER,4126636611,Priya Devarajan,,27-Jul-2026,1,CHINDI-COTTON,9 X 28 Inch,No,31-Jul-2026,DISPATCHED,,31-Jul-2026,NR-1100D,Dispatch,,Priya Devarajan,1 Haskel Ct,,"Stony Brook,",NY, ,United States,201 6889757,priyadevarajan1987@gmail.com,CUSTOMER,HETALLS GLOBAL PRIVATE LIMITED,Individual,Consumer,CHINDI-COTTON-NR-1100D,9 X 28 Inch,1,$135.85,HANDMADE CHINDI-COTTON-NR-1100D-9 X 28 Inch,57050024,,,,,,,30-Jul-2026,,
," VAT number, 370 6004 28",SET OF 10 PCS,RF-13215,ETSY-RUGSFOREVER,4127212009,Jenny Iles,,27-Jul-2026,1,CHINDI-COTTON,8 X 24 Inch,No,31-Jul-2026,DISPATCHED,,31-Jul-2026,NR-1100D,Dispatch,,Jenny Iles,99 London Road,,"Calne,","Calne,",SN11 0AD,United Kingdom,07868 666464,jenny.iles@live.co.uk,CUSTOMER,HETALLS GLOBAL PRIVATE LIMITED,Individual,Consumer,CHINDI-COTTON-NR-1100D,8 X 24 Inch,1,$104.00,HANDMADE CHINDI-COTTON-NR-1100D-8 X 24 Inch,57050024,,,,,,,30-Jul-2026,,
,,,RF-13216,ETSY-RUGSFOREVER,4127106742,Chad Jenkins,,27-Jul-2026,1,CHINDI COTTON-JUTE,4 X 6 FT,Yes,31-Jul-2026,DISPATCHED,,29-Jul-2026,HW-39,Dispatch,,Chad Jenkins,3565 Ridgewood Ct,,Conord,CA,94518,United States,,coach@gumsaba.com,CUSTOMER,HETALLS GLOBAL PRIVATE LIMITED,Individual,Consumer,CHINDI COTTON-JUTE-HW-39,4 X 6 FT,1,$191.25,HANDMADE CHINDI COTTON-JUTE-HW-39-4 X 6 FT,57050039,,,,IN STOCK,,,,29-Jul-2026,
,TOP URGENT,TOP URGENT,RF-13217,Amazon,114-4222173-2357820,alex,,27-Jul-2026,1,JUTE DHURRIE,2.6 X 4 FT,No,1-Aug-2026,DISPATCHED,,3-Aug-2026,NR-129,Dispatch,,Alex Call XSZLPW,2100 W HUBBARD ST,,CHICAGO,IL,60612-1612,United States,415-851-9136 ext. 26679,,CUSTOMER,HETALLS GLOBAL PRIVATE LIMITED,Individual,Consumer,JUTE DHURRIE-NR-129,2.6 X 4 FT,1,$64.00,HANDMADE JUTE DHURRIE-NR-129-2.6 X 4 FT,57050039,,,,,,,3-Aug-2026,3-Aug-2026,
,TOP URGENT,TOP URGENT,RF-13218,Amazon,113-0736438-5559428,Sarah mccurdy,,27-Jul-2026,1,WOOL JUTE,4 X 6 FT,Yes,10-Aug-2026,DISPATCHED,,29-Jul-2026,WJRH-15,Dispatch,,Sarah mccurdy,870 tuxedo blvd,,Webster groves,Mo,63119,United States,207-835-4259 ext. 14715,,CUSTOMER,HETALLS GLOBAL PRIVATE LIMITED,Individual,Consumer,WOOL JUTE-WJRH-15,4 X 6 FT,1,$155.00,HANDMADE WOOL JUTE-WJRH-15-4 X 6 FT,57050039,,,,,,,,29-Jul-2026,
,TOP URGENT,TOP URGENT,RF-13219,Amazon,111-6257887-8953807,Dillon Barnell,,27-Jul-2026,1,COTTON DHURRIE,2.6 X 8 FT,No,31-Jul-2026,DISPATCHED,,3-Aug-2026,STK-26O,Dispatch,,Catherine Dillon Barnell,1508 THOROUGHBRED BLVD,,JOHNS ISLAND,SC,29455-8520,United States,314-282-9402 ext. 51728,,CUSTOMER,HETALLS GLOBAL PRIVATE LIMITED,Individual,Consumer,COTTON DHURRIE-STK-26O,2.6 X 8 FT,1,$120.00,HANDMADE COTTON DHURRIE-STK-26O-2.6 X 8 FT,57050024,,,,,,,,3-Aug-2026,
,TOP URGENT,TOP URGENT,RF-13220,Amazon,114-6721389-4080237,G P Crossley,,27-Jul-2026,1,WOOL JUTE,4 X 6 FT,No,10-Aug-2026,DISPATCHED,,14-Aug-2026,DWJ-11,Dispatch,,G P Pat Crossley,4700 ZUNI DR,,ROSWELL,NM,88201-9490,United States,210-728-4548 ext. 11604,,CUSTOMER,HETALLS GLOBAL PRIVATE LIMITED,Individual,Consumer,WOOL JUTE-DWJ-11,4 X 6 FT,1,$248.00,HANDMADE WOOL JUTE-DWJ-11-4 X 6 FT,57050039,,,,,,,12-Aug-2026,14-Aug-2026,
"Buyer cancellation
Cancellation reason: Item(s) Would Not Arrive on Time",TOP URGENT,TOP URGENT,RF-13221,Amazon,113-8040249-5925863,jill johnson,,27-Jul-2026,1,COTTON DHURRIE,5 X 8 FT,Yes,31-Jul-2026,CANCELLED,CANCELLED,,JHGD-12A,Dispatch,,jill johnson,28 BOULDER RDG,,CANTON,CT,06019-2483,United States,415-419-8616 ext. 58765,,CUSTOMER,HETALLS GLOBAL PRIVATE LIMITED,Individual,Consumer,COTTON DHURRIE-JHGD-12A,5 X 8 FT,1,$208.00,HANDMADE COTTON DHURRIE-JHGD-12A-5 X 8 FT,57050024,,,,,,,,,
,TOP URGENT,TOP URGENT,RF-13222,Amazon,111-1834910-0353861,Janice Devine,,27-Jul-2026,1,COTTON DHURRIE,2 X 6 FT,Yes,31-Jul-2026,DISPATCHED,,1-Aug-2026,JHGD-02A,Dispatch,,Janice Devine,5446  Dempsey y Ave,,St Louis,MO,63110-2912,United States,415-419-8616 ext. 76430,,CUSTOMER,HETALLS GLOBAL PRIVATE LIMITED,Individual,Consumer,COTTON DHURRIE-JHGD-02A,2 X 6 FT,1,$53.10,HANDMADE COTTON DHURRIE-JHGD-02A-2 X 6 FT,57050024,,,,,,,,1-Aug-2026,
,TOP URGENT,TOP URGENT,RF-13223,Amazon,111-7135512-4372202,Emilia Barnier,,27-Jul-2026,1,JUTE DHURRIE,2.6 X 8 FT,No,1-Aug-2026,DISPATCHED,,3-Aug-2026,NR-30,Dispatch,,Emilia Barnier,9624 FRONTIER AVE SE UNIT A105,,SNOQUALMIE,WA,98065-5301,United States,207-835-4259 ext. 88960,,CUSTOMER,HETALLS GLOBAL PRIVATE LIMITED,Individual,Consumer,JUTE DHURRIE-NR-30,2.6 X 8 FT,1,$96.00,HANDMADE JUTE DHURRIE-NR-30-2.6 X 8 FT,57050039,,,,,,,3-Aug-2026,3-Aug-2026,
,TOP URGENT,TOP URGENT,RF-13224,Amazon,111-5803251-9560217,Megan Garrett,,27-Jul-2026,1,COTTON DHURRIE,2.6 X 4 FT,Yes,31-Jul-2026,DISPATCHED,,31-Jul-2026,JHGD-12A,Dispatch,,Megan Bajrovic,8331 THREADFIN WAY,,FULSHEAR,TX,77441-2655,United States,415-851-9136 ext. 18764,,CUSTOMER,HETALLS GLOBAL PRIVATE LIMITED,Individual,Consumer,COTTON DHURRIE-JHGD-12A,2.6 X 4 FT,1,$64.00,HANDMADE COTTON DHURRIE-JHGD-12A-2.6 X 4 FT,57050024,,,,,,,,31-Jul-2026,
,TOP URGENT,TOP URGENT,RF-13225,Amazon,111-6272840-6444261,Carolyn Haugen,,27-Jul-2026,1,JUTE DHURRIE,2.6 X 4 FT,No,1-Aug-2026,DISPATCHED,,31-Jul-2026,NR-108,Dispatch,,Carolyn Haugen,8800 Johnson Rd.,condo 135,The Plains,OH,45780,United States,619-854-2705 ext. 96952,,CUSTOMER,HETALLS GLOBAL PRIVATE LIMITED,Individual,Consumer,JUTE DHURRIE-NR-108,2.6 X 4 FT,1,$64.00,HANDMADE JUTE DHURRIE-NR-108-2.6 X 4 FT,57050039,,,,,,,30-Jul-2026,31-Jul-2026,
,TOP URGENT,TOP URGENT,RF-13226,Amazon,114-1645758-7940268,Patricia Deangelis,,27-Jul-2026,1,COTTON DHURRIE,6 X 8 FT,Yes,31-Jul-2026,DISPATCHED,,3-Aug-2026, STK-10C,Dispatch,,Patricia Deangelis,1581 ADVENTURE XING APT 202,,MOUNT PLEASANT,SC,29466-7305,United States,763-225-9463 ext. 12698,,CUSTOMER,HETALLS GLOBAL PRIVATE LIMITED,Individual,Consumer,COTTON DHURRIE- STK-10C,6 X 8 FT,1,$248.00,HANDMADE COTTON DHURRIE- STK-10C-6 X 8 FT,57050024,,,,,,,,3-Aug-2026,
,TOP URGENT,TOP URGENT,RF-13227,Amazon,114-8487721-7641027,Becca Moore,,27-Jul-2026,1,COTTON DHURRIE,3 X 5 FT,Yes,31-Jul-2026,DISPATCHED,,1-Aug-2026,JHGD-02A,Dispatch,,Becca Moore,390 SHADOWLAWN DR,,LOUISVILLE,KY,40229-4444,United States,412-532-4665 ext. 44516,,CUSTOMER,HETALLS GLOBAL PRIVATE LIMITED,Individual,Consumer,COTTON DHURRIE-JHGD-02A,3 X 5 FT,1,$79.00,HANDMADE COTTON DHURRIE-JHGD-02A-3 X 5 FT,57050024,,,,,,,,1-Aug-2026,
,TOP URGENT,TOP URGENT,RF-13228,Amazon,112-0413347-3589814,Leslie and Jeffrey Hirsch,,27-Jul-2026,1,WOOL JUTE,3 X 5 FT,Yes,10-Aug-2026,DISPATCHED,,5-Aug-2026,WJRH-15,Dispatch,,Leslie Hirsch,190 N MILWAUKEE AVE APT 503,,WHEELING,IL,60090-3035,United States,480-618-5344 ext. 70004,,CUSTOMER,HETALLS GLOBAL PRIVATE LIMITED,Individual,Consumer,WOOL JUTE-WJRH-15,3 X 5 FT,1,$86.45,HANDMADE WOOL JUTE-WJRH-15-3 X 5 FT,57050039,,,,,,,4-Aug-2026,5-Aug-2026,
,TOP URGENT,TOP URGENT,RF-13229,Amazon,114-8560354-6619402,Peter Wilson,,27-Jul-2026,1,WOOL JUTE,4 X 6 FT,Yes,10-Aug-2026,DISPATCHED,,5-Aug-2026,DWJ-16,Dispatch,,Peter Wilson,56880 VENTURE LN STE 104N # 410,,BEND,OR,97707-2089,United States,415-419-8616 ext. 52733,,CUSTOMER,HETALLS GLOBAL PRIVATE LIMITED,Individual,Consumer,WOOL JUTE-DWJ-16,4 X 6 FT,1,$248.00,HANDMADE WOOL JUTE-DWJ-16-4 X 6 FT,57050039,,,,,,,4-Aug-2026,5-Aug-2026,
Buyer National Id: MEXH661031MNECXSOO,TOP URGENT,TOP URGENT,RF-13230-1/3,Amazon,701-7031238-4275418,Hassiba Mechentel,,27-Jul-2026,1,WOOL JUTE,3 X 10 FT,Yes,10-Aug-2026,DISPATCHED,,14-Aug-2026,WJRH-15,Dispatch,,Hassiba Mechentel,Calle De La Paloma 7A,ALLENDE,SAN MIGUEL DE ALLENDE,GUANAJUATO,37760,Mexico,16504004922,,CUSTOMER,HETALLS GLOBAL PRIVATE LIMITED,Individual,Consumer,WOOL JUTE-WJRH-15,3 X 10 FT,1,$224.92,HANDMADE WOOL JUTE-WJRH-15-3 X 10 FT,57050039,,,,,,,13-Aug-2026,14-Aug-2026,
Buyer National Id: MEXH661031MNECXSOO,TOP URGENT,TOP URGENT,RF-13230-2/3,Amazon,701-7031238-4275418,Hassiba Mechentel,,27-Jul-2026,1,WOOL JUTE,2.6 X 12 FT,Yes,10-Aug-2026,DISPATCHED,,14-Aug-2026,WJRH-30,Dispatch,,Hassiba Mechentel,Calle De La Paloma 7A,ALLENDE,SAN MIGUEL DE ALLENDE,GUANAJUATO,37760,Mexico,16504004922,,CUSTOMER,HETALLS GLOBAL PRIVATE LIMITED,Individual,Consumer,WOOL JUTE-WJRH-30,2.6 X 12 FT,1,$228.94,HANDMADE WOOL JUTE-WJRH-30-2.6 X 12 FT,57050039,,,,,,,12-Aug-2026,14-Aug-2026,
Buyer National Id: MEXH661031MNECXSOO,TOP URGENT,TOP URGENT,RF-13230-3/3,Amazon,701-7031238-4275418,Hassiba Mechentel,,27-Jul-2026,2,WOOL JUTE,3 X 12 FT,Yes,10-Aug-2026,DISPATCHED,,14-Aug-2026,WJRH-30,Dispatch,,Hassiba Mechentel,Calle De La Paloma 7A,ALLENDE,SAN MIGUEL DE ALLENDE,GUANAJUATO,37760,Mexico,16504004922,,CUSTOMER,HETALLS GLOBAL PRIVATE LIMITED,Individual,Consumer,WOOL JUTE-WJRH-30,3 X 12 FT,2,$528.18,HANDMADE WOOL JUTE-WJRH-30-3 X 12 FT,57050039,,,,,,,12-Aug-2026,14-Aug-2026,
,TOP URGENT,TOP URGENT,RF-13231,Amazon,111-9252911-9216250,Brandy McCollim,,27-Jul-2026,1,JUTE DHURRIE,4 X 4 FT,No,10-Aug-2026,DISPATCHED,,1-Aug-2026,NR-76,Dispatch,,Brandy McCollim,7506 137TH STREET CT E,,PUYALLUP,WA,98373-6417,United States,619-854-2705 ext. 24918,,CUSTOMER,HETALLS GLOBAL PRIVATE LIMITED,Individual,Consumer,JUTE DHURRIE-NR-76,4 X 4 FT,1,$88.00,HANDMADE JUTE DHURRIE-NR-76-4 X 4 FT,57050039,,,,,,,30-Jul-2026,31-Jul-2026,
,TOP URGENT,TOP URGENT,RF-13232,Amazon,111-3768263-5976261,Craig Tatum,,27-Jul-2026,1,WOOL JUTE,8 X 10 FT,Yes,10-Aug-2026,DISPATCHED,,7-Aug-2026,WJRH-13,Dispatch,,Craig Tatum,2207 Miranda Lane,,Rockwall,TX,75087,United States,480-618-5344 ext. 93634,,CUSTOMER,HETALLS GLOBAL PRIVATE LIMITED,Individual,Consumer,WOOL JUTE-WJRH-13,8 X 10 FT,1,$468.00,HANDMADE WOOL JUTE-WJRH-13-8 X 10 FT,57050039,,,,,,,3-Aug-2026,7-Aug-2026,
,TOP URGENT,TOP URGENT,RF-13233,Amazon,114-3412134-0301042,arielle taitz,,27-Jul-2026,1,COTTON DHURRIE,6 X 9 FT,Yes,31-Jul-2026,DISPATCHED,,3-Aug-2026,JHGD-02A,Dispatch,,arielle taitz,120 MAPLE AVE APT 2,,CEDARHURST,NY,11516-2238,United States,619-854-2705 ext. 97137,,CUSTOMER,HETALLS GLOBAL PRIVATE LIMITED,Individual,Consumer,COTTON DHURRIE-JHGD-02A,6 X 9 FT,1,$280.00,HANDMADE COTTON DHURRIE-JHGD-02A-6 X 9 FT,57050024,,,,,,,,3-Aug-2026,
,TOP URGENT,TOP URGENT,RF-13234,Amazon,113-6260228-1801048,Garrett Hightower,,27-Jul-2026,1,COTTON DHURRIE,2 X 20 FT,No,31-Jul-2026,DISPATCHED,,1-Aug-2026,HP-259,Dispatch,,Garrett & Olivia Hightower,16497 WOODVILLE RD,,BRANDYWINE,MD,20613-4122,United States,619-854-2705 ext. 44140,,CUSTOMER,HETALLS GLOBAL PRIVATE LIMITED,Individual,Consumer,COTTON DHURRIE-HP-259,2 X 20 FT,1,$251.00,HANDMADE COTTON DHURRIE-HP-259-2 X 20 FT,57050024,,,,,,,,1-Aug-2026,
,TOP URGENT,TOP URGENT,RF-13235,Amazon,202-9966949-6743516,Shirley soave,,27-Jul-2026,2,JUTE DHURRIE,2.6 X 4 FT,No,1-Aug-2026,DISPATCHED,,3-Aug-2026,VI-59,Dispatch,,MISS Shirley Soave,11A QUEEN STREET,,FORFAR,Angus,DD8 3AJ,United Kingdom,7907583778,,CUSTOMER,HETALLS GLOBAL PRIVATE LIMITED,Individual,Consumer,JUTE DHURRIE-VI-59,2.6 X 4 FT,2,$97.27,HANDMADE JUTE DHURRIE-VI-59-2.6 X 4 FT,57050039,,,,,,,3-Aug-2026,3-Aug-2026,
,TOP URGENT,TOP URGENT,RF-13236-1/2,Amazon,204-2621606-3070722,Elisabeth Gray,,27-Jul-2026,1,COTTON DHURRIE,2.6 X 4 FT,Yes,31-Jul-2026,DISPATCHED,,1-Aug-2026,STK-26B,Dispatch,,Elisabeth Gray,THE OLD ORCHARD,MARLEY HEIGHTS,HASLEMERE,,GU27 3LU,United Kingdom,447778000012,,CUSTOMER,HETALLS GLOBAL PRIVATE LIMITED,Individual,Consumer,COTTON DHURRIE-STK-26B,2.6 X 4 FT,1,$56.75,HANDMADE COTTON DHURRIE-STK-26B-2.6 X 4 FT,57050024,,,,,,,,1-Aug-2026,
,TOP URGENT,TOP URGENT,RF-13236-2/2,Amazon,204-2621606-3070722,Elisabeth Gray,,27-Jul-2026,1,COTTON DHURRIE,2.6 X 8 FT,Yes,31-Jul-2026,DISPATCHED,,1-Aug-2026,STK-26B,Dispatch,,Elisabeth Gray,THE OLD ORCHARD,MARLEY HEIGHTS,HASLEMERE,,GU27 3LU,United Kingdom,447778000012,,CUSTOMER,HETALLS GLOBAL PRIVATE LIMITED,Individual,Consumer,COTTON DHURRIE-STK-26B,2.6 X 8 FT,1,$84.57,HANDMADE COTTON DHURRIE-STK-26B-2.6 X 8 FT,57050024,,,,,,,,1-Aug-2026,
IOSS VAT identification number:  IM4420001405,TOP URGENT,TOP URGENT,RF-13237,Amazon,302-2710245-4204333,Marija Dragovic,,27-Jul-2026,1,COTTON DHURRIE,2.6 X 8 FT,Yes,31-Jul-2026,DISPATCHED,,4-Aug-2026,HGD-T-501,Dispatch,,Pero Bošnjak,Gore Selo 20,,Radovcici,Konavle,20215,Croatia,955225294,,CUSTOMER,HETALLS GLOBAL PRIVATE LIMITED,Individual,Consumer,COTTON DHURRIE-HGD-T-501,2.6 X 8 FT,1,$96.17,HANDMADE COTTON DHURRIE-HGD-T-501-2.6 X 8 FT,57050024,,,,,,,,3-Aug-2026,
,TOP URGENT,TOP URGENT,RF-13238,Amazon,203-0144371-5395503,Jitka Hrtonova,,27-Jul-2026,1,JUTE DHURRIE,2.6 X 10 FT,No,1-Aug-2026,DISPATCHED,,1-Aug-2026,VI-25,Dispatch,,Jitka Hrtonova,5 ALBION ROAD,SELSEY,CHICHESTER,,PO20 0DH,United Kingdom,7874217211,,CUSTOMER,HETALLS GLOBAL PRIVATE LIMITED,Individual,Consumer,JUTE DHURRIE-VI-25,2.6 X 10 FT,1,$152.46,HANDMADE JUTE DHURRIE-VI-25-2.6 X 10 FT,57050039,,,,,,,30-Jul-2026,1-Aug-2026,
,TOP URGENT,TOP URGENT,RF-13239,Amazon,114-6898553-5793869,Emily,,27-Jul-2026,1,COTTON DHURRIE,2 X 6 FT,Yes,31-Jul-2026,DISPATCHED,,31-Jul-2026,JHGD-02A,Dispatch,,Emily Pesch,703 W 11TH ST APT 5,,AUSTIN,TX,78701-2003,United States,1 415-851-9136 ext. 62336,,CUSTOMER,HETALLS GLOBAL PRIVATE LIMITED,Individual,Consumer,COTTON DHURRIE-JHGD-02A,2 X 6 FT,1,$53.10,HANDMADE COTTON DHURRIE-JHGD-02A-2 X 6 FT,57050024,,,,,,,,31-Jul-2026,
,TOP URGENT,TOP URGENT,RF-13240,AMAZON,113-5819137-6289027,benjamin,,28-Jul-2026,1,JUTE DHURRIE,2.6 X 4 FT,No,1-Aug-2026,DISPATCHED,,31-Jul-2026,NR-108,Dispatch,,benjamin spaulding,29384 VIA DESTELLO,,VALENCIA,CA ,91354-1677,United States,1 415-419-8616 ext. 24101,,CUSTOMER,HETALLS GLOBAL PRIVATE LIMITED,Individual,Consumer,JUTE DHURRIE-NR-108,2.6 X 4 FT,1,$57.60,HANDMADE JUTE DHURRIE-NR-108-2.6 X 4 FT,57050039,,,,,,,30-Jul-2026,31-Jul-2026,
,TOP URGENT,TOP URGENT,RF-13241,AMAZON,206-4217296-1283540,sharon,,28-Jul-2026,1,JUTE DHURRIE,2.6 X 8 FT,No,1-Aug-2026,DISPATCHED,,1-Aug-2026,VI-61,Dispatch,,Sharon Anderson,31 Rushton Road,Desborough,KETTERING,Northants,NN14 2RN,United Kingdom,8450714393,,CUSTOMER,HETALLS GLOBAL PRIVATE LIMITED,Individual,Consumer,JUTE DHURRIE-VI-61,2.6 X 8 FT,1,$84.34,HANDMADE JUTE DHURRIE-VI-61-2.6 X 8 FT,57050039,,,,,,,30-Jul-2026,1-Aug-2026,
,,,RF-13242,ETSY-CASAVANI,4128747603,"
Cynthia Collins",,28-Jul-2026,1,COTTON DHURRIE,2 X 6 FT,Yes,1-Aug-2026,DISPATCHED,,3-Aug-2026,HGD-110,Dispatch,,"
Cynthia Collins",45 Heather Mist Drive,,WEAVERVILLE,NC,28787,United States,(609)592-3560,cyndala53@gmail.com,CUSTOMER,HETALLS GLOBAL PRIVATE LIMITED,Individual,Consumer,COTTON DHURRIE-HGD-110,2 X 6 FT,1,$62.40,HANDMADE COTTON DHURRIE-HGD-110-2 X 6 FT,57050024,,,,,,,,3-Aug-2026,
,TOP URGENT,TOP URGENT,RF-13243,AMAZON,113-4281052-7236208,Elliot,,28-Jul-2026,1,COTTON DHURRIE,2 X 6 FT,No,31-Jul-2026,DISPATCHED,,4-Aug-2026,MR-08A,Dispatch,,Elliot Hendler,1329 S 10TH ST,,PHILADELPHIA,PA,19147-5618,United States,415-419-8616 ext. 58388,,CUSTOMER,HETALLS GLOBAL PRIVATE LIMITED,Individual,Consumer,COTTON DHURRIE-MR-08A,2 X 6 FT,1,$85.00,HANDMADE COTTON DHURRIE-MR-08A-2 X 6 FT,57050024,,,,,,,,4-Aug-2026,
,TOP URGENT,TOP URGENT,RF-13244,AMAZON,113-7477911-2749023,Tonya Bumgardner,,28-Jul-2026,1,COTTON DHURRIE,2 X 12 FT,No,31-Jul-2026,DISPATCHED,,1-Aug-2026,HP-259,Dispatch,,Tonya Bumgardner,111 OAKVIEW RD,,BROOKHAVEN,MS,39601-3769,United States,415-419-8616 ext. 44131,,CUSTOMER,HETALLS GLOBAL PRIVATE LIMITED,Individual,Consumer,COTTON DHURRIE-HP-259,2 X 12 FT,1,$155.00,HANDMADE COTTON DHURRIE-HP-259-2 X 12 FT,57050024,,,,,,,,1-Aug-2026,
,TOP URGENT,TOP URGENT,RF-13245,AMAZON,112-8151508-1540267,Candace A Roberts,,28-Jul-2026,1,WOOL JUTE,2.6 X 14 FT,Yes,5-Aug-2026,DISPATCHED,,29-Jul-2026,WJRH-21,Dispatch,,Candace A Roberts,631 W MAIN ST,,LOUISVILLE,KY,40202-4921,United States,412-532-4665 ext. 35509,,CUSTOMER,HETALLS GLOBAL PRIVATE LIMITED,Individual,Consumer,WOOL JUTE-WJRH-21,2.6 X 14 FT,1,$235.00,HANDMADE WOOL JUTE-WJRH-21-2.6 X 14 FT,57050039,,,,IN STOCK,,,,,
,TOP URGENT,TOP URGENT,RF-13246,AMAZON,113-9749178-0383406,James A. Wills,,28-Jul-2026,1,JUTE DHURRIE,3 X 3 FT,No,31-Jul-2026,DISPATCHED,,31-Jul-2026, VI-41H,Dispatch,,SHERI WILLS,5606 MAIN ST,,MORTON GROVE,IL,60053,United States,000-000-0000,,CUSTOMER,HETALLS GLOBAL PRIVATE LIMITED,Individual,Consumer,JUTE DHURRIE- VI-41H,3 X 3 FT,1,$75.00,HANDMADE JUTE DHURRIE- VI-41H-3 X 3 FT,57050039,,,,,,,30-Jul-2026,31-Jul-2026,
,TOP URGENT,TOP URGENT,RF-13247,AMAZON,112-3083711-0011414,lea diya,,28-Jul-2026,1,WOOL JUTE,3 X 5 FT,Yes,5-Aug-2026,DISPATCHED,,12-Aug-2026,WJRH-21,Dispatch,,lea diya,3341 GASLIGHT LN,,SAUGATUCK,MI,49453-9497,United States,415-419-8616 ext. 43415,,CUSTOMER,HETALLS GLOBAL PRIVATE LIMITED,Individual,Consumer,WOOL JUTE-WJRH-21,3 X 5 FT,1,$99.00,HANDMADE WOOL JUTE-WJRH-21-3 X 5 FT,57050039,,,,,,,12-Aug-2026,12-Aug-2026,
,TOP URGENT,TOP URGENT,RF-13248,AMAZON,114-5985593-9384259,Laura R Solomon,,28-Jul-2026,1,JUTE DHURRIE,5 X 7 FT,No,31-Jul-2026,DISPATCHED,,1-Aug-2026,VI-24B,Dispatch,,Sebastian Infante,279 RIVERSVILLE RD,,GREENWICH,CT,06831-3226,United States,929-436-4790 ext. 84113,,CUSTOMER,HETALLS GLOBAL PRIVATE LIMITED,Individual,Consumer,JUTE DHURRIE-VI-24B,5 X 7 FT,1,$184.00,HANDMADE JUTE DHURRIE-VI-24B-5 X 7 FT,57050039,,,,,,,30-Jul-2026,1-Aug-2026,
,TOP URGENT,TOP URGENT,RF-13249,AMAZON,112-1516369-7886641,Natalie Mirabal,,28-Jul-2026,1,COTTON DHURRIE,4 X 4 FT,No,1-Aug-2026,DISPATCHED,,4-Aug-2026,JHGD-02C,Dispatch,,Natalie kent,10537 RED DWARF ST,,LAS VEGAS,NV,89143-1473,United States,314-282-9402 ext. 65183,,CUSTOMER,HETALLS GLOBAL PRIVATE LIMITED,Individual,Consumer,COTTON DHURRIE-JHGD-02C,4 X 4 FT,1,$110.00,HANDMADE COTTON DHURRIE-JHGD-02C-4 X 4 FT,57050024,,,,,,,,4-Aug-2026,
,TOP URGENT,TOP URGENT,RF-13250,AMAZON,112-0614613-9504263,Natalie Mirabal,,28-Jul-2026,1,COTTON DHURRIE,4 X 4 FT,Yes,31-Jul-2026,DISPATCHED,,3-Aug-2026,MR-13,Dispatch,,Natalie kent,10537 RED DWARF ST,,LAS VEGAS,NV,89143-1473,United States,619-854-2705 ext. 37880,,CUSTOMER,HETALLS GLOBAL PRIVATE LIMITED,Individual,Consumer,COTTON DHURRIE-MR-13,4 X 4 FT,1,$110.00,HANDMADE COTTON DHURRIE-MR-13-4 X 4 FT,57050024,,,,,,,,3-Aug-2026,
,TOP URGENT,TOP URGENT,RF-13251,AMAZON,112-8194688-7428248,jasmine bell,,28-Jul-2026,1,COTTON DHURRIE,2.6 X 10 FT,Yes,31-Jul-2026,DISPATCHED,,4-Aug-2026,JHGD-02A,Dispatch,,jasmine bell,45-202 PUALI KOA PL,,KANEOHE,HI,96744-2242,United States,929-436-4790 ext. 30892,,CUSTOMER,HETALLS GLOBAL PRIVATE LIMITED,Individual,Consumer,COTTON DHURRIE-JHGD-02A,2.6 X 10 FT,1,$121.50,HANDMADE COTTON DHURRIE-JHGD-02A-2.6 X 10 FT,57050024,,,,,,,,4-Aug-2026,
,,,RF-13252,ETSY-CASAVANI,4128197778,"
Bobbie Her",,28-Jul-2026,1,COTTON DHURRIE,5 X 7 FT,Yes,1-Aug-2026,DISPATCHED,,5-Aug-2026,HP-279,Dispatch,,"
Bobbie Her",715 Haight Avenue,,Alameda,CA ,94501,United States,,bbmee.her@gmail.com,CUSTOMER,HETALLS GLOBAL PRIVATE LIMITED,Individual,Consumer,COTTON DHURRIE-HP-279,5 X 7 FT,1,$172.25,HANDMADE COTTON DHURRIE-HP-279-5 X 7 FT,57050024,,,,,,,,5-Aug-2026,
,,SET OF 20 PCS,RF-13253-1/2,ETSY-RUGSFOREVER,4128907831,Yukti Ashok Agarwal,,28-Jul-2026,1,JUTE DHURRIE,9 X 29 Inch,No,3-Aug-2026,DISPATCHED,,6-Aug-2026,NR-1100F,Dispatch,,Yukti Ashok Agarwal,Camelia Cluster,"Damac Hills 2
Villa 748",Dubai,Dubai,,United Arab Emirates,971 56 142 7860,yukti.a2406@gmail.com,CUSTOMER,HETALLS GLOBAL PRIVATE LIMITED,Individual,Consumer,JUTE DHURRIE-NR-1100F,9 X 29 Inch,1,$234.50,HANDMADE JUTE DHURRIE-NR-1100F-9 X 29 Inch,57050039,,,,,,,3-Aug-2026,6-Aug-2026,
,,,RF-13253-2/2,ETSY-RUGSFOREVER,4128907831,Yukti Ashok Agarwal,,28-Jul-2026,1,JUTE DHURRIE,31 X 31 In landing,No,3-Aug-2026,DISPATCHED,,6-Aug-2026,NR-1100F,Dispatch,,Yukti Ashok Agarwal,Camelia Cluster,"Damac Hills 2
Villa 748",Dubai,Dubai,,United Arab Emirates,971 56 142 7860,yukti.a2406@gmail.com,CUSTOMER,HETALLS GLOBAL PRIVATE LIMITED,Individual,Consumer,JUTE DHURRIE-NR-1100F,31 X 31 In landing,1,$123.00,HANDMADE JUTE DHURRIE-NR-1100F-31 X 31 In landing,57050039,,,,,,,3-Aug-2026,6-Aug-2026,
,,,RF-13254,ETSY-CASAVANI,4128332316,Blakelyn Bailey,,28-Jul-2026,1,COTTON DHURRIE,3.6 X 12 FT,No,1-Aug-2026,DISPATCHED,,5-Aug-2026,STK-26B,Dispatch,,Blakelyn Bailey,7070 Willow,Creek Rd,Eden Prairie,MN,55344,United States,612-836-3633 ,blakelyn44@gmail.com,CUSTOMER,HETALLS GLOBAL PRIVATE LIMITED,Individual,Consumer,COTTON DHURRIE-STK-26B,3.6 X 12 FT,1,$204.75,HANDMADE COTTON DHURRIE-STK-26B-3.6 X 12 FT,57050024,,,,,,,,5-Aug-2026,
,TOP URGENT,TOP URGENT,RF-13255,AMAZON,026-2304886-6614753,Paula,,29-Jul-2026,1,JUTE DHURRIE,3 X 10 FT,No,31-Jul-2026,DISPATCHED,,1-Aug-2026,NR-97,Dispatch,,P Birch,41 Scalby Road,,Scarborough,,YO125PZ,United Kingdom,7979786855,,CUSTOMER,HETALLS GLOBAL PRIVATE LIMITED,Individual,Consumer,JUTE DHURRIE-NR-97,3 X 10 FT,1,$136.30,HANDMADE JUTE DHURRIE-NR-97-3 X 10 FT,57050039,,,,,,,30-Jul-2026,31-Jul-2026,
,,,RF-13256,ETSY-CASAVANI,4128400714,"
Megan Preedy",,29-Jul-2026,1,COTTON DHURRIE,30 Inches x 19 Feet,No,1-Aug-2026,DISPATCHED,,4-Aug-2026,MR-130,Dispatch,,"
Megan Preedy",624 N. Briarwood Rd.,,Derby,KS,67037,United States,,psalm96@me.com,CUSTOMER,HETALLS GLOBAL PRIVATE LIMITED,Individual,Consumer,COTTON DHURRIE-MR-130,30 Inches x 19 Feet,1,$237.25,HANDMADE COTTON DHURRIE-MR-130-30 Inches x 19 Feet,57050024,,,,,,,,4-Aug-2026,
,,,RF-13257,ETSY-CASAVANI,4128833046,"
	
Kelly Smartt",,29-Jul-2026,1,COTTON DHURRIE,2.5 X 16 FT,No,3-Aug-2026,DISPATCHED,,3-Aug-2026,STK-82R,Dispatch,,"
	
Kelly Smartt",5801 Broadmoor Drive,,Plano,TX,75093,United States,2145527499,kawsmartt@gmail.com,CUSTOMER,HETALLS GLOBAL PRIVATE LIMITED,Individual,Consumer,COTTON DHURRIE-STK-82R,2.5 X 16 FT,1,$202.15,HANDMADE COTTON DHURRIE-STK-82R-2.5 X 16 FT,57050024,,,,,,,,3-Aug-2026,
,UID VAT: CHE-373.086.513,SET OF 13 PCS,RF-13258,ETSY-RUGSFOREVER,4128356916,Martin Schünemann,,29-Jul-2026,1,Wool,24 X 100 CM,No,3-Aug-2026,DISPATCHED,,18-Aug-2026,NR-1102,Dispatch,,Martin Schünemann,Schalchenstrasse 1,,Pfäffikon ZH,Zürich,8330,Switzerland,417741443,mirage.ms37@gmail.com,CUSTOMER,HETALLS GLOBAL PRIVATE LIMITED,Individual,Consumer,Wool-NR-1102,24 X 100 CM,1,$510.00,HANDMADE Wool-NR-1102-24 X 100 CM,FALSE,,,,RANJIT JI,,,,18-Aug-2026,
,,,RF-13259,ETSY-RUGSFOREVER,4128978626,Maureen Festinger,,29-Jul-2026,1,JUTE DHURRIE,5 X 7 FT,Yes,3-Aug-2026,DISPATCHED,,7-Aug-2026,HW-37,Dispatch,,Maureen Festinger,113 Geneva Ave,,Haddon Township,NJ,8108,United States,,62qrznkprd@privaterelay.appleid.com,CUSTOMER,HETALLS GLOBAL PRIVATE LIMITED,Individual,Consumer,JUTE DHURRIE-HW-37,5 X 7 FT,1,$198.75,HANDMADE JUTE DHURRIE-HW-37-5 X 7 FT,57050039,,,,,,,6-Aug-2026,7-Aug-2026,
,TOP URGENT,TOP URGENT,RF-13260,AMAZON,206-0616099-6904351,Philip,,29-Jul-2026,1,WOOL JUTE,2.6 X 10 FT,Yes,7-Aug-2026,DISPATCHED,,30-Jul-2026,WJRH-15,Dispatch,,Philip Whittingham,PANT YR ONNEN,SALEM,LLANDEILO,,SA19 7EU,United Kingdom,7931740147,,CUSTOMER,HETALLS GLOBAL PRIVATE LIMITED,Individual,Consumer,WOOL JUTE-WJRH-15,2.6 X 10 FT,1,$146.32,HANDMADE WOOL JUTE-WJRH-15-2.6 X 10 FT,57050039,,,,IN STOCK,,,,30-Jul-2026,
,TOP URGENT,TOP URGENT,RF-13261,AMAZON,205-2669292-5870701,Kathryn,,29-Jul-2026,1,JUTE DHURRIE,3 X 5 FT,No,31-Jul-2026,DISPATCHED,,4-Aug-2026,VI-24B,Dispatch,,Kathryn mcGuckin,8A BELAGHERTY ROAD,MAGHERAFELT,MAGHERAFELT,,BT45 6JJ,United Kingdom,7794390524,,CUSTOMER,HETALLS GLOBAL PRIVATE LIMITED,Individual,Consumer,JUTE DHURRIE-VI-24B,3 X 5 FT,1,$88.69,HANDMADE JUTE DHURRIE-VI-24B-3 X 5 FT,57050039,,,,,,,3-Aug-2026,4-Aug-2026,
,TOP URGENT,TOP URGENT,RF-13262,AMAZON,405-7275683-0562720,Concepcion,,29-Jul-2026,1,JUTE DHURRIE,3 X 10 FT,No,31-Jul-2026,DISPATCHED,,4-Aug-2026,NR-91,Dispatch,,Concepcion Ruiz,Calle Polígono Industrial Monda,Nave 5 Grupo A2 SL,Monda,Málaga,29110,Spain,619847090,,CUSTOMER,HETALLS GLOBAL PRIVATE LIMITED,Individual,Consumer,JUTE DHURRIE-NR-91,3 X 10 FT,1,$238.29,HANDMADE JUTE DHURRIE-NR-91-3 X 10 FT,57050039,,,,,,,3-Aug-2026,4-Aug-2026,
,TOP URGENT,TOP URGENT,RF-13263,AMAZON,112-0487885-9126647,Melanie,,29-Jul-2026,2,COTTON DHURRIE,2 X 3 FT,Yes,3-Aug-2026,DISPATCHED,,4-Aug-2026,HGD-161B,Dispatch,,Melanie Rosa,1457 W ROYAL CLOAK DR,SARATOGA,SPRINGS,UT ,84045-5747,United States,1 415-419-8616 ext. 69347,,CUSTOMER,HETALLS GLOBAL PRIVATE LIMITED,Individual,Consumer,COTTON DHURRIE-HGD-161B,2 X 3 FT,2,$128.00,HANDMADE COTTON DHURRIE-HGD-161B-2 X 3 FT,57050024,,,,,,,,4-Aug-2026,
,TOP URGENT,TOP URGENT,RF-13264,AMAZON,113-1452596-7030645,Milton,,29-Jul-2026,1,JUTE DHURRIE,5 X 8 FT,No,1-Aug-2026,DISPATCHED,,4-Aug-2026,NR-129,Dispatch,,Milton P Morel,36235 BLUFF OAKS AVE,,PRAIRIEVILLE,LA ,70769-3055,United States,1 412-532-4665 ext. 88250,,CUSTOMER,HETALLS GLOBAL PRIVATE LIMITED,Individual,Consumer,JUTE DHURRIE-NR-129,5 X 8 FT,1,$208.00,HANDMADE JUTE DHURRIE-NR-129-5 X 8 FT,57050039,,,,,,,3-Aug-2026,4-Aug-2026,
Buyer National Id: MAVM880831NY0,TOP URGENT,TOP URGENT,RF-13265,AMAZON,701-5362915-6405008,Esteban,,29-Jul-2026,1,COTTON DHURRIE,11 x 11 Feet Square,Yes,3-Aug-2026,DISPATCHED,,5-Aug-2026,JHGD-01,Dispatch,,Marcela Martínez,Himalaya 4,LOS ALTOS RESIDENCIAL,HERMOSILLO,SONORA ,83010,Mexico,6621962205,,CUSTOMER,HETALLS GLOBAL PRIVATE LIMITED,Individual,Consumer,COTTON DHURRIE-JHGD-01,11 x 11 Feet Square,1,$728.14,HANDMADE COTTON DHURRIE-JHGD-01-11 x 11 Feet Square,57050024,,,,,,,,5-Aug-2026,
,TOP URGENT,TOP URGENT,RF-13266,AMAZON,113-9178963-9846614,Laura,,29-Jul-2026,1,WOOL JUTE,2 X 6 FT,Yes,6-Aug-2026,DISPATCHED,,12-Aug-2026,WJRH-21,Dispatch,,LAURA H EHRET,144 CHISHOLM TRL,,SANTA FE,NM ,87506-9573,United States,1 213-442-1463 ext. 91453,,CUSTOMER,HETALLS GLOBAL PRIVATE LIMITED,Individual,Consumer,WOOL JUTE-WJRH-21,2 X 6 FT,1,$81.76,HANDMADE WOOL JUTE-WJRH-21-2 X 6 FT,57050039,,,,,,,12-Aug-2026,12-Aug-2026,
,TOP URGENT,TOP URGENT,RF-13267,AMAZON,114-0066895-6931462,Helena,,29-Jul-2026,1,COTTON DHURRIE,2.6 X 4 FT,Yes,30-Jul-2026,DISPATCHED,,4-Aug-2026,HGD-161,Dispatch,,Helena Jenkins,104 E 2ND ST APT 111,,RICHMOND,VA ,23224-4387,United States,1 347-448-3190 ext. 30720,,CUSTOMER,HETALLS GLOBAL PRIVATE LIMITED,Individual,Consumer,COTTON DHURRIE-HGD-161,2.6 X 4 FT,1,$64.00,HANDMADE COTTON DHURRIE-HGD-161-2.6 X 4 FT,57050024,,,,,,,,4-Aug-2026,
,TOP URGENT,TOP URGENT,RF-13268,AMAZON,114-3093191-9351462,adam,,29-Jul-2026,1,COTTON DHURRIE,3 X 10 FT,No,1-Aug-2026,DISPATCHED,,5-Aug-2026,JHGD-02A,Dispatch,,Adam Hakimi,1860 RESTON ROW PLZ APT 1607,,RESTON,VA ,20190-5593,United States,1 207-835-4259 ext. 89186,,CUSTOMER,HETALLS GLOBAL PRIVATE LIMITED,Individual,Consumer,COTTON DHURRIE-JHGD-02A,3 X 10 FT,1,$140.00,HANDMADE COTTON DHURRIE-JHGD-02A-3 X 10 FT,57050024,,,,,,,,5-Aug-2026,
,TOP URGENT,TOP URGENT,RF-13269,AMAZON,114-9528046-0817017,Heath,,29-Jul-2026,1,COTTON DHURRIE,3 X 20 FT,Yes,1-Aug-2026,DISPATCHED,,6-Aug-2026,STK-47,Dispatch,,Raymond Heath Viner,919 SAULTER RD,,BIRMINGHAM,AL ,35209-6251,United States,1 412-532-4665 ext. 09189,,CUSTOMER,HETALLS GLOBAL PRIVATE LIMITED,Individual,Consumer,COTTON DHURRIE-STK-47,3 X 20 FT,1,$312.00,HANDMADE COTTON DHURRIE-STK-47-3 X 20 FT,57050024,,,,,,,,6-Aug-2026,
,TOP URGENT,TOP URGENT,RF-13270,AMAZON,113-8163700-0294600,April,,29-Jul-2026,1,COTTON DHURRIE,2.6 X 4 FT,Yes,30-Jul-2026,DISPATCHED,,4-Aug-2026,HGD-161,Dispatch,,Grace Chaisson,316 EVERGREEN AVE APT 1B,,BROOKLYN,NY ,11221-8354,United States,1 602-671-6610 ext. 33896,,CUSTOMER,HETALLS GLOBAL PRIVATE LIMITED,Individual,Consumer,COTTON DHURRIE-HGD-161,2.6 X 4 FT,1,$64.00,HANDMADE COTTON DHURRIE-HGD-161-2.6 X 4 FT,57050024,,,,,,,,4-Aug-2026,
,TOP URGENT,TOP URGENT,RF-13271-1/2,AMAZON,114-9305022-6319412,Kevin,,29-Jul-2026,2,JUTE DHURRIE,2 X 8 FT,No,1-Aug-2026,DISPATCHED,,8-Aug-2026,NF-06,Dispatch,,Kevin Mechelke,4370 Old Mountain Road,,Cedar Flat,CA ,96140,United States,1 415-851-9136 ext. 16070,,CUSTOMER,HETALLS GLOBAL PRIVATE LIMITED,Individual,Consumer,JUTE DHURRIE-NF-06,2 X 8 FT,2,$184.00,HANDMADE JUTE DHURRIE-NF-06-2 X 8 FT,57050039,,,,,,,3-Aug-2026,8-Aug-2026,
,TOP URGENT,TOP URGENT,RF-13271-2/2,AMAZON,114-9305022-6319412,Kevin,,29-Jul-2026,1,JUTE DHURRIE,2 X 18 FT,No,1-Aug-2026,DISPATCHED,,8-Aug-2026,NF-06,Dispatch,,Kevin Mechelke,4370 Old Mountain Road,,Cedar Flat,CA ,96140,United States,1 415-851-9136 ext. 16070,,CUSTOMER,HETALLS GLOBAL PRIVATE LIMITED,Individual,Consumer,JUTE DHURRIE-NF-06,2 X 18 FT,1,$188.00,HANDMADE JUTE DHURRIE-NF-06-2 X 18 FT,57050039,,,,,,,8-Aug-2026,8-Aug-2026,
,TOP URGENT,TOP URGENT,RF-13272,AMAZON,113-5095288-6029010,Sandy,,29-Jul-2026,1,COTTON DHURRIE,3 X 10 FT,Yes,1-Aug-2026,DISPATCHED,,5-Aug-2026,HGD-129,Dispatch,,Lisa Smith,SN32B LAKE CHEROKEE,,HENDERSON,TX ,75652-9453,United States,1 346-307-9643 ext. 72410,,CUSTOMER,HETALLS GLOBAL PRIVATE LIMITED,Individual,Consumer,COTTON DHURRIE-HGD-129,3 X 10 FT,1,$156.00,HANDMADE COTTON DHURRIE-HGD-129-3 X 10 FT,57050024,,,,,,,,5-Aug-2026,
,,,RF-13273,ETSY-CASAVANI,4130520079,"
Angelique Kuyper",,30-Jul-2026,1,COTTON DHURRIE,2.6 X 8 FT,No,3-Aug-2026,DISPATCHED,,6-Aug-2026,STK-63R,Dispatch,,"
Angelique Kuyper",SN32B LAKE CHEROKEE,,Warminster,PA,18974,United States,,angelique.kuyper@gmail.com,CUSTOMER,HETALLS GLOBAL PRIVATE LIMITED,Individual,Consumer,COTTON DHURRIE-STK-63R,2.6 X 8 FT,1,$89.70,HANDMADE COTTON DHURRIE-STK-63R-2.6 X 8 FT,57050024,,,,,,,,6-Aug-2026,
,,,RF-13274,ETSY-RUGSFOREVER,4130532625,Jan ONeill,,30-Jul-2026,1,CHINDI-COTTON,3 X 5 FT,No,3-Aug-2026,DISPATCHED,,5-Aug-2026,NR-200,Dispatch,,Jan ONeill,187 F St,,Salt Lake City,UT ,84103,United States,8019139163,jtoneill49@hotmail.com,CUSTOMER,HETALLS GLOBAL PRIVATE LIMITED,Individual,Consumer,CHINDI-COTTON-NR-200,3 X 5 FT,1,$90.00,HANDMADE CHINDI-COTTON-NR-200-3 X 5 FT,57050024,,,,,,,3-Aug-2026,5-Aug-2026,
,TOP URGENT,TOP URGENT,RF-13275,AMAZON,111-6828210-3274600,Daniel Sax,,30-Jul-2026,1,COTTON DHURRIE,8 X 10 FT,Yes,4-Aug-2026,DISPATCHED,,6-Aug-2026,JHGD-02A,Dispatch,,Alex + Eric,58 DUNCAN RD,,LAGRANGEVILLE,NY,12540-5826,United States,415-419-8616 ext. 22929,,CUSTOMER,HETALLS GLOBAL PRIVATE LIMITED,Individual,Consumer,COTTON DHURRIE-JHGD-02A,8 X 10 FT,1,$416.00,HANDMADE COTTON DHURRIE-JHGD-02A-8 X 10 FT,57050024,,,,,,,,6-Aug-2026,
,TOP URGENT,TOP URGENT,RF-13276,AMAZON,112-5348508-1412241,Matthew,,30-Jul-2026,1,COTTON DHURRIE,3 X 3 FT,Yes,3-Aug-2026,DISPATCHED,,5-Aug-2026,HGD-129,Dispatch,,Phoebe DeOreo,8 WAKEMAN PL,,WESTPORT,CT,06880-4941,United States,346-307-9643 ext. 93164,,CUSTOMER,HETALLS GLOBAL PRIVATE LIMITED,Individual,Consumer,COTTON DHURRIE-HGD_129,3 X 3 FT,1,$60.00,HANDMADE COTTON DHURRIE-HGD-129-3 X 3 FT,57050024,,,,,,,,5-Aug-2026,
,TOP URGENT,TOP URGENT,RF-13277,AMAZON,111-0043500-5009013,Cheri Jones,,30-Jul-2026,1,JUTE DHURRIE,2 X 3 FT,No,3-Aug-2026,DISPATCHED,,3-Aug-2026,NR-129,Dispatch,,Cheri A Jones,2460 W CAMINO ALTO ST,,SPRINGFIELD,MO,65810-1689,United States,314-282-9402 ext. 66437,,CUSTOMER,HETALLS GLOBAL PRIVATE LIMITED,Individual,Consumer,JUTE DHURRIE-NR-129,2 X 3 FT,1,$65.00,HANDMADE JUTE DHURRIE-NR-129-2 X 3 FT,57050039,,,,,,,3-Aug-2026,3-Aug-2026,
,TOP URGENT,TOP URGENT,RF-13278,AMAZON,111-4682871-9041046,Ray DePriest,,30-Jul-2026,1,WOOL JUTE,2 X 3 FT,Yes,31-Jul-2026,DISPATCHED,,1-Aug-2026,WJRH-13,Dispatch,,Ray DePriest,16407 W SMITHVILLE RD,,GLASFORD,IL,61533-9729,United States,346-307-9643 ext. 77025,,CUSTOMER,HETALLS GLOBAL PRIVATE LIMITED,Individual,Consumer,WOOL JUTE-WJRH-13,2 X 3 FT,1,$91.82,HANDMADE WOOL JUTE-WJRH-13-2 X 3 FT,57050039,,,,IN STOCK,,,,1-Aug-2026,
,TOP URGENT,TOP URGENT,RF-13279,AMAZON,112-0961251-1229062,Tiffany,,30-Jul-2026,1,COTTON DHURRIE,2 X 3 FT,Yes,3-Aug-2026,DISPATCHED,,5-Aug-2026,STK-47,Dispatch,,Tiffany Cristofanelli,153 CHESTNUT HILL DR,,ROCHESTER,NY,14617-2930,United States,412-532-4665 ext. 06968,,CUSTOMER,HETALLS GLOBAL PRIVATE LIMITED,Individual,Consumer,COTTON DHURRIE-STK-47,2 X 3 FT,1,$64.00,HANDMADE COTTON DHURRIE-STK-47-2 X 3 FT,57050024,,,,,,,,5-Aug-2026,
,TOP URGENT,TOP URGENT,RF-13280,AMAZON,112-1752570-7305029,Cathy Plate,,30-Jul-2026,1,JUTE DHURRIE,2 X 3 FT,No,4-Aug-2026,DISPATCHED,,4-Aug-2026,NR-36,Dispatch,,Cathy Plate,763 MORAGA RD,,LAFAYETTE,CA,94549-4941,United States,347-448-3190 ext. 49245,,CUSTOMER,HETALLS GLOBAL PRIVATE LIMITED,Individual,Consumer,JUTE DHURRIE-NR-36,2 X 3 FT,1,$52.00,HANDMADE JUTE DHURRIE-NR-36-2 X 3 FT,57050039,,,,,,,3-Aug-2026,4-Aug-2026,
,,,RF-13281,MIRRAW,M230245053,Anu van Strien,,30-Jul-2026,1,COTTON DHURRIE,2 X 3 FT,Yes,3-Aug-2026,DISPATCHED,,12-Aug-2026,STK-13,Dispatch,,Anu van Strien,"No 2 Kensington Road ,Sivanchetty Gardens, ulsoor, Opposite Riviera apartments",,Bangalore,Karnataka,560042,India,,,CUSTOMER,HETALLS GLOBAL PRIVATE LIMITED,Individual,Consumer,COTTON DHURRIE-STK-13,2 X 3 FT,1,$9.44,HANDMADE COTTON DHURRIE-STK-13-2 X 3 FT,57050024,,,,,,,,8-Aug-2026,
,TOP URGENT,TOP URGENT,RF-13282,AMAZON,111-5306292-2477854,Delia,,30-Jul-2026,1,COTTON DHURRIE,2.6 X 8 FT,Yes,4-Aug-2026,DISPATCHED,,6-Aug-2026,HGD-160A,Dispatch,,Delia Mott Merritt,4400 JESSAMINE HOLW,,AUSTIN,TX ,78731-3512,United States,1 213-442-1463 ext. 03248,,CUSTOMER,HETALLS GLOBAL PRIVATE LIMITED,Individual,Consumer,COTTON DHURRIE-HGD-160A,2.6 X 8 FT,1,$96.00,HANDMADE COTTON DHURRIE-HGD-160A-2.6 X 8 FT,57050024,,,,,,,,6-Aug-2026,
,TOP URGENT,TOP URGENT,RF-13283,AMAZON,111-0072252-8633808,emilygrace,,30-Jul-2026,1,JUTE DHURRIE,2.6 X 8 FT,No,4-Aug-2026,DISPATCHED,,4-Aug-2026,NR-89,Dispatch,,emily arters,240 W NEW HAMPSHIRE AVE,,SOUTHERN PINES,NC,28387-4724,United States,1 412-532-4665 ext. 25507,,CUSTOMER,HETALLS GLOBAL PRIVATE LIMITED,Individual,Consumer,JUTE DHURRIE-NR-89,2.6 X 8 FT,1,$96.00,HANDMADE JUTE DHURRIE-NR-89-2.6 X 8 FT,57050039,,,,,,,3-Aug-2026,4-Aug-2026,
,,,RF-13284,ETSY-CASAVANI,4130150308,"
Michael Jursinski",,30-Jul-2026,1,COTTON DHURRIE,9 X 12 FT,Yes,3-Aug-2026,DISPATCHED,,7-Aug-2026,HGD-161A,Dispatch,,"
Michael Jursinski",1006 Houston St,Unit 3,Fort Worth,TX ,76102-6405,United States,(850) 384-3399,mfjursinski@gmail.com,CUSTOMER,HETALLS GLOBAL PRIVATE LIMITED,Individual,Consumer,COTTON DHURRIE-HGD-161A,9 X 12 FT,1,$522.60,HANDMADE COTTON DHURRIE-HGD-161A-9 X 12 FT,57050024,,,,,,,,7-Aug-2026,
,TOP URGENT,TOP URGENT,RF-13285,AMAZON,113-3103748-1652244,Elizabeth Acosta Rivera,,31-Jul-2026,1,JUTE DHURRIE,3 X 3 FT,No,4-Aug-2026,DISPATCHED,,6-Aug-2026,NR-139,Dispatch,,Sebastián Alejos Acosta,2985 MERIDIAN WAY APT 15,,MECHANICSBURG,PA,17055-6892,United States,7179403718,,CUSTOMER,HETALLS GLOBAL PRIVATE LIMITED,Individual,Consumer,JUTE DHURRIE-NR-139,3 X 3 FT,1,$75.00,HANDMADE JUTE DHURRIE-NR-139-3 X 3 FT,57050039,,,,,,,6-Aug-2026,6-Aug-2026,
,TOP URGENT,TOP URGENT,RF-13286-1/5,AMAZON,114-0776507-5101837,Bryann Shim,,31-Jul-2026,1,COTTON DHURRIE,2 X 3 FT,Yes,17-Aug-2026,DISPATCHED,,12-Aug-2026,JHGD-12A,Dispatch,,Bryann Shim,2678 RIO BRAVO CIR,,SACRAMENTO,CA,95826-2212,United States,412-532-4665 ext. 54352,,CUSTOMER,HETALLS GLOBAL PRIVATE LIMITED,Individual,Consumer,COTTON DHURRIE-JHGD-12A,2 X 3 FT,1,$41.60,HANDMADE COTTON DHURRIE-JHGD-12A-2 X 3 FT,57050024,,,,,,,,12-Aug-2026,
,TOP URGENT,TOP URGENT,RF-13286-2/5,AMAZON,114-0776507-5101837,Bryann Shim,,31-Jul-2026,1,WOOL JUTE,2.6 X 4 FT,Yes,17-Aug-2026,DISPATCHED,,12-Aug-2026,HW-60,Dispatch,,Bryann Shim,2678 RIO BRAVO CIR,,SACRAMENTO,CA,95826-2212,United States,412-532-4665 ext. 54352,,CUSTOMER,HETALLS GLOBAL PRIVATE LIMITED,Individual,Consumer,JUTE DHURRIE-HW-60,2.6 X 4 FT,1,$76.80,HANDMADE WOOL JUTE-HW-60-2.6 X 4 FT,57050039,,,,,,,6-Aug-2026,12-Aug-2026,
,TOP URGENT,TOP URGENT,RF-13286-3/5,AMAZON,114-0776507-5101837,Bryann Shim,,31-Jul-2026,1,WOOL JUTE,2 X 3 FT,Yes,17-Aug-2026,DISPATCHED,,12-Aug-2026,DWJ-11,Dispatch,,Bryann Shim,2678 RIO BRAVO CIR,,SACRAMENTO,CA,95826-2212,United States,412-532-4665 ext. 54352,,CUSTOMER,HETALLS GLOBAL PRIVATE LIMITED,Individual,Consumer,WOOL JUTE-DWJ-11,2 X 3 FT,1,$72.80,HANDMADE WOOL JUTE-DWJ-11-2 X 3 FT,57050039,,,,,,,12-Aug-2026,12-Aug-2026,
,TOP URGENT,TOP URGENT,RF-13286-4/5,AMAZON,114-0776507-5101837,Bryann Shim,,31-Jul-2026,1,WOOL JUTE,2 X 3 FT,Yes,17-Aug-2026,DISPATCHED,,12-Aug-2026,HW-60,Dispatch,,Bryann Shim,2678 RIO BRAVO CIR,,SACRAMENTO,CA,95826-2212,United States,412-532-4665 ext. 54352,,CUSTOMER,HETALLS GLOBAL PRIVATE LIMITED,Individual,Consumer,JUTE DHURRIE-HW-60,2 X 3 FT,1,$57.60,HANDMADE WOOL JUTE-HW-60-2 X 3 FT,57050039,,,,,,,6-Aug-2026,12-Aug-2026,
,TOP URGENT,TOP URGENT,RF-13286-5/5,AMAZON,114-0776507-5101837,Bryann Shim,,31-Jul-2026,1,WOOL JUTE,2 X 3 FT,Yes,17-Aug-2026,CANCELLED,CANCELLED,,DWJ-13,Dispatch,,Bryann Shim,2678 RIO BRAVO CIR,,SACRAMENTO,CA,95826-2212,United States,412-532-4665 ext. 54352,,CUSTOMER,HETALLS GLOBAL PRIVATE LIMITED,Individual,Consumer,WOOL JUTE-DWJ-13,2 X 3 FT,1,$91.00,HANDMADE WOOL JUTE-DWJ-13-2 X 3 FT,57050039,,,,,,,,,
,TOP URGENT,TOP URGENT,RF-13287,AMAZON,114-4422836-1858625,Elizabeth Garrett,,31-Jul-2026,1,JUTE DHURRIE,4 X 6 FT,No,4-Aug-2026,DISPATCHED,,4-Aug-2026,VI-25,Dispatch,,Catherine Garrett,11666 MONTANA AVE APT 210,,LOS ANGELES,CA,90049-4636,United States,412-532-4665 ext. 21246,,CUSTOMER,HETALLS GLOBAL PRIVATE LIMITED,Individual,Consumer,JUTE DHURRIE-VI-25,4 X 6 FT,1,$124.00,HANDMADE JUTE DHURRIE-VI-25-4 X 6 FT,57050039,,,,,,,3-Aug-2026,4-Aug-2026,
IOSS VAT identification number:  IM4420001405,TOP URGENT,TOP URGENT,RF-13288,AMAZON,028-0627194-6559559,Yoko Kawasaki,,31-Jul-2026,1,COTTON DHURRIE,2.6 X 10 FT,Yes,3-Aug-2026,DISPATCHED,,12-Aug-2026,THGD-512,Dispatch,,Yoko Kawasaki,Aachener Str. 204,,Hauset,,4730,Belgium,0049-1577-0275888,,CUSTOMER,HETALLS GLOBAL PRIVATE LIMITED,Individual,Consumer,COTTON DHURRIE-THGD-512,2.6 X 10 FT,1,$141.17,HANDMADE COTTON DHURRIE-THGD-512-2.6 X 10 FT,57050024,,,,,,,,11-Aug-2026,
,,SET OF 13 PCS,RF-13289,ETSY-RUGSFOREVER,4131557745,Marta Nowak,,31-Jul-2026,1,JUTE DHURRIE,9 X 29 Inch,No,5-Aug-2026,DISPATCHED,,4-Aug-2026,NR-1101A,Dispatch,,Marta Nowak,17 ushers mill rise,,Drogheda,Co. Louth,A92 EW2X,Ireland,353870538790,Nowakmarta.nowak@gmail.com,CUSTOMER,HETALLS GLOBAL PRIVATE LIMITED,Individual,Consumer,JUTE DHURRIE-NR-1101A,9 X 29 Inch,1,$167.05,HANDMADE JUTE DHURRIE-NR-1101A-9 X 29 Inch,57050039,,,,,,,3-Aug-2026,4-Aug-2026,
,TOP URGENT,TOP URGENT,RF-13290,AMAZON,112-8017223-5581020,Roshelle,,31-Jul-2026,1,CHINDI COTTON-JUTE,2 X 3 FT,No,4-Aug-2026,DISPATCHED,,3-Aug-2026,NR-85,Dispatch,,Roshelle Castinado,5420 SEA MOUNTAIN RD,,LINCOLN,NE ,68521-1024,United States,1 929-436-4790 ext. 92138,,CUSTOMER,HETALLS GLOBAL PRIVATE LIMITED,Individual,Consumer,CHINDI COTTON-JUTE-NR-85,2 X 3 FT,1,$52.00,HANDMADE CHINDI COTTON-JUTE-NR-85-2 X 3 FT,57050039,,,,,,,3-Aug-2026,3-Aug-2026,
,,SET OF 14 PCS,RF-13291,ETSY-RUGSFOREVER,4131128470,Surkov,,1-Aug-2026,1,JUTE DHURRIE,8 X 28 Inch,No,5-Aug-2026,DISPATCHED,,4-Aug-2026,NR-1100,Dispatch,,Surkov,Bertramstrasse 35,,Buxtehude,Buxtehude,21614,Germany,,amlsfee@gmail.com,CUSTOMER,HETALLS GLOBAL PRIVATE LIMITED,Individual,Consumer,JUTE DHURRIE-NR-1100,8 X 28 Inch,1,$146.25,HANDMADE JUTE DHURRIE-NR-1100-8 X 28 Inch,57050039,,,,,,,3-Aug-2026,4-Aug-2026,
,,,RF-13292,ETSY-RUGSFOREVER,4131336120,Ralf Breker,,1-Aug-2026,1,CHINDI COTTON-JUTE,2 X 2 FT,No,5-Aug-2026,DISPATCHED,,8-Aug-2026,NR-72S,Dispatch,,Ralf Breker,schrieverspfad 37,,Grevenbroich,Grevenbroich,41516,Germany,,ralfbreker@yahoo.com,CUSTOMER,HETALLS GLOBAL PRIVATE LIMITED,Individual,Consumer,CHINDI COTTON-JUTE-NR-72S,2 X 2 FT,1,$55.90,HANDMADE CHINDI COTTON-JUTE-NR-72S-2 X 2 FT,57050039,,,,,,,8-Aug-2026,8-Aug-2026,
,,,RF-13293,ETSY-RUGSFOREVER,4131650666,myra cherry,,1-Aug-2026,1,JUTE DHURRIE,6 X 8 FT,No,6-Aug-2026,DISPATCHED,,8-Aug-2026,VI-52,Dispatch,,myra cherry,1032 Belmont,Village Drive,"Belmont,",NC,28012,United States,17049530131,myraricherry@yahoo.com,CUSTOMER,HETALLS GLOBAL PRIVATE LIMITED,Individual,Consumer,JUTE DHURRIE-VI-52,6 X 8 FT,1,$230.75,HANDMADE JUTE DHURRIE-VI-52-6 X 8 FT,57050039,,,,,,,8-Aug-2026,8-Aug-2026,
,,,RF-13294,ETSY-CASAVANI,4131690039,"
Meera Saxena",,1-Aug-2026,1,COTTON DHURRIE,4 X 4 FT,No,4-Aug-2026,DISPATCHED,,11-Aug-2026,MR-76,Dispatch,,"
Meera Saxena",12 MARYLAND AVE,,TOWSON,MD,21286-1100,United States,,mtsaxena0803@gmail.com,CUSTOMER,HETALLS GLOBAL PRIVATE LIMITED,Individual,Consumer,COTTON DHURRIE-MR-76,4 X 4 FT,1,$82.55,HANDMADE COTTON DHURRIE-MR-76-4 X 4 FT,57050024,,,,,,,,11-Aug-2026,
,,,RF-13295,ETSY-CASAVANI,4131874799,"
	
Dee",,1-Aug-2026,1,COTTON DHURRIE,3 X 4 FT ,No,4-Aug-2026,DISPATCHED,,6-Aug-2026,HGD-129,Dispatch,,"
	
Dee",9 Castlereagh Crt,,Traralgon ,VIC,3844,Australia,,dee@tcc.net.au,CUSTOMER,HETALLS GLOBAL PRIVATE LIMITED,Individual,Consumer,COTTON DHURRIE-HGD-129,3 X 4 FT ,1,$54.60,HANDMADE COTTON DHURRIE-HGD-129-3 X 4 FT ,57050024,,,,,,,,5-Aug-2026,
,TOP URGENT,TOP URGENT,RF-13296,AMAZON,111-7551215-3513000,Sarah D. Stahl,,1-Aug-2026,1,COTTON DHURRIE,4 X 6 FT,Yes,3-Aug-2026,DISPATCHED,,6-Aug-2026,JHGD-02A,Dispatch,,Sarah Stahl,55 Cider Mill Rd.,,Cornwall,VT,5753,United States,346-307-9643 ext. 53110,,CUSTOMER,HETALLS GLOBAL PRIVATE LIMITED,Individual,Consumer,COTTON DHURRIE-JHGD-02A,4 X 6 FT,1,$89.00,HANDMADE COTTON DHURRIE-JHGD-02A-4 X 6 FT,57050024,,,,,,,,6-Aug-2026,
,TOP URGENT,TOP URGENT,RF-13297,AMAZON,112-3942206-5153861,cameron,,1-Aug-2026,1,COTTON DHURRIE,3 X 5 FT,Yes,5-Aug-2026,DISPATCHED,,5-Aug-2026,HGD-129,Dispatch,,CAMERON GRADY,2836 N FOX TRL,,FAYETTEVILLE,AR,72703,United States,213-442-1463 ext. 26266,,CUSTOMER,HETALLS GLOBAL PRIVATE LIMITED,Individual,Consumer,COTTON DHURRIE-HGD_129,3 X 5 FT,1,$79.00,HANDMADE COTTON DHURRIE-HGD-129-3 X 5 FT,57050024,,,,,,,,5-Aug-2026,
,TOP URGENT,TOP URGENT,RF-13298,AMAZON,111-2452012-6609852,Max Mount,,1-Aug-2026,1,COTTON DHURRIE,3 X 3 FT,Yes,5-Aug-2026,DISPATCHED,,6-Aug-2026,HGD-116,Dispatch,,Cailin Osborne,2626 W 850 N,,LEHI,UT,84043-6340,United States,412-532-4665 ext. 33330,,CUSTOMER,HETALLS GLOBAL PRIVATE LIMITED,Individual,Consumer,COTTON DHURRIE-HGD-116,3 X 3 FT,1,$60.00,HANDMADE COTTON DHURRIE-HGD-116-3 X 3 FT,57050024,,,,,,,,6-Aug-2026,
,TOP URGENT,TOP URGENT,RF-13299,AMAZON,114-7753715-8965855,Susan,,1-Aug-2026,1,COTTON DHURRIE,4 X 7 FT,Yes,5-Aug-2026,DISPATCHED,,7-Aug-2026,STK-47,Dispatch,,Julia Malysa,75 WINCHESTER DR MANHASSET NY,,MANHASSET,NY,11030-3520,United States,347-448-3190 ext. 05262,,CUSTOMER,HETALLS GLOBAL PRIVATE LIMITED,Individual,Consumer,COTTON DHURRIE-STK-47,4 X 7 FT,1,$115.20,HANDMADE COTTON DHURRIE-STK-47-4 X 7 FT,57050024,,,,,,,,7-Aug-2026,
"Buyer cancellation
Cancellation reason: Other",TOP URGENT,TOP URGENT,RF-13300-1/2,AMAZON,111-1599101-0814606,Karl Hildebrand,,1-Aug-2026,1,WOOL JUTE,5 X 8 FT,Yes,10-Aug-2026,CANCELLED,CANCELLED,,WJRH-21,Dispatch,,Karl Hildebrand,266 Dunning St.,,MADISON,WI,53704-4122,United States,347-448-3190 ext. 63847,,CUSTOMER,HETALLS GLOBAL PRIVATE LIMITED,Individual,Consumer,WOOL JUTE-WJRH-21,5 X 8 FT,1,$260.00,HANDMADE WOOL JUTE-WJRH-21-5 X 8 FT,57050039,,,,IN STOCK,,,,,
"Buyer cancellation
Cancellation reason: Other",TOP URGENT,TOP URGENT,RF-13300-2/2,AMAZON,111-1599101-0814606,Karl Hildebrand,,1-Aug-2026,1,WOOL JUTE,5 X 8 FT,Yes,10-Aug-2026,CANCELLED,CANCELLED,,WJRH-13,Dispatch,,Karl Hildebrand,266 Dunning St.,,MADISON,WI,53704-4122,United States,347-448-3190 ext. 63847,,CUSTOMER,HETALLS GLOBAL PRIVATE LIMITED,Individual,Consumer,WOOL JUTE-WJRH-13,5 X 8 FT,1,$260.00,HANDMADE WOOL JUTE-WJRH-13-5 X 8 FT,57050039,,,,IN STOCK,,,,,
,TOP URGENT,TOP URGENT,RF-13301,AMAZON,206-7779221-3606745,Lindsey,,1-Aug-2026,1,JUTE DHURRIE,2.6 X 8 FT,No,5-Aug-2026,DISPATCHED,,4-Aug-2026, VI-24B,Dispatch,,Lindsey Luukas,"7
WILLIAM STREET",,CHESTER,,CH2 3BH,United Kingdom,7517802974,,CUSTOMER,HETALLS GLOBAL PRIVATE LIMITED,Individual,Consumer,JUTE DHURRIE- VI-24B,2.6 X 8 FT,1,$76.58,HANDMADE JUTE DHURRIE- VI-24B-2.6 X 8 FT,57050039,,,,,,,3-Aug-2026,4-Aug-2026,
,TOP URGENT,TOP URGENT,RF-13302,AMAZON,112-1067182-8110623,Amy,,1-Aug-2026,1,JUTE DHURRIE,2 X 3 FT,No,5-Aug-2026,DISPATCHED,,8-Aug-2026,VI-50,Dispatch,,Amy Fichter,2107 4TH ST E,,MENOMONIE,WI ,54751-4005,United States,1 763-225-9463 ext. 21020,,CUSTOMER,HETALLS GLOBAL PRIVATE LIMITED,Individual,Consumer,JUTE DHURRIE-VI-50,2 X 3 FT,1,$41.60,HANDMADE JUTE DHURRIE-VI-50-2 X 3 FT,57050039,,,,,,,8-Aug-2026,8-Aug-2026,
,,Update  shipping address,RF-13303,ETSY-CASAVANI,4133611448,"
Kriti Edala",,3-Aug-2026,1,COTTON DHURRIE,2.5 X 7 FT ,Yes,7-Aug-2026,DISPATCHED,,11-Aug-2026,MR-13,Dispatch,,"
Kriti Edala",1101 Fairmont St NW,Unit 7,MENOMONIE,DC,20009,United States,,unicorn.princess.707@gmail.com,CUSTOMER,HETALLS GLOBAL PRIVATE LIMITED,Individual,Consumer,COTTON DHURRIE-MR-13,2.5 X 7 FT ,1,$89.05,HANDMADE COTTON DHURRIE-MR-13-2.5 X 7 FT ,57050024,,,,,,,,11-Aug-2026,
,,,RF-13304,ETSY-CASAVANI,4133760012,"
	
Detlef",,3-Aug-2026,1,COTTON DHURRIE,2 X 8 FT,No,7-Aug-2026,CANCELLED,CANCELLED,,HGD-129R,Dispatch,,"
	
Detlef",1722 Ascension Point Dr,Apt 334,Arlington,TX,76006-4226,United States,,detjaan@gmail.com,CUSTOMER,HETALLS GLOBAL PRIVATE LIMITED,Individual,Consumer,COTTON DHURRIE-HGD-129R,2 X 8 FT,1,$83.85,HANDMADE COTTON DHURRIE-HGD-129R-2 X 8 FT,57050024,,,,,,,,,
,,,RF-13305,ETSY-RUGSFOREVER,4132141510,Alan Montgomery,,3-Aug-2026,1,CHINDI-COTTON,10 x 11.6 Feet,No,6-Aug-2026,DISPATCHED,,10-Aug-2026,NR-200,Dispatch,,Alan Montgomery,1801 Murdstone Rd,Upper St,"Clair,",PA,15241,United States,,amontgo@verizon.net,CUSTOMER,HETALLS GLOBAL PRIVATE LIMITED,Individual,Consumer,CHINDI-COTTON-NR-200,10 x 11.6 Feet,1,$639.60,HANDMADE CHINDI-COTTON-NR-200-10 x 11.6 Feet,57050024,,,,,,,8-Aug-2026,10-Aug-2026,
,,,RF-13306-1/3,ETSY-RUGSFOREVER,4132828777,Lady Jodi Russell,,3-Aug-2026,1,CHINDI COTTON-JUTE,5 X 5 FT,No,6-Aug-2026,DISPATCHED,,12-Aug-2026,VI-15,Dispatch,,Lady Jodi Russell,2950 Highland,,"Loop Cir
Kamas,",United States,84036-9253,United States,1-435-513-1321,jrussell@allwest.net,CUSTOMER,HETALLS GLOBAL PRIVATE LIMITED,Individual,Consumer,CHINDI COTTON-JUTE-VI-15,5 X 5 FT,1,$170.67,HANDMADE CHINDI COTTON-JUTE-VI-15-5 X 5 FT,57050039,,,,,,,6-Aug-2026,12-Aug-2026,
,,,RF-13306-2/3,ETSY-RUGSFOREVER,4132828777,Lady Jodi Russell,,3-Aug-2026,1,CHINDI-COTTON,5 X 8 FT,No,6-Aug-2026,DISPATCHED,,12-Aug-2026,NR-200,Dispatch,,Lady Jodi Russell,2950 Highland,,"Loop Cir
Kamas,",United States,84036-9253,United States,1-435-513-1321,jrussell@allwest.net,CUSTOMER,HETALLS GLOBAL PRIVATE LIMITED,Individual,Consumer,CHINDI-COTTON-NR-200,5 X 8 FT,1,$170.67,HANDMADE CHINDI-COTTON-NR-200-5 X 8 FT,57050024,,,,,,,8-Aug-2026,12-Aug-2026,
,,,RF-13306-3/3,ETSY-RUGSFOREVER,4132828777,Lady Jodi Russell,,3-Aug-2026,1,CHINDI COTTON-JUTE,5 X 5 FT,No,6-Aug-2026,DISPATCHED,,12-Aug-2026,VI-43,Dispatch,,Lady Jodi Russell,2950 Highland,,"Loop Cir
Kamas,",United States,84036-9253,United States,1-435-513-1321,jrussell@allwest.net,CUSTOMER,HETALLS GLOBAL PRIVATE LIMITED,Individual,Consumer,CHINDI COTTON-JUTE-VI-43,5 X 5 FT,1,$170.67,HANDMADE CHINDI COTTON-JUTE-VI-43-5 X 5 FT,57050039,,,,,,,10-Aug-2026,12-Aug-2026,
,,SET OF 10 PCS,RF-13307,ETSY-RUGSFOREVER,4132889579,Caoilfhionn Gifford,,3-Aug-2026,1,JUTE DHURRIE,8 X 29 Inch,No,6-Aug-2026,DISPATCHED,,6-Aug-2026,NR-1100G,Dispatch,,Caoilfhionn Gifford,2288 County,Highway 26,Hamden,NY,13782-2110,United States,612-481-0147,gifford.caoilfhionn@gmail.com,CUSTOMER,HETALLS GLOBAL PRIVATE LIMITED,Individual,Consumer,JUTE DHURRIE-NR-1100G,8 X 29 Inch,1,$109.85,HANDMADE JUTE DHURRIE-NR-1100G-8 X 29 Inch,57050039,,,,,,,6-Aug-2026,6-Aug-2026,
,,,RF-13308,ETSY-RUGSFOREVER,4132601710,Christopher T. Yingling,,3-Aug-2026,1,WOOL JUTE,6 X 8 FT,Yes,7-Aug-2026,DISPATCHED,,17-Aug-2026,WJRH-22,Dispatch,,Christopher T. Yingling,576 E Shadow Ln,,State College,PA,16803-1227,United States,,Christopher Yingling,CUSTOMER,HETALLS GLOBAL PRIVATE LIMITED,Individual,Consumer,WOOL JUTE-WJRH-22,6 X 8 FT,1,$299.00,HANDMADE WOOL JUTE-WJRH-22-6 X 8 FT,57050039,,,,,,,13-Aug-2026,17-Aug-2026,
,,"VAT number, 370 6004 28",RF-13309,ETSY-RUGSFOREVER,4133521893,Carolyn Smith,,3-Aug-2026,1,CHINDI-COTTON,5 X 5 FT,No,7-Aug-2026,DISPATCHED,,7-Aug-2026,NR-1062,Dispatch,,Carolyn Smith,27 Blanch Croft,Melbourne,Derby,Derbyshire,DE73 8GG,United Kingdom,44 7855 315018,8nswxcxcqh@privaterelay.appleid.com,CUSTOMER,HETALLS GLOBAL PRIVATE LIMITED,Individual,Consumer,CHINDI-COTTON-NR-1062,5 X 5 FT,1,$159.25,HANDMADE CHINDI-COTTON-NR-1062-5 X 5 FT,57050024,,,,,,,6-Aug-2026,7-Aug-2026,
,,,RF-13310,ETSY-RUGSFOREVER,4133149128,Tessa Siewert,,3-Aug-2026,1,WOOL JUTE,2 X 3 FT,Yes,7-Aug-2026,DISPATCHED,,14-Aug-2026,WJRH-22,Dispatch,,Tessa Siewert,13943 Coachmans Cir,Germantown,Germantown,MD, 20874-2283,United States,(717) 495-7204,tessa.siewert@gmail.com,CUSTOMER,HETALLS GLOBAL PRIVATE LIMITED,Individual,Consumer,WOOL JUTE-WJRH-22,2 X 3 FT,1,$61.10,HANDMADE WOOL JUTE-WJRH-22-2 X 3 FT,57050039,,,,,,,13-Aug-2026,14-Aug-2026,
,,,RF-13311,ETSY-RUGSFOREVER,4133789367,Jonathan Corey,,3-Aug-2026,1,JUTE DHURRIE,6 X 8 FT,No,7-Aug-2026,DISPATCHED,,7-Aug-2026,VI-68B,Dispatch,,Jonathan Corey,5102 Boscobel,"Avenue
RICHMOND","Avenue
RICHMOND",VA,23225,United States,,jonathan.martin.corey@gmail.com,CUSTOMER,HETALLS GLOBAL PRIVATE LIMITED,Individual,Consumer,JUTE DHURRIE-VI-68B,6 X 8 FT,1,$276.25,HANDMADE JUTE DHURRIE-VI-68B-6 X 8 FT,57050039,,,,,,,6-Aug-2026,7-Aug-2026,
"Buyer cancellation
Cancellation reason: Item(s) Would Not Arrive on Time",TOP URGENT,TOP URGENT,RF-13312,AMAZON,112-5638943-5005849,leticia carrillo,,3-Aug-2026,2,COTTON DHURRIE,2.6 X 4 FT,No,6-Aug-2026,CANCELLED,CANCELLED,,STK-26O,Dispatch,,leticia carrillo,2203 ONION CREEK PKWY UNIT 1,,AUSTIN,TX,78747-1600,United States,207-835-4259 ext. 52320,,CUSTOMER,HETALLS GLOBAL PRIVATE LIMITED,Individual,Consumer,COTTON DHURRIE-STK-26O,2.6 X 4 FT,2,$128.00,HANDMADE COTTON DHURRIE-STK-26O-2.6 X 4 FT,57050024,,,,,,,,,
,TOP URGENT,TOP URGENT,RF-13313,AMAZON,114-2048926-3204229,Deep Chopra,,3-Aug-2026,1,COTTON DHURRIE,6 X 8 FT,Yes,6-Aug-2026,DISPATCHED,,11-Aug-2026,STK-09,Dispatch,,Deep Mala chopra,7110 REDWOOD BLVD STE A,,NOVATO,CA,94945-4141,United States,415-851-9136 ext. 48415,,CUSTOMER,HETALLS GLOBAL PRIVATE LIMITED,Individual,Consumer,COTTON DHURRIE-STK-09,6 X 8 FT,1,$198.40,HANDMADE COTTON DHURRIE-STK-09-6 X 8 FT,57050024,,,,,,,,11-Aug-2026,
,TOP URGENT,TOP URGENT,RF-13314,AMAZON,114-5835544-9826664,Lisa Imperiale,,3-Aug-2026,1,COTTON DHURRIE,3 X 5 FT,Yes,7-Aug-2026,DISPATCHED,,7-Aug-2026,JHGD-02A,Dispatch,,PLEASE HIDE,1521 W GRACE ST APT A,,TAMPA,FL,33607-5332,United States,347-448-3190 ext. 90597,,CUSTOMER,HETALLS GLOBAL PRIVATE LIMITED,Individual,Consumer,COTTON DHURRIE-JHGD-02A,3 X 5 FT,1,$63.20,HANDMADE COTTON DHURRIE-JHGD-02A-3 X 5 FT,57050024,,,,,,,,7-Aug-2026,
,TOP URGENT,TOP URGENT,RF-13315,AMAZON,111-8164077-4325016,Carrie Hart,,3-Aug-2026,1,JUTE DHURRIE,5 X 5 FT,No,6-Aug-2026,DISPATCHED,,6-Aug-2026,NF-12,Dispatch,,Carrie Hart,N30W28853 W LAKESIDE DR,,PEWAUKEE,WI,53072-3310,United States,763-225-9463 ext. 64535,,CUSTOMER,HETALLS GLOBAL PRIVATE LIMITED,Individual,Consumer,JUTE DHURRIE-NF-12,5 X 5 FT,1,$102.40,HANDMADE JUTE DHURRIE-NF-12-5 X 5 FT,57050039,,,,,,,6-Aug-2026,6-Aug-2026,
,TOP URGENT,TOP URGENT,RF-13316-1/2,AMAZON,113-1088186-4925012,Amy,,3-Aug-2026,1,COTTON DHURRIE,2.6 X 8 FT,Yes,6-Aug-2026,DISPATCHED,,7-Aug-2026,HGD-129,Dispatch,,Amy White,4937 LAKELAND DR,,MARIETTA,GA,30068-4320,United States,763-225-9463 ext. 20797,,CUSTOMER,HETALLS GLOBAL PRIVATE LIMITED,Individual,Consumer,COTTON DHURRIE-HGD_129,2.6 X 8 FT,1,$76.80,HANDMADE COTTON DHURRIE-HGD-129-2.6 X 8 FT,57050024,,,,,,,,7-Aug-2026,
,TOP URGENT,TOP URGENT,RF-13316-2/2,AMAZON,113-1088186-4925012,Amy,,3-Aug-2026,1,COTTON DHURRIE,2.6 X 8 FT,No,6-Aug-2026,DISPATCHED,,7-Aug-2026,STK-26O,Dispatch,,Amy White,4937 LAKELAND DR,,MARIETTA,GA,30068-4320,United States,763-225-9463 ext. 20797,,CUSTOMER,HETALLS GLOBAL PRIVATE LIMITED,Individual,Consumer,COTTON DHURRIE-STK-26O,2.6 X 8 FT,1,$96.00,HANDMADE COTTON DHURRIE-STK-26O-2.6 X 8 FT,57050024,,,,,,,,7-Aug-2026,
"Buyer cancellation
Cancellation reason: Reason left unspecified",TOP URGENT,TOP URGENT,RF-13317,AMAZON,113-8683621-3458664,kelley mccann,,3-Aug-2026,1,WOOL JUTE,6 X 6 FT,Yes,11-Aug-2026,CANCELLED,CANCELLED,,WJRH-13,Dispatch,,kelley mccann,6897 WARD HILL RD,,GARDENDALE,AL,35071-2134,United States,347-448-3190 ext. 90065,,CUSTOMER,HETALLS GLOBAL PRIVATE LIMITED,Individual,Consumer,WOOL JUTE-WJRH-13,6 X 6 FT,1,$188.00,HANDMADE WOOL JUTE-WJRH-13-6 X 6 FT,57050039,,,,,,,,,
,TOP URGENT,TOP URGENT,RF-13318,AMAZON,112-2678736-9469007,Susan Waddle,,3-Aug-2026,1,JUTE DHURRIE,4 X 12 FT,No,6-Aug-2026,DISPATCHED,,7-Aug-2026,VI-24B,Dispatch,,Susan Lane,5309 BRESSLER DR,,HILLIARD,OH,43026-9402,United States,314-282-9402 ext. 27250,,CUSTOMER,HETALLS GLOBAL PRIVATE LIMITED,Individual,Consumer,JUTE DHURRIE-VI-24B,4 X 12,1,$178.40,HANDMADE JUTE DHURRIE-VI-24B-4 X 12 FT,57050039,,,,,,,6-Aug-2026,7-Aug-2026,
,TOP URGENT,TOP URGENT,RF-13319,AMAZON,111-8049608-1362609,Karl Hildebrand,,3-Aug-2026,1,WOOL JUTE,3 X 5 FT,Yes,11-Aug-2026,DISPATCHED,,5-Aug-2026,WJRH-13,Dispatch,,Karl Hildebrand,266 Dunning St.,,MADISON,WI,53704-4122,United States,213-442-1463 ext. 52866,,CUSTOMER,HETALLS GLOBAL PRIVATE LIMITED,Individual,Consumer,WOOL JUTE-WJRH-13,3 X 5 FT,1,$135.20,HANDMADE WOOL JUTE-WJRH-13-3 X 5 FT,57050039,,,,IN STOCK,,,,5-Aug-2026,
,TOP URGENT,TOP URGENT,RF-13320,AMAZON,112-8453590-9850654,Julie Morse,,3-Aug-2026,1,JUTE DHURRIE,2 X 3 FT,No,6-Aug-2026,DISPATCHED,,6-Aug-2026,NR-82,Dispatch,,Julie Morse,1575 ALCOVA DR,,DAVIDSONVILLE,MD,21035-2110,United States,213-442-1463 ext. 93572,,CUSTOMER,HETALLS GLOBAL PRIVATE LIMITED,Individual,Consumer,JUTE DHURRIE-NR-82,2 X 3 FT,1,$41.60,HANDMADE JUTE DHURRIE-NR-82-2 X 3 FT,57050039,,,,,,,6-Aug-2026,6-Aug-2026,
,TOP URGENT,TOP URGENT,RF-13321,AMAZON,112-9776548-6818602,Lilly Sisto,,3-Aug-2026,1,WOOL JUTE,3 X 5 FT,Yes,11-Aug-2026,DISPATCHED,,5-Aug-2026,WJRH-13,Dispatch,,Lilly Sisto,113 E 29TH ST APT 1,,NEW YORK,NY,10016-8027,United States,415-419-8616 ext. 30986,,CUSTOMER,HETALLS GLOBAL PRIVATE LIMITED,Individual,Consumer,WOOL JUTE-WJRH-13,3 X 5 FT,1,$135.20,HANDMADE WOOL JUTE-WJRH-13-3 X 5 FT,57050039,,,,IN STOCK,,,,5-Aug-2026,
,TOP URGENT,TOP URGENT,RF-13322,AMAZON,111-8545252-2473843,Sharon Caka,,3-Aug-2026,1,JUTE DHURRIE,4 X 6 FT,No,6-Aug-2026,DISPATCHED,,8-Aug-2026,NR-133,Dispatch,,Sharon Caka,29 COUGAR DR,,ANACONDA,MT,59711-2047,United States,412-532-4665 ext. 68262,,CUSTOMER,HETALLS GLOBAL PRIVATE LIMITED,Individual,Consumer,JUTE DHURRIE-NR-133,4 X 6 FT,1,$99.20,HANDMADE JUTE DHURRIE-NR-133-4 X 6 FT,57050039,,,,,,,8-Aug-2026,8-Aug-2026,
"Buyer cancellation
Cancellation reason: Order Created by Mistake",TOP URGENT,TOP URGENT,RF-13323,AMAZON,113-9816655-1425063,Deb Parker,,3-Aug-2026,1,WOOL JUTE,5 X 8 FT,Yes,11-Aug-2026,CANCELLED,CANCELLED,,WJRH-12F,Dispatch,,Deb Parker,766 DARK STAR PL,,COLUMBUS,OH,43230-3803,United States,415-419-8616 ext. 07908,,CUSTOMER,HETALLS GLOBAL PRIVATE LIMITED,Individual,Consumer,WOOL JUTE-WJRH-12F,5 X 8 FT,1,$307.20,HANDMADE WOOL JUTE-WJRH-12F-5 X 8 FT,57050039,,,,,,,,,
,TOP URGENT,TOP URGENT,RF-13324,AMAZON,111-7406634-4984254,Stephanie,,3-Aug-2026,1,COTTON DHURRIE,6 X 8 FT,Yes,6-Aug-2026,DISPATCHED,,8-Aug-2026,MR-09,Dispatch,,Michelle Wigdzinski,630 SHORE RD APT 707,,LONG BEACH,NY,11561-4670,United States,412-532-4665 ext. 67060,,CUSTOMER,HETALLS GLOBAL PRIVATE LIMITED,Individual,Consumer,COTTON DHURRIE-MR-09,6 X 8 FT,1,$248.00,HANDMADE COTTON DHURRIE-MR-09-6 X 8 FT,57050024,,,,,,,,8-Aug-2026,
,TOP URGENT,TOP URGENT,RF-13325,AMAZON,113-6238061-8482612,Elvira Kuri,,3-Aug-2026,1,JUTE DHURRIE,4 X 8 FT,No,6-Aug-2026,DISPATCHED,,7-Aug-2026,NR-30,Dispatch,,Elvira Kuri,125 TOPSPIN DR,,SPICEWOOD,TX,78669-3214,United States,347-448-3190 ext. 84508,,CUSTOMER,HETALLS GLOBAL PRIVATE LIMITED,Individual,Consumer,JUTE DHURRIE-NR-30,4 X 8 FT,1,$134.40,HANDMADE JUTE DHURRIE-NR-30-4 X 8 FT,57050039,,,,,,,6-Aug-2026,7-Aug-2026,
,TOP URGENT,TOP URGENT,RF-13326,AMAZON,114-8080796-1786625,Bell Hudson,,3-Aug-2026,1,COTTON DHURRIE,6 X 6 FT,Yes,6-Aug-2026,DISPATCHED,,8-Aug-2026,JHGD-02A,Dispatch,,Bell Hudson,5214 COUNTY ROAD 254,,BERTRAM,TX,78605-3797,United States,763-225-9463 ext. 08916,,CUSTOMER,HETALLS GLOBAL PRIVATE LIMITED,Individual,Consumer,COTTON DHURRIE-JHGD-02A,6 X 6 FT,1,$150.40,HANDMADE COTTON DHURRIE-JHGD-02A-6 X 6 FT,57050024,,,,,,,,8-Aug-2026,
,TOP URGENT,TOP URGENT,RF-13327,AMAZON,111-8644304-7634612,Christine Silk,,3-Aug-2026,1,WOOL JUTE,2 X 8 FT,Yes,11-Aug-2026,DISPATCHED,,19-Aug-2026,WJRH-13,Dispatch,,Christine Silk,125 E FOURTH ST,,LEXINGTON,KY,40508-1468,United States,347-448-3190 ext. 74895,,CUSTOMER,HETALLS GLOBAL PRIVATE LIMITED,Individual,Consumer,WOOL JUTE-WJRH-13,2 X 8 FT,1,$97.52,HANDMADE WOOL JUTE-WJRH-13-2 X 8 FT,57050039,,,,,,,19-Aug-2026,19-Aug-2026,
,TOP URGENT,TOP URGENT,RF-13328,AMAZON,114-9075603-0209817,Olivia Holt,,3-Aug-2026,1,COTTON DHURRIE,2 X 3 FT,Yes,7-Aug-2026,DISPATCHED,,7-Aug-2026,HGD-161B,Dispatch,,Olivia Holt,444 E Martin Luther King Blvd,,Fayetteville,AR,72701,United States,347-448-3190 ext. 36044,,CUSTOMER,HETALLS GLOBAL PRIVATE LIMITED,Individual,Consumer,COTTON DHURRIE-HGD-161B,2 X 3 FT,1,$51.20,HANDMADE COTTON DHURRIE-HGD-161B-2 X 3 FT,57050024,,,,,,,,7-Aug-2026,
,TOP URGENT,TOP URGENT,RF-13329,AMAZON,203-6184196-0624325,Ben,,3-Aug-2026,1,WOOL JUTE,2 X 8 FT,Yes,12-Aug-2026,DISPATCHED,,19-Aug-2026,WJRH-13,Dispatch,,Ben jones,"3 EATON COURT
PALACE ROAD DOUGLAS",,ISLE OF MAN,,IM2 4LD,United Kingdom,447763579954,,CUSTOMER,HETALLS GLOBAL PRIVATE LIMITED,Individual,Consumer,WOOL JUTE-WJRH-13,2 X 8 FT,1,$79.07,HANDMADE WOOL JUTE-WJRH-13-2 X 8 FT,57050039,,,,,,,19-Aug-2026,19-Aug-2026,
,,SET OF 12 PCS,RF-13330,ETSY-RUGSFOREVER,4134416121,Sarah Macey,,4-Aug-2026,1,CHINDI COTTON-JUTE,8 X 24 Inch,No,8-Aug-2026,DISPATCHED,,7-Aug-2026,NR-1104,Dispatch,,Sarah Macey,64 Church St South,,Alliston,ON,L9R 0H2,Canada, 416-999-7225 or 705-250-5522 ,macdillonempire@gmail.com,CUSTOMER,HETALLS GLOBAL PRIVATE LIMITED,Individual,Consumer,CHINDI COTTON-JUTE-NR-1104,8 X 24 Inch,1,$197.60,HANDMADE CHINDI COTTON-JUTE-NR-1104-8 X 24 Inch,57050039,,,,,,,6-Aug-2026,7-Aug-2026,
,TOP URGENT,TOP URGENT,RF-13331,AMAZON,111-8416463-5302634,Karl,,3-Aug-2026,1,WOOL JUTE,5 X 8 FT,Yes,12-Aug-2026,DISPATCHED,,5-Aug-2026,WJRH-21,Dispatch,,Karl Hildebrand,266 Dunning St.,#413,MADISON,WI ,53704-4122,United States,1 347-448-3190 ext. 36903,,CUSTOMER,HETALLS GLOBAL PRIVATE LIMITED,Individual,Consumer,WOOL JUTE-WJRH-21,5 X 8 FT,1,$208.00,HANDMADE WOOL JUTE-WJRH-21-5 X 8 FT,57050039,,,,IN STOCK,,,,5-Aug-2026,
,TOP URGENT,TOP URGENT,RF-13332,AMAZON,114-6976850-7324237,Ali,,3-Aug-2026,1,WOOL JUTE,2 X 6 FT,Yes,12-Aug-2026,DISPATCHED,,14-Aug-2026,WJRH-21,Dispatch,,Ali,1424 BRIDGEWOOD WAY UNIT 62,,NEENAH,WI ,54956-3025,United States,1 763-225-9463 ext. 96162,,CUSTOMER,HETALLS GLOBAL PRIVATE LIMITED,Individual,Consumer,WOOL JUTE-WJRH-21,2 X 6 FT,1,$71.40,HANDMADE WOOL JUTE-WJRH-21-2 X 6 FT,57050039,,,,,,,13-Aug-2026,14-Aug-2026,
,,SET OF 11 PCS,RF-13333,ETSY-RUGSFOREVER,4134455481,Maggie Ackerman,,4-Aug-2026,1,CHINDI COTTON-JUTE,8 X 28 Inch,No,8-Aug-2026,DISPATCHED,,11-Aug-2026,NR-1100AC,Dispatch,,Maggie Ackerman,17 Park Road,,Truro ,NS,B2N 4E3,Canada,9023310557,maggiemac89@gmail.com,CUSTOMER,HETALLS GLOBAL PRIVATE LIMITED,Individual,Consumer,CHINDI COTTON-JUTE-NR-1100AC,8 X 28 Inch,1,$109.85,HANDMADE CHINDI COTTON-JUTE-NR-1100AC-8 X 28 Inch,57050039,,,,,,,11-Aug-2026,11-Aug-2026,
,,,RF-13334,ETSY-CASAVANI,4134790786,"
Jack Evans",,4-Aug-2026,1,COTTON DHURRIE,2.6 X 8 FT,Yes,8-Aug-2026,DISPATCHED,,11-Aug-2026,STK-21,Dispatch,,"
Jack Evans",4408 Greenwood Ave N,#A,Seattle,WA,98103-7024,United States,,jandevans@comcast.net,CUSTOMER,HETALLS GLOBAL PRIVATE LIMITED,Individual,Consumer,COTTON DHURRIE-STK-21,2.6 X 8 FT,1,$89.70,HANDMADE COTTON DHURRIE-STK-21-2.6 X 8 FT,57050024,,,,,,,,11-Aug-2026,
,,SET OF 20 PCS,RF-13335,ETSY-RUGSFOREVER,4135212533,Catherine Neshyba,,4-Aug-2026,1,JUTE DHURRIE,9 X 28 Inch,No,10-Aug-2026,DISPATCHED,,10-Aug-2026,NR-1100F,Dispatch,,Catherine Neshyba,5275 NE 18th Ave,,"Portland,",OR,97211,United States,(253) 381-8584,neshybac@gmail.com,CUSTOMER,HETALLS GLOBAL PRIVATE LIMITED,Individual,Consumer,JUTE DHURRIE-NR-1100F,9 X 28 Inch,1,$246.35,HANDMADE JUTE DHURRIE-NR-1100F-9 X 28 Inch,57050039,,,,,,,8-Aug-2026,10-Aug-2026,
,TOP URGENT,TOP URGENT,RF-13336,AMAZON,114-3123635-2469059,Cindy,,4-Aug-2026,1,COTTON DHURRIE,5 X 7 FT,Yes,7-Aug-2026,DISPATCHED,,10-Aug-2026,HGD-N-138,Dispatch,,James Handrich,522 N WASHINGTON AVE,,ROYAL OAK,MI,48067-1757,United States,412-532-4665 ext. 72544,,CUSTOMER,HETALLS GLOBAL PRIVATE LIMITED,Individual,Consumer,COTTON DHURRIE-HGD-N-138,5 X 7 FT,1,$147.20,HANDMADE COTTON DHURRIE-HGD-N-138-5 X 7 FT,57050024,,,,,,,,10-Aug-2026,
,,,RF-13337,ETSY-CASAVANI,4134929702,"
Letícia Murer",,4-Aug-2026,1,COTTON DHURRIE,2 X 6 FT,Yes,8-Aug-2026,DISPATCHED,,8-Aug-2026,HP-259A,Dispatch,,Leticia Murer de Souza,3657 Motor Ave,Apt 412,Los Angeles,CA,90034-4483,United States,(909) 675-9608,leticiamurer2015@gmail.com,CUSTOMER,HETALLS GLOBAL PRIVATE LIMITED,Individual,Consumer,COTTON DHURRIE-HP-259A,2 X 6 FT,1,$63.70,HANDMADE COTTON DHURRIE-HP-259A-2 X 6 FT,57050024,,,,,,,,8-Aug-2026,
,,,RF-13338,ETSY-CASAVANI,4134988574,"
	
Stephanie",,5-Aug-2026,1,COTTON DHURRIE,6 X 8 FT,No,8-Aug-2026,DISPATCHED,,11-Aug-2026,MR-55,Dispatch,,andrew mcdonald,85 Kent street,,Bullaburra,NSW,2784,Australia,,mcdonaldstephanie66@gmail.com,CUSTOMER,HETALLS GLOBAL PRIVATE LIMITED,Individual,Consumer,COTTON DHURRIE-MR-55,6 X 8 FT,1,$201.50,HANDMADE COTTON DHURRIE-MR-55-6 X 8 FT,57050024,,,,,,,,11-Aug-2026,
,,"UK VAT number, 370 6004 28",RF-13339,ETSY-CASAVANI,4135307753,"
	
Henry",,5-Aug-2026,1,COTTON DHURRIE,2.5 X 6.5 FT RUNNER,Yes,8-Aug-2026,DISPATCHED,,12-Aug-2026,STK-26B,Dispatch,,"
	
Henry",4 Walton Ave,,Henley-On-Thames,England ,RG9 1LA,United Kingdom,,henryquarton@outlook.com,CUSTOMER,HETALLS GLOBAL PRIVATE LIMITED,Individual,Consumer,COTTON DHURRIE-STK-26B,2.5 X 6.5 FT RUNNER,1,$71.50,HANDMADE COTTON DHURRIE-STK-26B-2.5 X 6.5 FT RUNNER,57050024,,,,,,,,12-Aug-2026,
,,SET OF 14 PCS,RF-13340,ETSY-RUGSFOREVER,4135373535,Nicola Meheran,,5-Aug-2026,1,CHINDI-COTTON,8.5 x 28 INCH,No,10-Aug-2026,DISPATCHED,,11-Aug-2026,NR-1100D,Dispatch,,Nicola Meheran,6 Colonial Terr,,"Maplewood,",NJ,7040,United States,,nicola.meheran@googlemail.com,CUSTOMER,HETALLS GLOBAL PRIVATE LIMITED,Individual,Consumer,CHINDI-COTTON-NR-1100D,8.5 x 28 INCH,1,$152.75,HANDMADE CHINDI-COTTON-NR-1100D-8.5 x 28 INCH,57050024,,,,,,,10-Aug-2026,11-Aug-2026,
"Buyer cancellation
Cancellation reason: Reason left unspecified",TOP URGENT,TOP URGENT,RF-13341,AMAZON,111-5663226-0673829,Arin ,,5-Aug-2026,1,WOOL JUTE,2 X 3 FT,Yes,13-Aug-2026,CANCELLED,CANCELLED,,WJRH-21,Dispatch,,Arin Croft,210 PORT RD,,GREENVILLE,SC,29617-6748,United States,412-532-4665 ext. 72560,,CUSTOMER,HETALLS GLOBAL PRIVATE LIMITED,Individual,Consumer,WOOL JUTE-WJRH-21,2 X 3 FT,1,$64.00,HANDMADE WOOL JUTE-WJRH-21-2 X 3 FT,57050039,,,,,,,,,
,TOP URGENT,TOP URGENT,RF-13342,AMAZON,112-5700022-0076213, maggie,,5-Aug-2026,1,COTTON DHURRIE,6 X 9 FT,Yes,8-Aug-2026,DISPATCHED,,11-Aug-2026,STK-39,Dispatch,,maggie Van Ert,11 E HARBOR DR,,SAG HARBOR,NY,11963-1220,United States,1 763-225-9463 ext. 96142,,CUSTOMER,HETALLS GLOBAL PRIVATE LIMITED,Individual,Consumer,COTTON DHURRIE-STK-39,6 X 9 FT,1,$224.00,HANDMADE COTTON DHURRIE-STK-39-6 X 9 FT,57050024,,,,,,,,11-Aug-2026,
,,,RF-13343,ETSY-CASAVANI,4135878547,Isabella Bellini,,5-Aug-2026,1,COTTON DHURRIE,3 X 5 FT,Yes,10-Aug-2026,DISPATCHED,,11-Aug-2026,HP-211,Dispatch,,Isabella Bellini,32 Meserole St,2,Brooklyn,NY,11206,United States,,bellini_isabella@yahoo.com,CUSTOMER,HETALLS GLOBAL PRIVATE LIMITED,Individual,Consumer,COTTON DHURRIE-HP-211,3 X 5 FT,1,$74.10,HANDMADE COTTON DHURRIE-HP-211-3 X 5 FT,57050024,,,,,,,,11-Aug-2026,
,,,RF-13344,ETSY-CASAVANI,4135904981,"
Katy",,5-Aug-2026,1,COTTON DHURRIE,2 X 5 FT,No,10-Aug-2026,DISPATCHED,,13-Aug-2026,STK-26B,Dispatch,,"
Katy Testa",519 N Louisiana Ave,,Asheville,NC,28806-3742,United States,(201) 899-6602,kmt.beherenow77@yahoo.com,CUSTOMER,HETALLS GLOBAL PRIVATE LIMITED,Individual,Consumer,COTTON DHURRIE-STK-26B,2 X 5 FT,1,$82.22,HANDMADE COTTON DHURRIE-STK-26B-2 X 5 FT,57050024,,,,,,,,13-Aug-2026,
,,,RF-13345,ETSY-CASAVANI,4135883404,"
	
Asia Maya",,5-Aug-2026,1,COTTON DHURRIE,2 X 8 FT,Yes,10-Aug-2026,DISPATCHED,,12-Aug-2026,HGD-161E,Dispatch,,Asia Smith,5051 N Glenwood Ave,APT 2G,Chicago,IL,60640-6803,United States,5613078764,pandabeloved12@yahoo.com,CUSTOMER,HETALLS GLOBAL PRIVATE LIMITED,Individual,Consumer,COTTON DHURRIE-HGD-161E,2 X 8 FT,1,$83.85,HANDMADE COTTON DHURRIE-HGD-161E-2 X 8 FT,57050024,,,,,,,,12-Aug-2026,
,TOP URGENT,TOP URGENT,RF-13346,AMAZON,112-2383949-0025001,Briana craig,,5-Aug-2026,1,WOOL JUTE,3 X 15 FT,Yes,21-Aug-2026,RECEIVED,,,HW-60,Dispatch,,Briana craig,25965 TYTLER RD NE,,POULSBO,WA,98370-9102,United States,415-419-8616 ext. 33764,,CUSTOMER,HETALLS GLOBAL PRIVATE LIMITED,Individual,Consumer,JUTE DHURRIE-HW-60,3 X 15 FT,1,$333.00,HANDMADE WOOL JUTE-HW-60-3 X 15 FT,57050039,,,,,,,20-Aug-2026,24-Aug-2026,
,TOP URGENT,TOP URGENT,RF-13347,AMAZON,111-1890356-1063464,Carmen Redd,,5-Aug-2026,1,COTTON DHURRIE,2.6 X 10 FT,Yes,6-Aug-2026,DISPATCHED,,12-Aug-2026,HGD-161B,Dispatch,,Carmen Redd,7825 S ALASKA ST,,TACOMA,WA,98408-1112,United States,763-225-9463 ext. 52246,,CUSTOMER,HETALLS GLOBAL PRIVATE LIMITED,Individual,Consumer,COTTON DHURRIE-HGD-161B,2.6 X 10 FT,1,$108.00,HANDMADE COTTON DHURRIE-HGD-161B-2.6 X 10 FT,57050024,,,,,,,,12-Aug-2026,
,TOP URGENT,TOP URGENT,RF-13348,AMAZON,112-4562255-8962621,Brenna M C Keller,,5-Aug-2026,1,COTTON DHURRIE,7 X 10 FT,No,8-Aug-2026,DISPATCHED,,12-Aug-2026,STK-26O,Dispatch,,Brenna Keller,135 WHISPERING WILLOW CT,,CAPE GIRARDEAU,MO,63701-4927,United States,412-532-4665 ext. 08452,,CUSTOMER,HETALLS GLOBAL PRIVATE LIMITED,Individual,Consumer,COTTON DHURRIE-STK-26O,7 X 10 FT,1,$364.00,HANDMADE COTTON DHURRIE-STK-26O-7 X 10 FT,57050024,,,,,,,,12-Aug-2026,
,,,RF-13349,MIRRAW,M159219603,Mirraw Online Services Pvt Ltd.,,5-Aug-2026,1,COTTON DHURRIE,27 inch X 4 FT,Yes,5-Aug-2026,DISPATCHED,,11-Aug-2026,STK-36,Dispatch,,Mirraw Online Services Pvt Ltd,"01 to 110 First floor, Building Number 75"," Indian Corporation complex, Mankoli Naka, Dapode, (Near Gajanan Petrol Pump),",Bhiwandi,Maharashtra,421302, India,91 2266484300,,CUSTOMER,HETALLS GLOBAL PRIVATE LIMITED,Individual,Consumer,COTTON DHURRIE-STK-36,27 inch X 4 FT,1,$12.11,HANDMADE COTTON DHURRIE-STK-36-27 inch X 4 FT,57050024,,,,,,,,11-Aug-2026,
,,,RF-13350-1/2,ETSY-CASAVANI,,"Ajai akkamattam, Akkamattam",,5-Aug-2026,1,COTTON DHURRIE,2 X 20 FT,No,9-Aug-2026,DISPATCHED,,11-Aug-2026,HGD-105R,Dispatch,,"Ajai akkamattam, Akkamattam",Perumbadari,Mannarkkad,palakkad,kerala,678762, India,44 7401 375320,,CUSTOMER,HETALLS GLOBAL PRIVATE LIMITED,Individual,Consumer,COTTON DHURRIE-HGD-105R,2 X 20 FT,1,$140.00,HANDMADE COTTON DHURRIE-HGD-105R-2 X 20 FT,57050024,,,,,,,,11-Aug-2026,
,,,RF-13350-2/2,ETSY-CASAVANI,,"Ajai akkamattam, Akkamattam",,5-Aug-2026,1,COTTON DHURRIE,2 X 8 FT,No,9-Aug-2026,DISPATCHED,,11-Aug-2026,HGD-105R,Dispatch,,"Ajai akkamattam, Akkamattam",Perumbadari,Mannarkkad,palakkad,kerala,678762, India,44 7401 375320,,CUSTOMER,HETALLS GLOBAL PRIVATE LIMITED,Individual,Consumer,COTTON DHURRIE-HGD-105R,2 X 8 FT,1,$69.00,HANDMADE COTTON DHURRIE-HGD-105R-2 X 8 FT,57050024,,,,,,,,11-Aug-2026,
,,SET OF 15 PCS,RF-13351,ETSY-RUGSFOREVER,4136288299,Zuzanna von Salm,,6-Aug-2026,1,JUTE DHURRIE,9 X 28 Inch,No,10-Aug-2026,DISPATCHED,,10-Aug-2026,NR-1101A,Dispatch,,Zuzanna von Salm,132 West Neck road,,Southampton,NY,11968,United States,,zuzabuchwald@gmail.com,CUSTOMER,HETALLS GLOBAL PRIVATE LIMITED,Individual,Consumer,JUTE DHURRIE-NR-1101A,9 X 28 Inch,1,$185.25,HANDMADE JUTE DHURRIE-NR-1101A-9 X 28 Inch,57050039,,,,,,,8-Aug-2026,10-Aug-2026,
,TOP URGENT,TOP URGENT,RF-13352,AMAZON,112-7224659-9330668,laura brownstone,,6-Aug-2026,1,COTTON DHURRIE,4 X 6 FT,Yes,7-Aug-2026,DISPATCHED,,11-Aug-2026,JHGD-02A,Dispatch,,Laura Berland,410 CONESTOGA RD,,WAYNE,PA,19087-4812,United States,412-532-4665 ext. 62011,,CUSTOMER,HETALLS GLOBAL PRIVATE LIMITED,Individual,Consumer,COTTON DHURRIE-JHGD-02A,4 X 6 FT,1,$89.00,HANDMADE COTTON DHURRIE-JHGD-02A-4 X 6 FT,57050024,,,,,,,,11-Aug-2026,
,TOP URGENT,TOP URGENT,RF-13353,AMAZON,113-9226424-5889811,Deb Parker,,6-Aug-2026,1,WOOL JUTE,5 X 8 FT,Yes,14-Aug-2026,DISPATCHED,,18-Aug-2026,WJRH-12F,Dispatch,,Deb Parker,766 DARK STAR PL,,COLUMBUS,OH,43230-3803,United States,763-225-9463 ext. 98801,,CUSTOMER,HETALLS GLOBAL PRIVATE LIMITED,Individual,Consumer,WOOL JUTE-WJRH-12F,5 X 8 FT,1,$384.00,HANDMADE WOOL JUTE-WJRH-12F-5 X 8 FT,57050039,,,,,,,,18-Aug-2026,
,TOP URGENT,TOP URGENT,RF-13354,AMAZON,113-8974002-2535467,Laura Howe,,6-Aug-2026,1,JUTE DHURRIE,5 X 8 FT,No,7-Aug-2026,DISPATCHED,,10-Aug-2026,NR-56A,Dispatch,,David Howe,61 RONALD RIDGE DR,,RONALD,WA,98940-0403,United States,347-448-3190 ext. 21875,,CUSTOMER,HETALLS GLOBAL PRIVATE LIMITED,Individual,Consumer,JUTE DHURRIE-NR-56A,5 X 8 FT,1,$111.00,HANDMADE JUTE DHURRIE-NR-56A-5 X 8 FT,57050039,,,,,,,10-Aug-2026,10-Aug-2026,
,TOP URGENT,TOP URGENT,RF-13355,AMAZON,701-7022827-1642643,Shannon Whitney,,6-Aug-2026,1,JUTE DHURRIE,3 X 3 FT,No,10-Aug-2026,DISPATCHED,,10-Aug-2026,NR-50A,Dispatch,,Shannon Whitney,643 Charlotte Street Apt 1,,Fredericton,New Brunswick,E3B 1M4,Canada,15069992190,,CUSTOMER,HETALLS GLOBAL PRIVATE LIMITED,Individual,Consumer,JUTE DHURRIE-NR-50A,3 X 3 FT,1,$79.20,HANDMADE JUTE DHURRIE-NR-50A-3 X 3 FT,57050039,,,,,,,10-Aug-2026,10-Aug-2026,
,TOP URGENT,TOP URGENT,RF-13356,AMAZON,114-5393877-4015439,Betsy Hinkle,,6-Aug-2026,1,JUTE DHURRIE,4 X 6 FT,No,10-Aug-2026,DISPATCHED,,10-Aug-2026,NR-91,Dispatch,,Betsy Hinkle,760 ALEWIVE RD,,KENNEBUNK,ME,04043-6021,United States,412-532-4665 ext. 63732,,CUSTOMER,HETALLS GLOBAL PRIVATE LIMITED,Individual,Consumer,JUTE DHURRIE-NR-91,4 X 6 FT,1,$124.00,HANDMADE JUTE DHURRIE-NR-91-4 X 6 FT,57050039,,,,IN STOCK,,,,10-Aug-2026,
,TOP URGENT,TOP URGENT,RF-13357,AMAZON,111-7104883-2246667,Brittany Hernandez,,6-Aug-2026,1,JUTE DHURRIE,2.6 X 4 FT,No,10-Aug-2026,DISPATCHED,,8-Aug-2026,NR-129,Dispatch,,Brittany Hernandez,3038 E CAMELLIA DR,,GILBERT,AZ,85296-7828,United States,480-618-5344 ext. 43233,,CUSTOMER,HETALLS GLOBAL PRIVATE LIMITED,Individual,Consumer,JUTE DHURRIE-NR-129,2.6 X 4 FT,1,$64.00,HANDMADE JUTE DHURRIE-NR-129-2.6 X 4 FT,57050039,,,,,,,8-Aug-2026,8-Aug-2026,
,TOP URGENT,TOP URGENT,RF-13358-1/2,AMAZON,114-0899719-8029863,Jerry Wind,,6-Aug-2026,1,COTTON DHURRIE,4 X 4 FT,Yes,14-Aug-2026,DISPATCHED,,12-Aug-2026,JHGD-12A,Dispatch,,Rachel Oliver,732 BRINGHURST AVE,,AUDUBON,NJ,08106-1208,United States,412-532-4665 ext. 13551,,CUSTOMER,HETALLS GLOBAL PRIVATE LIMITED,Individual,Consumer,COTTON DHURRIE-JHGD-12A,4 X 4 FT,1,$88.00,HANDMADE COTTON DHURRIE-JHGD-12A-4 X 4 FT,57050024,,,,,,,,12-Aug-2026,
,TOP URGENT,TOP URGENT,RF-13358-2/2,AMAZON,114-0899719-8029863,Jerry Wind,,6-Aug-2026,1,WOOL JUTE,7 X 10 FT,Yes,14-Aug-2026,DISPATCHED,,12-Aug-2026,WJRH-15,Dispatch,,Rachel Oliver,732 BRINGHURST AVE,,AUDUBON,NJ,08106-1208,United States,412-532-4665 ext. 13551,,CUSTOMER,HETALLS GLOBAL PRIVATE LIMITED,Individual,Consumer,WOOL JUTE-WJRH-15,7 X 10 FT,1,$455.00,HANDMADE WOOL JUTE-WJRH-15-7 X 10 FT,57050039,,,,IN STOCK,,,,12-Aug-2026,
,TOP URGENT,TOP URGENT,RF-13359,AMAZON,113-4367104-3309802,Tracy,,6-Aug-2026,1,COTTON DHURRIE,4 X 10 FT,No,10-Aug-2026,HOLD,HOLD,,STK-52,Dispatch,,Tracy Heidrich,3908 DEERTRAIL DR,,ERLANGER,KY,41018-3855,United States,1 213-442-1463 ext. 37282,,CUSTOMER,HETALLS GLOBAL PRIVATE LIMITED,Individual,Consumer,COTTON DHURRIE-STK-52,4 X 10 FT,1,$208.00,HANDMADE COTTON DHURRIE-STK-52-4 X 10 FT,57050024,,,,,,,,,
,,SET OF 14 PCS,RF-13360,ETSY-RUGSFOREVER,4136827836,Cansu Aksoy,,6-Aug-2026,1,JUTE DHURRIE,9 X 29 Inch,No,11-Aug-2026,DISPATCHED,,12-Aug-2026,NR-1100J,Dispatch,,Cansu Aksoy,"8, Edwards Court,",,Rathfarnham,Dublin,D16 A9W9,Ireland,353896113399,cansuualver@gmail.com,CUSTOMER,HETALLS GLOBAL PRIVATE LIMITED,Individual,Consumer,JUTE DHURRIE-NR-1100J,9 X 29 Inch,1,$178.75,HANDMADE JUTE DHURRIE-NR-1100J-9 X 29 Inch,57050039,,,,,,,11-Aug-2026,12-Aug-2026,
,,SET OF 10 PCS,RF-13361,ETSY-RUGSFOREVER,4137376011,Karen Carle,,7-Aug-2026,1,CHINDI-COTTON,8 X 29 Inch,No,11-Aug-2026,DISPATCHED,,11-Aug-2026,NR-1104,Dispatch,,Karen Carle,15 Excell Street,,Red Deer,AB,T4R 2N2,Canada,14038351284,cansuualver@gmail.com,CUSTOMER,HETALLS GLOBAL PRIVATE LIMITED,Individual,Consumer,CHINDI-COTTON-NR-1104,8 X 29 Inch,1,$109.85,HANDMADE CHINDI-COTTON-NR-1104-8 X 29 Inch,57050024,,,,,,,10-Aug-2026,11-Aug-2026,
,,,RF-13362,ETSY-RUGSFOREVER,4137529103,Yael schneider,,7-Aug-2026,1,WOOL JUTE,7 X 10 FT,Yes,11-Aug-2026,DISPATCHED,,14-Aug-2026,WJRH-77,Dispatch,,Yael schneider,Tsipornit 7/1 Modiin,,Modi'in-Maccabim-Re'ut,Modi'in-Maccabim-Re'ut,7174717,Israel,972 50-621-7332,yaelschneider230180@gmail.com,CUSTOMER,HETALLS GLOBAL PRIVATE LIMITED,Individual,Consumer,WOOL JUTE-WJRH-77,7 X 10 FT,1,$403.00,HANDMADE WOOL JUTE-WJRH-77-7 X 10 FT,57050039,,,,,,,13-Aug-2026,14-Aug-2026,
,TOP URGENT,TOP URGENT,RF-13363,AMAZON,113-5735082-0329044,Christina,,7-Aug-2026,1,JUTE DHURRIE,4 X 12 FT,No,11-Aug-2026,DISPATCHED,,13-Aug-2026,VI-25,Dispatch,,Christina,36562 Laws Ct,,Frankford,DE,19945,United States,213-442-1463 ext. 36668,,CUSTOMER,HETALLS GLOBAL PRIVATE LIMITED,Individual,Consumer,JUTE DHURRIE-VI-25,4 X 12 FT,1,$223.00,HANDMADE JUTE DHURRIE-VI-25-4 X 12 FT,57050039,,,,,,,,13-Aug-2026,
,TOP URGENT,TOP URGENT,RF-13364-1/2,AMAZON,113-1947624-1137837,stephanie fiorucci,,7-Aug-2026,1,JUTE DHURRIE,2.6 X 4 FT,No,11-Aug-2026,DISPATCHED,,12-Aug-2026,NR-67,Dispatch,,stephanie fiorucci,25 Tannery Rd,,Sturbridge,MA,01518-1170,United States,480-618-5344 ext. 01742,,CUSTOMER,HETALLS GLOBAL PRIVATE LIMITED,Individual,Consumer,JUTE DHURRIE-NR-67,2.6 X 4 FT,1,$64.00,HANDMADE JUTE DHURRIE-NR-67-2.6 X 4 FT,57050039,,,,,,,11-Aug-2026,12-Aug-2026,
,TOP URGENT,TOP URGENT,RF-13364-2/2,AMAZON,113-1947624-1137837,stephanie fiorucci,,7-Aug-2026,1,JUTE DHURRIE,3 X 5 FT,No,11-Aug-2026,DISPATCHED,,12-Aug-2026,NR-67,Dispatch,,stephanie fiorucci,25 Tannery Rd,,Sturbridge,MA,01518-1170,United States,480-618-5344 ext. 01742,,CUSTOMER,HETALLS GLOBAL PRIVATE LIMITED,Individual,Consumer,JUTE DHURRIE-NR-67,3 X 5 FT,1,$79.00,HANDMADE JUTE DHURRIE-NR-67-3 X 5 FT,57050039,,,,,,,11-Aug-2026,12-Aug-2026,
,TOP URGENT,TOP URGENT,RF-13365,AMAZON,113-5248034-6106603,Sarah mccurdy,,7-Aug-2026,1,COTTON DHURRIE,2.6 X 4 FT,Yes,8-Aug-2026,DISPATCHED,,11-Aug-2026,JHGD-02A,Dispatch,,Sarah mccurdy,870 tuxedo blvd,,Webster groves,Mo,63119,United States,213-442-1463 ext. 92502,,CUSTOMER,HETALLS GLOBAL PRIVATE LIMITED,Individual,Consumer,COTTON DHURRIE-JHGD-02A,2.6 X 4 FT,1,$64.00,HANDMADE COTTON DHURRIE-JHGD-02A-2.6 X 4 FT,57050024,,,,,,,,11-Aug-2026,
,TOP URGENT,TOP URGENT,RF-13366,AMAZON,113-4153185-6737010,Rosie Rasmussen,,7-Aug-2026,1,JUTE DHURRIE,4 X 4 FT,No,11-Aug-2026,DISPATCHED,,10-Aug-2026,NR-85,Dispatch,,Crystal Stiles Mandt,PMB 411 UPS STORE 1250 N HIGHWAY,,COLVILLE,WA,99114-2005,United States,213-442-1463 ext. 40458,,CUSTOMER,HETALLS GLOBAL PRIVATE LIMITED,Individual,Consumer,JUTE DHURRIE-NR-85,4 X 4 FT,1,$88.00,HANDMADE JUTE DHURRIE-NR-85-4 X 4 FT,57050039,,,,,,,10-Aug-2026,10-Aug-2026,
,TOP URGENT,TOP URGENT,RF-13367,AMAZON,112-1385908-9601859,Abby,,7-Aug-2026,1,COTTON DHURRIE,2 X 6 FT,Yes,11-Aug-2026,DISPATCHED,,13-Aug-2026,HP-117,Dispatch,,Abby Voss,4600 ROSWELL RD BLDG H 390,,ATLANTA,GA,30342-3104,United States,763-225-9463 ext. 50168,,CUSTOMER,HETALLS GLOBAL PRIVATE LIMITED,Individual,Consumer,COTTON DHURRIE-HP-117,2 X 6 FT,1,$85.00,HANDMADE COTTON DHURRIE-HP-117-2 X 6 FT,57050024,,,,,,,,13-Aug-2026,
,TOP URGENT,TOP URGENT,RF-13368,AMAZON,114-2695138-3461031,Helena Jenkins,,7-Aug-2026,1,COTTON DHURRIE,2 X 6 FT,Yes,11-Aug-2026,DISPATCHED,,11-Aug-2026,STK-26B,Dispatch,,Helena Jenkins,104 E 2ND ST APT 111,,RICHMOND,VA,23224-4387,United States,619-854-2705 ext. 87840,,CUSTOMER,HETALLS GLOBAL PRIVATE LIMITED,Individual,Consumer,COTTON DHURRIE-STK-26B,2 X 6 FT,1,$45.00,HANDMADE COTTON DHURRIE-STK-26B-2 X 6 FT,57050024,,,,,,,,11-Aug-2026,
IOSS VAT identification number:  IM4420001405,TOP URGENT,TOP URGENT,RF-13369,AMAZON,306-0186094-4561101,Franziska Neisener,,7-Aug-2026,1,JUTE DHURRIE,3 X 3 FT,No,10-Aug-2026,DISPATCHED,,14-Aug-2026,VI-40,Dispatch,,Franziska Neisener,Wüste Film Gmbh Eg Rechts,Winsbergring 38,Hamburg,,22525,Germany,,,CUSTOMER,HETALLS GLOBAL PRIVATE LIMITED,Individual,Consumer,JUTE DHURRIE-VI-40,3 X 3 FT,1,$82.97,HANDMADE JUTE DHURRIE-VI-40-3 X 3 FT,57050039,,,,,,,13-Aug-2026,14-Aug-2026,
,TOP URGENT,TOP URGENT,RF-13370,AMAZON,114-1229910-3596228,,,7-Aug-2026,1,COTTON DHURRIE,4 X 12 FT,Yes,,,,,HGD-161B,Dispatch,,,,,,,,,,,CUSTOMER,HETALLS GLOBAL PRIVATE LIMITED,Individual,Consumer,COTTON DHURRIE-HGD-161B,4 X 12 FT,1,$248.00,HANDMADE COTTON DHURRIE-HGD-161B-4 X 12 FT,57050024,,,,,,,,,
,,,RF-13371,ETSY-CASAVANI,4137048564,"
Shona Wilson",,7-Aug-2026,1,COTTON DHURRIE,2.6 X 24 FT,No,10-Aug-2026,DISPATCHED,,13-Aug-2026,HP-259A,Dispatch,,"
Shona Wilson",210 Nelson Ferry Rd,,Decatur,GA,30030-2318,United States,(404) 934-3582,showtime111222@gmail.com,CUSTOMER,HETALLS GLOBAL PRIVATE LIMITED,Individual,Consumer,COTTON DHURRIE-HP-259A,2.6 X 24 FT,1,$298.35,HANDMADE COTTON DHURRIE-HP-259A-2.6 X 24 FT,57050024,,,,,,,,13-Aug-2026,
,,"Etsy's IOSS number, IM3720000224",RF-13372,ETSY-CASAVANI,4137482959,"
	
mariela",,7-Aug-2026,1,COTTON DHURRIE,2 X 4 FT,Yes,10-Aug-2026,DISPATCHED,,11-Aug-2026,HP-259A,Dispatch,,"
        
mariela dosil vieites",Rúa Curros Enríquez n6 5 piso,,Noia,La Coruña,15200,Spain,,mariela3162@gmail.com,CUSTOMER,HETALLS GLOBAL PRIVATE LIMITED,Individual,Consumer,COTTON DHURRIE-HP-259A,2 X 4 FT,1,$55.06,HANDMADE COTTON DHURRIE-HP-259A-2 X 4 FT,57050024,,,,,,,,11-Aug-2026,
,,,RF-13373,ETSY-CASAVANI,4137631303,"
        
	
Ghazal Danesh",,7-Aug-2026,1,COTTON DHURRIE,2 X 7 FT,Yes,10-Aug-2026,DISPATCHED,,17-Aug-2026,MR-181,Dispatch,,"
        
Ghazal Danesh",1847 38 Ave SW,,Calgary ,AB,T2T 7B6,Canada,=+1 647-615-1376,danesh@ualberta.ca,CUSTOMER,HETALLS GLOBAL PRIVATE LIMITED,Individual,Consumer,COTTON DHURRIE-MR-181,2 X 7 FT,1,$98.15,HANDMADE COTTON DHURRIE-MR-181-2 X 7 FT,57050024,,,,,,,,17-Aug-2026,
,,,RF-13374-1/2,ETSY-CASAVANI,4137357192,"
        
        
	
Tanya Mukherji",,7-Aug-2026,1,COTTON DHURRIE,2.6 X 8 FT,No,11-Aug-2026,DISPATCHED,,13-Aug-2026,TH-513,Dispatch,,"
        
        
	
Tanya Mukherji",788 Hamilton St,1605,Vancouver,BC,V6B 0E9,Canada,,tanyamukherji9909@gmail.com,CUSTOMER,HETALLS GLOBAL PRIVATE LIMITED,Individual,Consumer,COTTON DHURRIE-TH-513,2.6 X 8 FT,1,$70.00,HANDMADE COTTON DHURRIE-TH-513-2.6 X 8 FT,57050024,,,,,,,,13-Aug-2026,
,,,RF-13374-2/2,ETSY-CASAVANI,4137357192,"
        
        
	
Tanya Mukherji",,7-Aug-2026,1,COTTON DHURRIE,2 X 4 FT,Yes,11-Aug-2026,DISPATCHED,,13-Aug-2026,STK-03,Dispatch,,"
        
        
	
Tanya Mukherji",788 Hamilton St,1605,Vancouver,BC,V6B 0E9,Canada,,tanyamukherji9909@gmail.com,CUSTOMER,HETALLS GLOBAL PRIVATE LIMITED,Individual,Consumer,COTTON DHURRIE-STK-03,2 X 4 FT,1,$53.00,HANDMADE COTTON DHURRIE-STK-03-2 X 4 FT,57050024,,,,,,,,13-Aug-2026,
,,,RF-13375,ETSY-RUGSFOREVER,4138284493,Timothy Braun,,8-Aug-2026,1,CHINDI-COTTON,3 X 5 FT,No,18-Aug-2026,DISPATCHED,,10-Aug-2026,HW-54,Dispatch,,Timothy Braun,31 Grand Avenue,, Shelter Island Heights,NY,11965,United States,917-576-8963,tim@braunproduction.com,CUSTOMER,HETALLS GLOBAL PRIVATE LIMITED,Individual,Consumer,CHINDI-COTTON-HW-54,3 X 5 FT,1,$123.50,HANDMADE CHINDI-COTTON-HW-54-3 X 5 FT,57050024,,,,,,,10-Aug-2026,10-Aug-2026,
,,SET OF 11 PCS,RF-13376-1/2,ETSY-RUGSFOREVER,4137990062,Kasey McDonald,,8-Aug-2026,1,Wool,8.5 x 28 INCH,No,12-Aug-2026,LATE,,,NR-1102,Dispatch,,Kasey McDonald,3920 Miller Rd,,Ann Arbor,MI,48103-1729,United States,2489127044,kaseymonkey@aol.com,CUSTOMER,HETALLS GLOBAL PRIVATE LIMITED,Individual,Consumer,Wool-NR-1102,8.5 x 28 INCH,1,$300.18,HANDMADE Wool-NR-1102-8.5 x 28 INCH,FALSE,,,,RANJIT JI,,,,,
,,1 landing step,RF-13376-2/2,ETSY-RUGSFOREVER,4137990062,Kasey McDonald,,8-Aug-2026,1,Wool,28 X 28 INCH,No,12-Aug-2026,LATE,,,NR-1102,Dispatch,,Kasey McDonald,3920 Miller Rd,,Ann Arbor,MI,48103-1729,United States,2489127044,kaseymonkey@aol.com,CUSTOMER,HETALLS GLOBAL PRIVATE LIMITED,Individual,Consumer,Wool-NR-1102,28 X 28 INCH,1,$127.00,HANDMADE Wool-NR-1102-28 X 28 INCH,FALSE,,,,RANJIT JI,,,,,
,,SET OF 13 PCS,RF-13377-1/2,ETSY-RUGSFOREVER,4138050352,Samantha Nelson,,8-Aug-2026,1,CHINDI-COTTON,9 X 29 Inch,No,12-Aug-2026,DISPATCHED,,14-Aug-2026,NR-1104,Dispatch,,Samantha Nelson,136 Ripple Creek Dr,,"Lake Saint Louis, ",MO,63367,United States,,smiller.jjsmarketing@gmail.com,CUSTOMER,HETALLS GLOBAL PRIVATE LIMITED,Individual,Consumer,CHINDI-COTTON-NR-1104,9 X 29 Inch,1,$180.00,HANDMADE CHINDI-COTTON-NR-1104-9 X 29 Inch,57050024,,,,,,,13-Aug-2026,14-Aug-2026,
,,,RF-13377-2/2,ETSY-RUGSFOREVER,4138050352,Samantha Nelson,,8-Aug-2026,1,CHINDI COTTON-JUTE,3 X 3 FT,No,12-Aug-2026,DISPATCHED,,14-Aug-2026,VI-15,Dispatch,,Samantha Nelson,136 Ripple Creek Dr,,"Lake Saint Louis, ",MO,63367,United States,,smiller.jjsmarketing@gmail.com,CUSTOMER,HETALLS GLOBAL PRIVATE LIMITED,Individual,Consumer,CHINDI COTTON-JUTE-VI-15,3 X 3 FT,1,$81.02,HANDMADE CHINDI COTTON-JUTE-VI-15-3 X 3 FT,57050039,,,,,,,10-Aug-2026,14-Aug-2026,
,,,RF-13378,ETSY-RUGSFOREVER,4138485177,Keeley Pratt,,8-Aug-2026,1,JUTE DHURRIE,3 X 5 FT,No,12-Aug-2026,DISPATCHED,,10-Aug-2026,NR-1065,Dispatch,,Keeley Pratt,125 E California Ave,,"Columbus, ",OH,43202-1279,United States,,keeley.pratt@gmail.com,CUSTOMER,HETALLS GLOBAL PRIVATE LIMITED,Individual,Consumer,JUTE DHURRIE-NR-1065,3 X 5 FT,1,$123.50,HANDMADE JUTE DHURRIE-NR-1065-3 X 5 FT,57050039,,,,,,,10-Aug-2026,10-Aug-2026,
,,SET OF 20 PCS,RF-13379,ETSY-RUGSFOREVER,4138601183,Stephanie Moore,,8-Aug-2026,1,JUTE DHURRIE,9 X 29 Inch,No,12-Aug-2026,DISPATCHED,,13-Aug-2026,NR-1101A,Dispatch,,Stephanie Moore,Stephanie Moore,710 Buchanan St Unit 11,"Nashville,",TN,37208,United States,,ms.scmoore@yahoo.com,CUSTOMER,HETALLS GLOBAL PRIVATE LIMITED,Individual,Consumer,JUTE DHURRIE-NR-1101A,9 X 29 Inch,1,$252.85,HANDMADE JUTE DHURRIE-NR-1101A-9 X 29 Inch,57050039,,,,,,,11-Aug-2026,13-Aug-2026,
,TOP URGENT,TOP URGENT,RF-13380,AMAZON,114-3684068-6469818,Deep Chopra,,8-Aug-2026,1,COTTON DHURRIE,5 X 7 FT,Yes,12-Aug-2026,DISPATCHED,,13-Aug-2026,STK-43,Dispatch,,D C,150 CHAMBERLAIN AVE,,NOVATO,CA,94947-4306,United States,619-854-2705 ext. 21889,,CUSTOMER,HETALLS GLOBAL PRIVATE LIMITED,Individual,Consumer,COTTON DHURRIE-STK-43,5 X 7 FT,1,$184.00,HANDMADE COTTON DHURRIE-STK-43-5 X 7 FT,57050024,,,,,,,,13-Aug-2026,
"Buyer cancellation
Cancellation reason: Shipping Cost Too High",TOP URGENT,TOP URGENT,RF-13381,AMAZON,702-2713450-5565807,adriana salazar,,8-Aug-2026,1,COTTON DHURRIE,2.6 X 4 FT,Yes,13-Aug-2026,CANCELLED,CANCELLED,,HGD-161B,Dispatch,,ADRIANA SALAZAR,UNIÓN 77 INTERIOR 201,ESCANDON I SECCION,CIUDAD DE MEXICO,CIUDAD DE MEXICO,11800,Mexico,5528483906,,CUSTOMER,HETALLS GLOBAL PRIVATE LIMITED,Individual,Consumer,COTTON DHURRIE-HGD-161B,2.6 X 4 FT,1,$181.43,HANDMADE COTTON DHURRIE-HGD-161B-2.6 X 4 FT,57050024,,,,,,,,,
,TOP URGENT,TOP URGENT,RF-13382,AMAZON,111-2578681-2450654,andrew schrock,,8-Aug-2026,1,COTTON DHURRIE,3 X 5 FT,Yes,12-Aug-2026,DISPATCHED,,13-Aug-2026,JHGD-12A,Dispatch,,andrew schrock,207 REYNOLDS ST,,FENNVILLE,MI,49408-5119,United States,412-532-4665 ext. 16980,,CUSTOMER,HETALLS GLOBAL PRIVATE LIMITED,Individual,Consumer,COTTON DHURRIE-JHGD-12A,3 X 5 FT,1,$79.00,HANDMADE COTTON DHURRIE-JHGD-12A-3 X 5 FT,57050024,,,,,,,,13-Aug-2026,
,TOP URGENT,TOP URGENT,RF-13383,AMAZON,113-2620532-9559422,Ellory Farr,,8-Aug-2026,1,COTTON DHURRIE,6 X 8 FT,Yes,12-Aug-2026,DISPATCHED,,17-Aug-2026,STK-47,Dispatch,,Anne Miller,700 FRASIER CIR SE,,MARIETTA,GA,30060-2316,United States,415-419-8616 ext. 14651,,CUSTOMER,HETALLS GLOBAL PRIVATE LIMITED,Individual,Consumer,COTTON DHURRIE-STK-47,6 X 8 FT,1,$248.00,HANDMADE COTTON DHURRIE-STK-47-6 X 8 FT,57050024,,,,,,,,17-Aug-2026,
,TOP URGENT,TOP URGENT,RF-13384-1/2,AMAZON,114-0263908-3985848,Paul Maupin,,8-Aug-2026,1,WOOL JUTE,4 X 7 FT,Yes,17-Aug-2026,DISPATCHED,,22-Aug-2026,WJRH-15,Dispatch,,Paul Maupin,10010 HIDDEN BLF,,MCGREGOR,TX,76657-4180,United States,602-671-6610 ext. 64195,,CUSTOMER,HETALLS GLOBAL PRIVATE LIMITED,Individual,Consumer,WOOL JUTE-WJRH-15,4 X 7 FT,1,$180.00,HANDMADE WOOL JUTE-WJRH-15-4 X 7 FT,57050039,,,,,,,13-Aug-2026,22-Aug-2026,
,TOP URGENT,TOP URGENT,RF-13384-2/2,AMAZON,114-0263908-3985848,Paul Maupin,,8-Aug-2026,1,WOOL JUTE,4 X 7 FT,Yes,17-Aug-2026,DISPATCHED,,22-Aug-2026,WJRH-13,Dispatch,,Paul Maupin,10010 HIDDEN BLF,,MCGREGOR,TX,76657-4180,United States,602-671-6610 ext. 64195,,CUSTOMER,HETALLS GLOBAL PRIVATE LIMITED,Individual,Consumer,WOOL JUTE-WJRH-13,4 X 7 FT,1,$180.00,HANDMADE WOOL JUTE-WJRH-13-4 X 7 FT,57050039,,,,,,,20-Aug-2026,22-Aug-2026,
,TOP URGENT,TOP URGENT,RF-13385,AMAZON,112-2300924-9662602,Sage,,8-Aug-2026,1,COTTON DHURRIE,2 X 6 FT,Yes,12-Aug-2026,DISPATCHED,,12-Aug-2026,JHGD-02A,Dispatch,,Sage,175 ARLENE DR UNIT A,,WALNUT CREEK,CA,94595-1768,United States,415-419-8616 ext. 38214,,CUSTOMER,HETALLS GLOBAL PRIVATE LIMITED,Individual,Consumer,COTTON DHURRIE-JHGD-02A,2 X 6 FT,1,$59.00,HANDMADE COTTON DHURRIE-JHGD-02A-2 X 6 FT,57050024,,,,,,,,12-Aug-2026,
,TOP URGENT,TOP URGENT,RF-13386,AMAZON,114-8004843-8682619,Angela Gani,,8-Aug-2026,1,COTTON DHURRIE,3 X 5 FT,Yes,10-Aug-2026,DISPATCHED,,13-Aug-2026,HGD-161B,Dispatch,,Angela Gani,15 CLIFF ST APT 3A,,NEW YORK,NY,10038-2860,United States,412-532-4665 ext. 92921,,CUSTOMER,HETALLS GLOBAL PRIVATE LIMITED,Individual,Consumer,COTTON DHURRIE-HGD-161B,3 X 5 FT,1,$79.00,HANDMADE COTTON DHURRIE-HGD-161B-3 X 5 FT,57050024,,,,,,,,13-Aug-2026,
,TOP URGENT,TOP URGENT,RF-13387,AMAZON,202-3082789-2457112,Oliver O Shelton,,8-Aug-2026,1,JUTE DHURRIE,2 X 6 FT,No,12-Aug-2026,DISPATCHED,,12-Aug-2026,NR-1015,Dispatch,,Oliver Shelton,187,POPES LANE,LONDON,,W5 4NH,United Kingdom,7540556394,,CUSTOMER,HETALLS GLOBAL PRIVATE LIMITED,Individual,Consumer,JUTE DHURRIE-NR-1015,2 X 6 FT,1,$89.98,HANDMADE JUTE DHURRIE-NR-1015-2 X 6 FT,57050039,,,,,,,11-Aug-2026,12-Aug-2026,
,TOP URGENT,TOP URGENT,RF-13388,AMAZON,206-5851610-9852304,Jane E Thompson,,8-Aug-2026,1,COTTON DHURRIE,3 X 3 FT,Yes,13-Aug-2026,DISPATCHED,,17-Aug-2026,STK-19,Dispatch,,Jane E Thompson,14,THE SPINNEY ITCHENOR,CHICHESTER,,PO20 7DF,United Kingdom,7777189112,,CUSTOMER,HETALLS GLOBAL PRIVATE LIMITED,Individual,Consumer,COTTON DHURRIE-STK-19,3 X 3 FT,1,$65.72,HANDMADE COTTON DHURRIE-STK-19-3 X 3 FT,57050024,,,,,,,,17-Aug-2026,
,TOP URGENT,TOP URGENT,RF-13389,AMAZON,204-6861346-0705918,Kasia Prochalska,,8-Aug-2026,1,JUTE DHURRIE,3 X 5 FT,No,12-Aug-2026,DISPATCHED,,12-Aug-2026,NR-30,Dispatch,,Katarzyna Prochalska,44 St Andrews Square,,Glasgow,,G1 5PP,United Kingdom,7928382798,,CUSTOMER,HETALLS GLOBAL PRIVATE LIMITED,Individual,Consumer,JUTE DHURRIE-NR-30,3 X 5 FT,1,$86.19,HANDMADE JUTE DHURRIE-NR-30-3 X 5 FT,57050039,,,,,,,11-Aug-2026,12-Aug-2026,
,TOP URGENT,TOP URGENT,RF-13390,AMAZON,112-1423162-9305823,s swihart,,8-Aug-2026,1,COTTON DHURRIE,2.6 X 4 FT,Yes,14-Aug-2026,DISPATCHED,,17-Aug-2026,HGD-161B,Dispatch,,s swihart,901 CHESTNUT ST,,LA HABRA,CA,90631-3021,United States,347-448-3190 ext. 71456,,CUSTOMER,HETALLS GLOBAL PRIVATE LIMITED,Individual,Consumer,COTTON DHURRIE-HGD-161B,2.6 X 4 FT,1,$64.00,HANDMADE COTTON DHURRIE-HGD-161B-2.6 X 4 FT,57050024,,,,,,,,17-Aug-2026,
,TOP URGENT,TOP URGENT,RF-13391,AMAZON,026-6158981-4025116,Jaana Fowler,,10-Aug-2026,1,WOOL JUTE,2.6 X 12 FT,Yes,19-Aug-2026,DISPATCHED,,18-Aug-2026,WJRH-31,Dispatch,,Jaana Fowler,4 BROMLEY AVENUE,,BROMLEY,,BR1 4BQ,United Kingdom,7708434448,,CUSTOMER,HETALLS GLOBAL PRIVATE LIMITED,Individual,Consumer,WOOL JUTE-WJRH-31,2.6 X 12 FT,1,$217.21,HANDMADE WOOL JUTE-WJRH-31-2.6 X 12 FT,57050039,,,,,,,17-Aug-2026,,
,TOP URGENT,TOP URGENT,RF-13392,AMAZON,113-7773345-8971451,Milton P Morel,,10-Aug-2026,1,JUTE DHURRIE,5 X 5 FT,No,13-Aug-2026,DISPATCHED,,13-Aug-2026,NR-129,Dispatch,,Milton P Morel,36235 BLUFF OAKS AVE,,PRAIRIEVILLE,LA,70769-3055,United States,412-532-4665 ext. 84655,,CUSTOMER,HETALLS GLOBAL PRIVATE LIMITED,Individual,Consumer,JUTE DHURRIE-NR-129,5 X 5 FT,1,$128.00,HANDMADE JUTE DHURRIE-NR-129-5 X 5 FT,57050039,,,,,,,11-Aug-2026,13-Aug-2026,
,,,RF-13393,ETSY-CASAVANI,4139611627,"
Jenna Johnson",,10-Aug-2026,1,COTTON DHURRIE,2.6 X 8 FT,No,13-Aug-2026,DISPATCHED,,17-Aug-2026,MR-08,Dispatch,,Jenna Johnson,8018 Widmer Rd,,Lenexa,KS,66215,United States,6207785086,14jejoh@gmail.com,CUSTOMER,HETALLS GLOBAL PRIVATE LIMITED,Individual,Consumer,COTTON DHURRIE-MR-08,2.6 X 8 FT,1,$89.70,HANDMADE COTTON DHURRIE-MR-08-2.6 X 8 FT,57050024,,,,,,,,17-Aug-2026,
,,,RF-13394,ETSY-CASAVANI,4139486612,"
	
meredith robinson",,10-Aug-2026,1,COTTON DHURRIE,3 X 5 FT,Yes,13-Aug-2026,DISPATCHED,,17-Aug-2026,HP-121,Dispatch,,Meredith Robinson,46 Huneycutt Dr,,Henrico,VA,23238-4411,United States,(757) 406-1049,meredithrobin@gmail.com,CUSTOMER,HETALLS GLOBAL PRIVATE LIMITED,Individual,Consumer,COTTON DHURRIE-HP-121,3 X 5 FT,1,$74.10,HANDMADE COTTON DHURRIE-HP-121-3 X 5 FT,57050024,,,,,,,,17-Aug-2026,
,,,RF-13395,ETSY-CASAVANI,4140071481,"
        
	
Spranger Michael",,10-Aug-2026,1,COTTON DHURRIE,3 X 5 FT,Yes,13-Aug-2026,DISPATCHED,,14-Aug-2026,HP-281,Dispatch,,Spranger Michael,2-18-6 Yuigahama,,Kamakura,KANAGAWA-KEN,248-0014,Japan,,michael.spranger@gmail.com,CUSTOMER,HETALLS GLOBAL PRIVATE LIMITED,Individual,Consumer,COTTON DHURRIE-HP-281,3 X 5 FT,1,$72.80,HANDMADE COTTON DHURRIE-HP-281-3 X 5 FT,57050024,,,,,,,,14-Aug-2026,
,,,RF-13396,ETSY-CASAVANI,4139792662,"
        
        
	
Sasha",,10-Aug-2026,1,COTTON DHURRIE,2.6 X 4 FT,No,13-Aug-2026,DISPATCHED,,14-Aug-2026,STK-26H,Dispatch,,Sasha Acheff,150 Summer St,Apt. 1,Malden,MA,2148,United States,,sashaacheff@gmail.com,CUSTOMER,HETALLS GLOBAL PRIVATE LIMITED,Individual,Consumer,COTTON DHURRIE-STK-26H,2.6 X 4 FT,1,$59.80,HANDMADE COTTON DHURRIE-STK-26H-2.6 X 4 FT,57050024,,,,,,,,14-Aug-2026,
,,"Etsy's IOSS number, IM3720000224",RF-13397,ETSY-CASAVANI,4140135148,"
        
        
	
Geraldine Bouse",,10-Aug-2026,1,COTTON DHURRIE,2 X 6 FT,No,14-Aug-2026,DISPATCHED,,17-Aug-2026,STK-13F,Dispatch,,Geraldine Bouse,20 Bracken Wood,Monacnapa,Blarney,Co. Cork,T23 P584,United States,,gbouse@gmail.com,CUSTOMER,HETALLS GLOBAL PRIVATE LIMITED,Individual,Consumer,COTTON DHURRIE-STK-13F,2 X 6 FT,1,$55.25,HANDMADE COTTON DHURRIE-STK-13F-2 X 6 FT,57050024,,,,,,,,17-Aug-2026,
,,SET OF 11 PCS,RF-13398-1/2,ETSY-RUGSFOREVER,4139920966,Jeff Manian Saltaire,,10-Aug-2026,1,JUTE DHURRIE,8x25.5 inches ,No,14-Aug-2026,DISPATCHED,,17-Aug-2026,NR-1100H,Dispatch,,Jeff Manian Saltaire,99 Maple Avenue,,"Bay Shore,",NY,11706,United States,551-206-2089,courtneyrwong@gmail.com,CUSTOMER,HETALLS GLOBAL PRIVATE LIMITED,Individual,Consumer,JUTE DHURRIE-NR-1100H,8x25.5 inches ,1,$200.00,HANDMADE JUTE DHURRIE-NR-1100H-8x25.5 inches ,57050039,,,,,,,,17-Aug-2026,
,,1 landing,RF-13398-2/2,ETSY-RUGSFOREVER,4139920966,Jeff Manian Saltaire,,10-Aug-2026,1,JUTE DHURRIE,25.5x25.5 inches,No,14-Aug-2026,DISPATCHED,,17-Aug-2026,NR-1100H,Dispatch,,Jeff Manian Saltaire,99 Maple Avenue,,"Bay Shore,",NY,11706,United States,551-206-2089,courtneyrwong@gmail.com,CUSTOMER,HETALLS GLOBAL PRIVATE LIMITED,Individual,Consumer,JUTE DHURRIE-NR-1100H,25.5x25.5 inches,1,$46.35,HANDMADE JUTE DHURRIE-NR-1100H-25.5x25.5 inches,57050039,,,,,,,,17-Aug-2026,
,,SET OF 11 PCS,RF-13399,ETSY-RUGSFOREVER,4140105386,"
Katie Odom",,10-Aug-2026,1,CHINDI-COTTON,9 X 36 INCH,No,17-Aug-2026,DISPATCHED,,14-Aug-2026,NR-1104,Dispatch,,"
Katie Odom",4575 Robinson,,"Pl
Boulder",CO,80301-3143,United States,51 6331137,kmodom20@gmail.com,CUSTOMER,HETALLS GLOBAL PRIVATE LIMITED,Individual,Consumer,CHINDI-COTTON-NR-1104,9 X 36 INCH,1,$109.85,HANDMADE CHINDI-COTTON-NR-1104-9 X 36 INCH,57050024,,,,,,,13-Aug-2026,14-Aug-2026,
,TOP URGENT,TOP URGENT,RF-13400,AMAZON,026-0721519-0245100,ALI,,10-Aug-2026,1,JUTE DHURRIE,2.6 X 8 FT,No,12-Aug-2026,DISPATCHED,,21-Aug-2026,VI-87D,Dispatch,,ALI MDI,Flat 1812 New Victoria Building,103,Corporation Street,Manchester,M4 4LP,United Kingdom,447366923357,,CUSTOMER,HETALLS GLOBAL PRIVATE LIMITED,Individual,Consumer,JUTE DHURRIE-VI-87D,2.6 X 8 FT,1,$130.92,HANDMADE JUTE DHURRIE-VI-87D-2.6 X 8 FT,57050039,,,,,,,20-Aug-2026,21-Aug-2026,
,TOP URGENT,TOP URGENT,RF-13401,AMAZON,202-7957934-4857106,Sally,,10-Aug-2026,1,JUTE DHURRIE,2.6 X 4 FT,No,12-Aug-2026,DISPATCHED,,17-Aug-2026,VI-25,Dispatch,,Sally Deeley,18 Dale Park Walk,,LEEDS,W Yorkshire,LS16 7PS,United Kingdom,07976 550186,,CUSTOMER,HETALLS GLOBAL PRIVATE LIMITED,Individual,Consumer,JUTE DHURRIE-VI-25,2.6 X 4 FT,1,$62.08,HANDMADE JUTE DHURRIE-VI-25-2.6 X 4 FT,57050039,,,,,,,,17-Aug-2026, 
,TOP URGENT,TOP URGENT,RF-13402,AMAZON,111-0068041-8412246,Rachel,,10-Aug-2026,1,JUTE DHURRIE,2.6 X 12 FT,No,14-Aug-2026,DISPATCHED,,18-Aug-2026,VI-81,Dispatch,,Rocco Mourad,35 LOCHMOOR BLVD,GROSSE POINTE,SHORES,MI ,48236-1747,United States,1 412-532-4665 ext. 83844,,CUSTOMER,HETALLS GLOBAL PRIVATE LIMITED,Individual,Consumer,JUTE DHURRIE-VI-81,2.6 X 12 FT,1,$238.00,HANDMADE JUTE DHURRIE-VI-81-2.6 X 12 FT,57050039,,,,,,,17-Aug-2026,18-Aug-2026,
,TOP URGENT,TOP URGENT,RF-13403,AMAZON, VB                 ,Anna,,10-Aug-2026,1,COTTON DHURRIE,3 X 5 FT,Yes,14-Aug-2026,DISPATCHED,,14-Aug-2026,HGD-110,Dispatch,,Anna Gonzalez,9405 SW 106TH CT,,MIAMI,FL , 33176-2636,United States,1 415-851-9136 ext. 70863,,CUSTOMER,HETALLS GLOBAL PRIVATE LIMITED,Individual,Consumer,COTTON DHURRIE-HGD-110,3 X 5 FT,1,$79.00,HANDMADE COTTON DHURRIE-HGD-110-3 X 5 FT,57050024,,,,,,,,14-Aug-2026,
,TOP URGENT,TOP URGENT,RF-13404,AMAZON,111-4502360-1947431,Chris,,10-Aug-2026,1,COTTON DHURRIE,2 X 6 FT,No,13-Aug-2026,DISPATCHED,,13-Aug-2026,STK-26O,Dispatch,,Kristina Moore,4220 COLONY PLAZA DR APT 210,,CHARLOTTE,NC ,28211-5262,United States,1 480-618-5344 ext. 96667,,CUSTOMER,HETALLS GLOBAL PRIVATE LIMITED,Individual,Consumer,COTTON DHURRIE-STK-26O,2 X 6 FT,1,$85.00,HANDMADE COTTON DHURRIE-STK-26O-2 X 6 FT,57050024,,,,,,,,13-Aug-2026,
,TOP URGENT,TOP URGENT,RF-13405,AMAZON,114-5453073-8177010,Hope,,10-Aug-2026,1,COTTON DHURRIE,2 X 3 FT,Yes,14-Aug-2026,DISPATCHED,,17-Aug-2026,HGD-161B,Dispatch,,Hope,33 LEACH ST APT 3,,SALEM,MA ,01970-4712,United States,1 415-419-8616 ext. 18749,,CUSTOMER,HETALLS GLOBAL PRIVATE LIMITED,Individual,Consumer,COTTON DHURRIE-HGD-161B,2 X 3 FT,1,$64.00,HANDMADE COTTON DHURRIE-HGD-161B-2 X 3 FT,57050024,,,,,,,,17-Aug-2026,
,TOP URGENT,TOP URGENT,RF-13406,AMAZON,111-7177628-0694630,Tianna,,10-Aug-2026,1,COTTON DHURRIE,2.6 X 10 FT,Yes,14-Aug-2026,DISPATCHED,,14-Aug-2026,HGD-110,Dispatch,,Tianna Guy,528 WASHINGTON AVE N APT 627,,MINNEAPOLIS,MN ,55401-5530,United States,1 412-532-4665 ext. 63421,,CUSTOMER,HETALLS GLOBAL PRIVATE LIMITED,Individual,Consumer,COTTON DHURRIE-HGD-110,2.6 X 10 FT,1,$135.00,HANDMADE COTTON DHURRIE-HGD-110-2.6 X 10 FT,57050024,,,,,,,,14-Aug-2026,
,TOP URGENT,TOP URGENT,RF-13407,AMAZON,114-4069033-7300238,Regine,,10-Aug-2026,1,JUTE DHURRIE,2.6 X 4 FT,No,13-Aug-2026,DISPATCHED,,17-Aug-2026,NR-30,Dispatch,,Regine Dieudonne,360 AVENT PL APT 303-3FLOOR,,DAVENPORT,FL ,33896-5586,United States,1 347-448-3190 ext. 01790,,CUSTOMER,HETALLS GLOBAL PRIVATE LIMITED,Individual,Consumer,JUTE DHURRIE-NR-30,2.6 X 4 FT,1,$64.00,HANDMADE JUTE DHURRIE-NR-30-2.6 X 4 FT,57050039,,,,,,,,17-Aug-2026,
,TOP URGENT,TOP URGENT,RF-13408,AMAZON,114-2188218-8384210,Amy,,10-Aug-2026,1,JUTE DHURRIE,6 X 9 FT,No,13-Aug-2026,DISPATCHED,,14-Aug-2026,VI-52,Dispatch,,Zoe Gross XHOLIX,3101 LONGHORN BLVD STE 106,,AUSTIN,TX ,78758-7634,United States,1 210-728-4548 ext. 66707,,CUSTOMER,HETALLS GLOBAL PRIVATE LIMITED,Individual,Consumer,JUTE DHURRIE-VI-52,6 X 9 FT,1,$280.00,HANDMADE JUTE DHURRIE-VI-52-6 X 9 FT,57050039,,,,,,,13-Aug-2026,14-Aug-2026,
,TOP URGENT,TOP URGENT,RF-13409,AMAZON,111-8151482-4405015,robert,,10-Aug-2026,1,COTTON DHURRIE,4 X 7 FT,Yes,13-Aug-2026,DISPATCHED,,17-Aug-2026,STK-47,Dispatch,,robert h busick jr,KOMBI-COFFEE LLC 201 WILDER AVE,,"COLONIAL BEACH, ",VA ,22443-2362,United States,1 347-448-3190 ext. 84871,,CUSTOMER,HETALLS GLOBAL PRIVATE LIMITED,Individual,Consumer,COTTON DHURRIE-STK-47,4 X 7 FT,1,$144.00,HANDMADE COTTON DHURRIE-STK-47-4 X 7 FT,57050024,,,,,,,,17-Aug-2026,
,TOP URGENT,TOP URGENT,RF-13410,AMAZON,111-3082974-5555438,Emily,,10-Aug-2026,1,COTTON DHURRIE,2.6 X 4 FT,Yes,11-Aug-2026,DISPATCHED,,14-Aug-2026,JHGD-02A,Dispatch,,Emily Gibson,2553 Blackwolf Run Ln,,Raleigh,NC ,27604,United States,1 346-307-9643 ext. 27056,,CUSTOMER,HETALLS GLOBAL PRIVATE LIMITED,Individual,Consumer,COTTON DHURRIE-JHGD-02A,2.6 X 4 FT,1,$64.00,HANDMADE COTTON DHURRIE-JHGD-02A-2.6 X 4 FT,57050024,,,,,,,,14-Aug-2026,
,TOP URGENT,TOP URGENT,RF-13411,AMAZON,112-5494037-4115417,JR,,10-Aug-2026,1,WOOL JUTE,2.6 X 12 FT,Yes,18-Aug-2026,DISPATCHED,,18-Aug-2026,WJRH-13,Dispatch,,Simmy Kaur,134 GRANADA AVE,,LONG BEACH,CA ,90803-3251,United States,1 210-728-4548 ext. 96122,,CUSTOMER,HETALLS GLOBAL PRIVATE LIMITED,Individual,Consumer,WOOL JUTE-WJRH-13,2.6 X 12 FT,1,$199.00,HANDMADE WOOL JUTE-WJRH-13-2.6 X 12 FT,57050039,,,,,,,17-Aug-2026,18-Aug-2026,
Cancellation reason: Reason left unspecified,TOP URGENT,TOP URGENT,RF-13412,AMAZON,111-7914052-2787463,melissa,,10-Aug-2026,1,JUTE DHURRIE,2.6 X 4 FT,No,13-Aug-2026,CANCELLED,CANCELLED,,NR-30,Dispatch,,Melissa hosack,6587 Southeast 1st Loop,,Ocala,FL ,34472,United States,1 412-532-4665 ext. 99716,,CUSTOMER,HETALLS GLOBAL PRIVATE LIMITED,Individual,Consumer,JUTE DHURRIE-NR-30,2.6 X 4 FT,1,$64.00,HANDMADE JUTE DHURRIE-NR-30-2.6 X 4 FT,57050039,,,,,,,,,
,TOP URGENT,TOP URGENT,RF-13413,AMAZON,111-3947172-1417807,Abby,,10-Aug-2026,1,WOOL JUTE,2 X 3 FT,Yes,26-Aug-2026,DISPATCHED,,18-Aug-2026,HW-60,Dispatch,,Abby Catoe,5410 ALAMO DR,,WINSTON SALEM,NC ,27104-3442,United States,1 210-728-4548 ext. 60323,,CUSTOMER,HETALLS GLOBAL PRIVATE LIMITED,Individual,Consumer,WOOL JUTE-HW-60,2 X 3 FT,1,$72.00,HANDMADE WOOL JUTE-HW-60-2 X 3 FT,57050039,,,,,,,17-Aug-2026,18-Aug-2026,
,TOP URGENT,TOP URGENT,RF-13414,AMAZON,304-2203011-0991547,,,10-Aug-2026,1,JUTE DHURRIE,2.6 X 16 FT,No,10-Aug-2026,HOLD,HOLD,,NR-56A,Dispatch,,,,,,,,,,,CUSTOMER,HETALLS GLOBAL PRIVATE LIMITED,Individual,Consumer,JUTE DHURRIE-NR-56A,2.6 X 16 FT,1,$355.00,HANDMADE JUTE DHURRIE-NR-56A-2.6 X 16 FT,57050039,,,,,,,,,
,TOP URGENT,TOP URGENT,RF-13415,AMAZON,206-0702077-6965101,dennis,,10-Aug-2026,1,JUTE DHURRIE,2.6 X 8 FT,No,13-Aug-2026,DISPATCHED,,14-Aug-2026,VI-24B,Dispatch,,dennis lacey,14The Avenue,Chudleigh Knighton,Newton Abbot,,TQ130QP,United Kingdom,447488260897,,CUSTOMER,HETALLS GLOBAL PRIVATE LIMITED,Individual,Consumer,JUTE DHURRIE-VI-24B,2.6 X 8 FT,1,$95.84,HANDMADE JUTE DHURRIE-VI-24B-2.6 X 8 FT,57050039,,,,,,,13-Aug-2026,14-Aug-2026,
,TOP URGENT,TOP URGENT,RF-13416,AMAZON,112-7374166-7467434,Martha,,11-Aug-2026,1,JUTE DHURRIE,3 X 20 FT,No,14-Aug-2026,DISPATCHED,,18-Aug-2026,NR-30,Dispatch,,Martha Weeman,5700 SW 107TH ST,,PINECREST,FL ,33156-4163,United States,1 210-728-4548 ext. 61522,,CUSTOMER,HETALLS GLOBAL PRIVATE LIMITED,Individual,Consumer,JUTE DHURRIE-NR-30,3 X 20 FT,1,$281.00,HANDMADE JUTE DHURRIE-NR-30-3 X 20 FT,57050039,,,,,,,17-Aug-2026,18-Aug-2026,
,TOP URGENT,TOP URGENT,RF-13417,AMAZON,113-7477602-4475455,East,,11-Aug-2026,1,CHINDI COTTON-JUTE,7 X 7 FT,No,14-Aug-2026,DISPATCHED,,18-Aug-2026,NR-50A,Dispatch,,East Gate Church,12120 COPPER AVE NE,,ALBUQUERQUE,NM , 87123-1446,United States,1 207-835-4259 ext. 57974,,CUSTOMER,HETALLS GLOBAL PRIVATE LIMITED,Individual,Consumer,CHINDI COTTON-JUTE-NR-50A,7 X 7 FT,1,$256.00,HANDMADE CHINDI COTTON-JUTE-NR-50A-7 X 7 FT,57050039,,,,,,,17-Aug-2026,18-Aug-2026,
,TOP URGENT,TOP URGENT,RF-13418,AMAZON,112-0524108-6039430,Deane,,11-Aug-2026,1,JUTE DHURRIE,5 X 5 FT,No,14-Aug-2026,DISPATCHED,,22-Aug-2026,NF-16B,Dispatch,,Deane Driscoll,4 Dianne Dr,,Montville,NJ , 07045-9708,United States,1 210-728-4548 ext. 92029,,CUSTOMER,HETALLS GLOBAL PRIVATE LIMITED,Individual,Consumer,JUTE DHURRIE-NF-16B,5 X 5 FT,1,$128.00,HANDMADE JUTE DHURRIE-NF-16B-5 X 5 FT,57050039,,,,,,,20-Aug-2026,22-Aug-2026,
,,SET OF 3 PCS,RF-13419,ETSY-RUGSFOREVER,4140730714,Mr. mark lafontaine,,11-Aug-2026,1,Wool,10 X 30 INCH,No,17-Aug-2026,LATE,,,NR-1102,Dispatch,,Mr. mark lafontaine,17062 Lake Shore Hls,,West Olive,MI,49460,United States,,ml@greatlakesford.com,CUSTOMER,HETALLS GLOBAL PRIVATE LIMITED,Individual,Consumer,Wool-NR-1102,10 X 30 INCH,1,$79.24,HANDMADE Wool-NR-1102-10 X 30 INCH,FALSE,,,,Ranjit ji,,,,,
,VAT number 370 6004 28,SET OF 12 PCS,RF-13420,ETSY-RUGSFOREVER,4140818750,"
Miss Jane Hazel Allen",,11-Aug-2026,1,JUTE DHURRIE,9 X 28 Inch,No,17-Aug-2026,DISPATCHED,,14-Aug-2026,NR-1100,Dispatch,,Miss Jane Hazel Allen,"24, Waverley Close",," Odiham, ","Hampshire,",RG29 1AT,United Kingdom,447711864546,janie.b@live.co.uk,CUSTOMER,HETALLS GLOBAL PRIVATE LIMITED,Individual,Consumer,JUTE DHURRIE-NR-1100,9 X 28 Inch,1,$177.06,HANDMADE JUTE DHURRIE-NR-1100-9 X 28 Inch,57050039,,,,,,,13-Aug-2026,14-Aug-2026,
,,SET OF 12 PCS,RF-13421,ETSY-RUGSFOREVER,4140974858,Darlene Barkley,,11-Aug-2026,1,JUTE DHURRIE,8.5 X 29 INCH,No,17-Aug-2026,DISPATCHED,,14-Aug-2026,NR-1101A,Dispatch,,Darlene Barkley,193 3rd ave,,Manasquan,NJ ,8736,United States,,dembarkley@gmail.com,CUSTOMER,HETALLS GLOBAL PRIVATE LIMITED,Individual,Consumer,JUTE DHURRIE-NR-1101A,8.5 X 29 INCH,1,$150.39,HANDMADE JUTE DHURRIE-NR-1101A-8.5 X 29 INCH,57050039,,,,,,,13-Aug-2026,14-Aug-2026,
,,,RF-13422,ETSY-CASAVANI,4141615767,"
Elena",,11-Aug-2026,1,COTTON DHURRIE,2.6 X 18 FT,Yes,17-Aug-2026,DISPATCHED,,18-Aug-2026,HGD-161B,Dispatch,,Elena Fedintseva,Evagora Pallikari Monika Court B,201,Limassol,,3106,Cyprus,,elena.fedintseva@gmail.com,CUSTOMER,HETALLS GLOBAL PRIVATE LIMITED,Individual,Consumer,COTTON DHURRIE-HGD-161B,2.6 X 18 FT,1,$198.25,HANDMADE COTTON DHURRIE-HGD-161B-2.6 X 18 FT,57050024,,,,,,,,18-Aug-2026,
,,,RF-13423,ETSY-CASAVANI,4141234316,"
	
Kathryn Davis",,11-Aug-2026,1,COTTON DHURRIE,2.6 X 10 FT,No,17-Aug-2026,DISPATCHED,,18-Aug-2026,HGD-161A,Dispatch,,Kathryn Davis,24 North Shore Drive,,North Shore,NSW,2444,Australia,,janiescarlett@gmail.com,CUSTOMER,HETALLS GLOBAL PRIVATE LIMITED,Individual,Consumer,COTTON DHURRIE-HGD-161A,2.6 X 10 FT,1,$120.84,HANDMADE COTTON DHURRIE-HGD-161A-2.6 X 10 FT,57050024,,,,,,,,18-Aug-2026,
,,,RF-13424,ETSY-CASAVANI,4141368664,"
        
	
Elisha Greenwell",,11-Aug-2026,1,COTTON DHURRIE,8 X 9 FT ,No,17-Aug-2026,DISPATCHED,,18-Aug-2026,STK-26P,Dispatch,,Elisha Greenwell,5292 Belvedere St,,Oakland,CA,94601-5425,United States,8054485331,elishagreenwell@gmail.com,CUSTOMER,HETALLS GLOBAL PRIVATE LIMITED,Individual,Consumer,COTTON DHURRIE-STK-26P,8 X 9 FT ,1,$381.53,HANDMADE COTTON DHURRIE-STK-26P-8 X 9 FT ,57050024,,,,,,,,,
,,“GST paid – SGD $400” and “SG M90373362R” (Etsy’s GST number).,RF-13425,ETSY-CASAVANI,4141855137,Tanvi Mehta,,11-Aug-2026,1,COTTON DHURRIE,5 X 8 FT,Yes,17-Aug-2026,DISPATCHED,,17-Aug-2026,MR-76,Dispatch,,Tanvi Mehta,900 Dunearn Road,,Singapore,,589473,Singapore,,mail@tanvimehta.com,CUSTOMER,HETALLS GLOBAL PRIVATE LIMITED,Individual,Consumer,COTTON DHURRIE-MR-76,5 X 8 FT,1,$184.21,HANDMADE COTTON DHURRIE-MR-76-5 X 8 FT,57050024,,,17-Aug-2026,,,,,17-Aug-2026,
,,"Etsy's IOSS number, IM3720000224",RF-13426,ETSY-CASAVANI,4141955899,Silvia Darteni,,12-Aug-2026,1,COTTON DHURRIE,5 X 7 FT,No,17-Aug-2026,DISPATCHED,,17-Aug-2026,MR-73,Dispatch,,Silvia Darteni,Via Donati 87/2,,Modena ,MO,41122,Italy,393491763467,silviettolina@gmail.com,CUSTOMER,HETALLS GLOBAL PRIVATE LIMITED,Individual,Consumer,COTTON DHURRIE-MR-73,5 X 7 FT,1,$149.50,HANDMADE COTTON DHURRIE-MR-73-5 X 7 FT,57050024,,,,,,,,17-Aug-2026,
,,SET OF 10 PCS,RF-13427-1/3,ETSY-RUGSFOREVER,4141583386,Shelley McIlroy,,11-Aug-2026,1,JUTE DHURRIE,"40"" x 9 Inches",No,17-Aug-2026,DISPATCHED,,18-Aug-2026,NR-1100A,Dispatch,,Shelley McIlroy,4 Indian Hill Road,,Pittsburgh,PA,15238,United States,,smcilroy72@gmail.com,CUSTOMER,HETALLS GLOBAL PRIVATE LIMITED,Individual,Consumer,JUTE DHURRIE-NR-1100A,"40"" x 9 Inches",1,$215.00,"HANDMADE JUTE DHURRIE-NR-1100A-40"" x 9 Inches",57050039,,,,,,,17-Aug-2026,18-Aug-2026,
,,SET OF 2 PCS,RF-13427-2/3,ETSY-RUGSFOREVER,4141583386,Shelley McIlroy,,11-Aug-2026,1,JUTE DHURRIE,"36"" x 36 Inches",No,17-Aug-2026,DISPATCHED,,18-Aug-2026,NR-1100A,Dispatch,,Shelley McIlroy,4 Indian Hill Road,,Pittsburgh,PA,15238,United States,,smcilroy72@gmail.com,CUSTOMER,HETALLS GLOBAL PRIVATE LIMITED,Individual,Consumer,JUTE DHURRIE-NR-1100A,"36"" x 36 Inches",1,$120.00,"HANDMADE JUTE DHURRIE-NR-1100A-36"" x 36 Inches",57050039,,,,,,,17-Aug-2026,18-Aug-2026,
,,SET OF 3 PCS,RF-13427-3/3,ETSY-RUGSFOREVER,4141583386,Shelley McIlroy,,11-Aug-2026,1,JUTE DHURRIE,"36"" x 9"" Inches",No,17-Aug-2026,DISPATCHED,,18-Aug-2026,NR-1100A,Dispatch,,Shelley McIlroy,4 Indian Hill Road,,Pittsburgh,PA,15238,United States,,smcilroy72@gmail.com,CUSTOMER,HETALLS GLOBAL PRIVATE LIMITED,Individual,Consumer,JUTE DHURRIE-NR-1100A,"36"" x 9"" Inches",1,$65.00,"HANDMADE JUTE DHURRIE-NR-1100A-36"" x 9"" Inches",57050039,,,,,,,17-Aug-2026,18-Aug-2026,
,,,RF-13428,ETSY-CASAVANI,4142582857,"
Kate Hazelbaker",,12-Aug-2026,1,COTTON DHURRIE,2.6 X 8 FT,No,17-Aug-2026,DISPATCHED,,19-Aug-2026,STK-36,Dispatch,,Kate Hazelbaker,1020 Adams Street,,Denver,CO,80206,United States,(917)392-1979,khazelbaker@gmail.com,CUSTOMER,HETALLS GLOBAL PRIVATE LIMITED,Individual,Consumer,COTTON DHURRIE-STK-36,2.6 X 8 FT,1,$108.86,HANDMADE COTTON DHURRIE-STK-36-2.6 X 8 FT,57050024,,,,,,,,19-Aug-2026,
," IOSS number, IM3720000224",SET OF 13` PCS,RF-13429,ETSY-RUGSFOREVER,4142104915,Janne Ahvenainen,,12-Aug-2026,1,JUTE DHURRIE,9 X 28 Inch,No,17-Aug-2026,DISPATCHED,,14-Aug-2026,NR-1101A,Dispatch,,Janne Ahvenainen,Mansikkaniementie 18,,Saarijärvi,Saarijärvi,43100,Finland,358 44 9739910,janneahvenainen1979@gmail.com,CUSTOMER,HETALLS GLOBAL PRIVATE LIMITED,Individual,Consumer,JUTE DHURRIE-NR-1101A,9 X 28 Inch,1,$201.49,HANDMADE JUTE DHURRIE-NR-1101A-9 X 28 Inch,57050039,,,,,,,13-Aug-2026,14-Aug-2026,
,,SET OF 3 PCS,RF-13430,ETSY-RUGSFOREVER,4142382227,Susan G Vines,,12-Aug-2026,1,JUTE DHURRIE,"36"" x 9"" Inches",No,18-Aug-2026,DISPATCHED,,18-Aug-2026,NR-1100A,Dispatch,,Susan G Vines,"2229
Acton Park Circle",,"BIRMINGHAM,",Al,35243,United States,12054102046,larry.nx4s@gmail.com,CUSTOMER,HETALLS GLOBAL PRIVATE LIMITED,Individual,Consumer,JUTE DHURRIE-NR-1100A,"36"" x 9"" Inches",1,$70.20,"HANDMADE JUTE DHURRIE-NR-1100A-36"" x 9"" Inches",57050039,,,,,,,,18-Aug-2026,
,TOP URGENT,TOP URGENT,RF-13431,AMAZON,111-3491398-5225806,Jamie Avalon,,12-Aug-2026,1,COTTON DHURRIE,5 X 7 FT,Yes,15-Aug-2026,DISPATCHED,,17-Aug-2026,HP-259,Dispatch,,Jamie Avalon,33 E CAMINO REAL APT 507,,BOCA RATON,FL,33432-6153,United States,412-532-4665 ext. 79336,,CUSTOMER,HETALLS GLOBAL PRIVATE LIMITED,Individual,Consumer,COTTON DHURRIE-HP-259,5 X 7 FT,1,$230.00,HANDMADE COTTON DHURRIE-HP-259-5 X 7 FT,57050024,,,,,,,,17-Aug-2026,
"Buyer cancellation
Cancellation reason: Reason left unspecified",TOP URGENT,TOP URGENT,RF-13432,AMAZON,113-5957454-0725043,Benjamin Brunken,,12-Aug-2026,1,COTTON DHURRIE,2.6 X 8 FT,Yes,15-Aug-2026,CANCELLED,CANCELLED,,HGD-161,Dispatch,,Benjamin Brunken,2315 SACRAMENTO ST  4,,SAN FRANCISCO,CA,94115-2328,United States,763-225-9463 ext. 33529,,CUSTOMER,HETALLS GLOBAL PRIVATE LIMITED,Individual,Consumer,COTTON DHURRIE-HGD-161,2.6 X 8 FT,1,$96.00,HANDMADE COTTON DHURRIE-HGD-161-2.6 X 8 FT,57050024,,,,,,,,,
," IOSS number, IM3720000224,",SET OF 11 PCS,RF-13433,ETSY-RUGSFOREVER,4142874650,Eva Maaß,,13-Aug-2026,1,JUTE DHURRIE,8 X 29 Inch,No,19-Aug-2026,DISPATCHED,,18-Aug-2026,NR-1101A,Dispatch,,Eva Maaß,"Sudetenlandstraße
15",,Linden,Linden,35440,Germany,,eva-maass@gmx.de,CUSTOMER,HETALLS GLOBAL PRIVATE LIMITED,Individual,Consumer,JUTE DHURRIE-NR-1101A,8 X 29 Inch,1,$146.19,HANDMADE JUTE DHURRIE-NR-1101A-8 X 29 Inch,57050039,,,,,,,17-Aug-2026,18-Aug-2026,
,TOP URGENT,TOP URGENT,RF-13434,AMAZON,114-9234961-3671414,James M. Farley,,13-Aug-2026,1,COTTON DHURRIE,3 X 3 FT,No,17-Aug-2026,DISPATCHED,,17-Aug-2026,STK-26O,Dispatch,,Emily D. Farley,820 RANDALL ST,,DOWNERS GROVE,IL,60515-4937,United States,602-671-6610 ext. 23540,,CUSTOMER,HETALLS GLOBAL PRIVATE LIMITED,Individual,Consumer,COTTON DHURRIE-STK-26O,3 X 3 FT,1,$81.56,HANDMADE COTTON DHURRIE-STK-26O-3 X 3 FT,57050024,,,,,,,,17-Aug-2026,
,TOP URGENT,TOP URGENT,RF-13435,AMAZON,702-9261663-3577830,Cathy Wagstaff,,13-Aug-2026,1,JUTE DHURRIE,3 X 10 FT,No,18-Aug-2026,DISPATCHED,,18-Aug-2026,NR-99A,Dispatch,,Catherine Wagstaff,"110 Av De Breslay, Pointe-Claire, QC, H9S 4N2",,Pointe Claire,Quebec,H9S4N2,Canada,5145132809,,CUSTOMER,HETALLS GLOBAL PRIVATE LIMITED,Individual,Consumer,JUTE DHURRIE-NR-99A,3 X 10 FT,1,$221.17,HANDMADE JUTE DHURRIE-NR-99A-3 X 10 FT,57050039,,,,,,,17-Aug-2026,18-Aug-2026,
,TOP URGENT,TOP URGENT,RF-13436,AMAZON,113-2485284-7610640,kay bolek,,13-Aug-2026,1,JUTE DHURRIE,4 X 4 FT,No,17-Aug-2026,DISPATCHED,,17-Aug-2026,NR-93,Dispatch,,KAY BOLEK,505 KIRKHILL ST,,HUTTO,TX,78634-5729,United States,619-854-2705 ext. 49388,,CUSTOMER,HETALLS GLOBAL PRIVATE LIMITED,Individual,Consumer,JUTE DHURRIE-NR-93,4 X 4 FT,1,$95.26,HANDMADE JUTE DHURRIE-NR-93-4 X 4 FT,57050039,,,,,,,17-Aug-2026,17-Aug-2026,
,TOP URGENT,TOP URGENT,RF-13437,AMAZON,111-8619046-6579406,Sharon Mathews,,13-Aug-2026,1,COTTON DHURRIE,2.6 X 4 FT,Yes,18-Aug-2026,DISPATCHED,,18-Aug-2026,HGD-161B,Dispatch,,Sharon Mathews,3816 N 30TH ST,,WACO,TX,76708-1519,United States,480-618-5344 ext. 93536,,CUSTOMER,HETALLS GLOBAL PRIVATE LIMITED,Individual,Consumer,COTTON DHURRIE-HGD-161B,2.6 X 4 FT,1,$58.89,HANDMADE COTTON DHURRIE-HGD-161B-2.6 X 4 FT,57050024,,,,,,,,18-Aug-2026,
,TOP URGENT,TOP URGENT,RF-13438,AMAZON,206-5725492-1029105,Mr C Smith,,13-Aug-2026,1,COTTON DHURRIE,300 X 350 CM,Yes,17-Aug-2026,DISPATCHED,,20-Aug-2026,HGD-129,Dispatch,,Colin Smith,9 OLIVERS MILL,,MORPETH,,NE61 1PP,United Kingdom,7942705589,,CUSTOMER,HETALLS GLOBAL PRIVATE LIMITED,Individual,Consumer,COTTON DHURRIE-HGD-129,300 X 350 CM,1,$720.00,HANDMADE COTTON DHURRIE-HGD-129-300 X 350 CM,57050024,,,,,,,,20-Aug-2026,
,TOP URGENT,TOP URGENT,RF-13439,AMAZON,112-1382523-3438652,Amanda Caroline,,14-Aug-2026,1,COTTON DHURRIE,2 X 8 FT,No,18-Aug-2026,DISPATCHED,,20-Aug-2026,STK-26N,Dispatch,,AMANDA CAROLINE,BOXWOOD FARM 8 HOLLOW BROOK RD,,CALIFON,NJ,07830-3106,United States,347-448-3190 ext. 60025,,CUSTOMER,HETALLS GLOBAL PRIVATE LIMITED,Individual,Consumer,COTTON DHURRIE-STK-26N,2 X 8 FT,1,$122.62,HANDMADE COTTON DHURRIE-STK-26N-2 X 8 FT,57050024,,,,,,,,20-Aug-2026,
,,,RF-13440,ETSY-CASAVANI,4143475262,"
Maura Rodgers",,14-Aug-2026,1,COTTON DHURRIE,5 X 8 FT,Yes,17-Aug-2026,DISPATCHED,,19-Aug-2026,CUSTOM SKU,Dispatch,,Maura Rodgera,39 Pilgrim Dr,,Bedford,NH,3110,United States,,mem320@yahoo.com,CUSTOMER,HETALLS GLOBAL PRIVATE LIMITED,Individual,Consumer,COTTON DHURRIE-CUSTOM SKU,5 X 8 FT,1,$260.00,HANDMADE COTTON DHURRIE-CUSTOM SKU-5 X 8 FT,57050024,,,,,,,,19-Aug-2026,
,TOP URGENT,TOP URGENT,RF-13441,AMAZON,113-2299305-5944236,Brenda S. Larwood,,14-Aug-2026,1,JUTE DHURRIE,2.6 X 6 FT,No,18-Aug-2026,DISPATCHED,,17-Aug-2026,VI-87C,Dispatch,,Brenda S. Larwood,805 HOLLYWOOD CIR,,CUYAHOGA FALLS,OH,44221-1227,United States,210-728-4548 ext. 51223,,CUSTOMER,HETALLS GLOBAL PRIVATE LIMITED,Individual,Consumer,JUTE DHURRIE-VI-87C,2.6 X 6 FT,1,$169.00,HANDMADE JUTE DHURRIE-VI-87C-2.6 X 6 FT,57050039,,,,,,,17-Aug-2026,17-Aug-2026,
,TOP URGENT,TOP URGENT,RF-13442,AMAZON,111-5160748-3785021,Tere Pinati,,14-Aug-2026,1,COTTON DHURRIE,2 X 6 FT,Yes,18-Aug-2026,DISPATCHED,,19-Aug-2026,JHGD-02A,Dispatch,,Samara Attridge,10 N EMERSON ST APT 105,,DENVER,CO,80218-3737,United States,207-835-4259 ext. 30082,,CUSTOMER,HETALLS GLOBAL PRIVATE LIMITED,Individual,Consumer,COTTON DHURRIE-JHGD-02A,2 X 6 FT,1,$59.00,HANDMADE COTTON DHURRIE-JHGD-02A-2 X 6 FT,57050024,,,,,,,,19-Aug-2026,
,TOP URGENT,TOP URGENT,RF-13443,AMAZON,112-1251964-1681809,Allie Schilhab,,14-Aug-2026,1,WOOL JUTE,5 X 8 FT,Yes,15-Aug-2026,DISPATCHED,,17-Aug-2026,WJRH-13,Dispatch,,Grind Time Rock Milling,BLACK METAL BUILDING-DO NOT LEAVE AT HOUSE,48 RUST LN,BOERNE,TX,78006-8200,United States,480-618-5344 ext. 91277,,CUSTOMER,HETALLS GLOBAL PRIVATE LIMITED,Individual,Consumer,WOOL JUTE-WJRH-13,5 X 8 FT,1,$260.00,HANDMADE WOOL JUTE-WJRH-13-5 X 8 FT,57050039,,,,IN STOCK,,,,17-Aug-2026,
,TOP URGENT,TOP URGENT,RF-13444,AMAZON,111-9114903-0342636,Aditi Pandit,,14-Aug-2026,1,COTTON DHURRIE,2.6 X 4 FT,Yes,19-Aug-2026,DISPATCHED,,20-Aug-2026,HGD-161B,Dispatch,,Aditi Pandit,9800 MIRA LEE WAY 60242,,SAN DIEGO,CA,92126-4713,United States,602-671-6610 ext. 81773,,CUSTOMER,HETALLS GLOBAL PRIVATE LIMITED,Individual,Consumer,COTTON DHURRIE-HGD-161B,2.6 X 4 FT,1,$64.00,HANDMADE COTTON DHURRIE-HGD-161B-2.6 X 4 FT,57050024,,,,,,,,20-Aug-2026,
,TOP URGENT,TOP URGENT,RF-13445,AMAZON,112-6188380-0633864,Dorothy Golaine,,14-Aug-2026,1,JUTE DHURRIE,5 X 5 FT,No,18-Aug-2026,DISPATCHED,,21-Aug-2026,NR-123F,Dispatch,,Dorothy Golaine,1473 BLESSED ISLES DR NW,,PALM BAY,FL,32907-8135,United States,929-436-4790 ext. 15560,,CUSTOMER,HETALLS GLOBAL PRIVATE LIMITED,Individual,Consumer,JUTE DHURRIE-NR-123F,5 X 5 FT,1,$222.00,HANDMADE JUTE DHURRIE-NR-123F-5 X 5 FT,57050039,,,,,,,20-Aug-2026,21-Aug-2026,
,TOP URGENT,TOP URGENT,RF-13446,AMAZON,113-4173660-7505007,Sarah,,14-Aug-2026,1,COTTON DHURRIE,5 X 8 FT,Yes,18-Aug-2026,DISPATCHED,,22-Aug-2026,MR-13,Dispatch,,Sarah butler,1792 THOMPSON STATION RD W,,THOMPSONS STATION,TN,37179-9260,United States,346-307-9643 ext. 70333,,CUSTOMER,HETALLS GLOBAL PRIVATE LIMITED,Individual,Consumer,COTTON DHURRIE-MR-13,5 X 8 FT,1,$260.00,HANDMADE COTTON DHURRIE-MR-13-5 X 8 FT,57050024,,,,,,,,,
,,SET OF 12 PCS,RF-13447,ETSY-RUGSFOREVER,4144243345,David Thielebeule,,14-Aug-2026,1,JUTE DHURRIE,8 X 28 Inch,No,19-Aug-2026,DISPATCHED,,22-Aug-2026,NR-1101A,Dispatch,,David Thielebeule,180 Adelphi Street,Apt 1/Garden,Brooklyn,NI,11205,United States,,dthielebeule@gmail.com,CUSTOMER,HETALLS GLOBAL PRIVATE LIMITED,Individual,Consumer,JUTE DHURRIE-NR-1101A,8 X 28 Inch,1,$133.75,HANDMADE JUTE DHURRIE-NR-1101A-8 X 28 Inch,57050039,,,,,,,19-Aug-2026,22-Aug-2026,
,,,RF-13448,ETSY-CASAVANI,4144166198,"
Ashalen Guy",,14-Aug-2026,1,COTTON DHURRIE,2 X 4 FT,Yes,17-Aug-2026,DISPATCHED,,19-Aug-2026,MR-64,Dispatch,,Ashalen French,9 Wilkie Street,,Motueka,,7120,New Zealand,2108994287,ashalenguy@gmail.com,CUSTOMER,HETALLS GLOBAL PRIVATE LIMITED,Individual,Consumer,COTTON DHURRIE-MR-64,2 X 4 FT,1,$52.33,HANDMADE COTTON DHURRIE-MR-64-2 X 4 FT,57050024,,,,,,,,19-Aug-2026,
,TOP URGENT,TOP URGENT,RF-13449,AMAZON,111-7278149-3505816,Tsunami Pinkney,,14-Aug-2026,1,COTTON DHURRIE,2 X 6 FT,Yes,19-Aug-2026,DISPATCHED,,21-Aug-2026,JHGD-02A,Dispatch,,Tsunami Pinkney,1302 MARINA BAY DR APT 207,,KEMAH,TX,77565-2482,United States,412-532-4665 ext. 65626,,CUSTOMER,HETALLS GLOBAL PRIVATE LIMITED,Individual,Consumer,COTTON DHURRIE-JHGD-02A,2 X 6 FT,1,$59.00,HANDMADE COTTON DHURRIE-JHGD-02A-2 X 6 FT,57050024,,,,,,,,21-Aug-2026,
IOSS VAT identification number:  IM4420001405,TOP URGENT,TOP URGENT,RF-13450,AMAZON,408-1564557-6317956,fabio monti,,2026-08-14,1,JUTE DHURRIE,8 X 8 FT,No,18-Aug-2026,HOLD,HOLD,,NR-1029,Dispatch,,fabio monti,calle jerez 332,unidad,Torre De Porta Coeli,Valencia,46118,Spain,610093231,,CUSTOMER,HETALLS GLOBAL PRIVATE LIMITED,Individual,Consumer,JUTE DHURRIE-NR-1029,8 X 8 FT,1,$90.42,HANDMADE JUTE DHURRIE-NR-1029-8 X 8 FT,57050039,,,,,,,,,
,,"Etsy's IOSS number, IM3720000224",RF-13451,ETSY-CASAVANI,4144305134,"
Jennifer Alfons",,14-Aug-2026,1,COTTON DHURRIE,2.6 X 6 FT,Yes,17-Aug-2026,DISPATCHED,,20-Aug-2026,HGD-161B,Dispatch,,Jennifer Mock,Roterdstraße 95A,,,Wien,1160,Austria,4369919543767,jennifer.alfons@gmail.com,CUSTOMER,HETALLS GLOBAL PRIVATE LIMITED,Individual,Consumer,COTTON DHURRIE-HGD-161B,2.6 X 6 FT,1,$81.90,HANDMADE COTTON DHURRIE-HGD-161B-2.6 X 6 FT,57050024,,,,,,,,20-Aug-2026,
,,,RF-13452,ETSY-CASAVANI,4145307867,"
	
Taylor Watson",,17-Aug-2026,1,COTTON DHURRIE,3 X 8 FT ,No,17-Aug-2026,DISPATCHED,,21-Aug-2026,STK-26B,Dispatch,,Taylor Watson,309 Columbus Ave,APT 4A,New York,NY,10023,United States,,taylortwatson@gmail.com,CUSTOMER,HETALLS GLOBAL PRIVATE LIMITED,Individual,Consumer,COTTON DHURRIE-STK-26B,3 X 8 FT ,1,$123.85,HANDMADE COTTON DHURRIE-STK-26B-3 X 8 FT ,57050024,,,,,,,,21-Aug-2026,
,,,RF-13453,ETSY-CASAVANI,4145397174,"
        
	
Lorie Greenspan",,17-Aug-2026,1,COTTON DHURRIE,2 X 4 FT,Yes,17-Aug-2026,DISPATCHED,,20-Aug-2026,STK-10A,Dispatch,,Lorie Greenspan,4045 Ventnor O,,DEERFIELD BEACH,FL,33442,United States,(908)230-3608,loriegreenspan@msn.com,CUSTOMER,HETALLS GLOBAL PRIVATE LIMITED,Individual,Consumer,COTTON DHURRIE-STK-10A,2 X 4 FT,1,$56.34,HANDMADE COTTON DHURRIE-STK-10A-2 X 4 FT,57050024,,,,,,,,20-Aug-2026,
,,,RF-13454,ETSY-CASAVANI,4145416900,"
        
        
	
david milne",,17-Aug-2026,1,COTTON DHURRIE,3 X 5 FT,Yes,17-Aug-2026,DISPATCHED,,22-Aug-2026,JHGD-02C,Dispatch,,david milne,Knockavalley golf cpurse,,Girvan,AYRSHIRE,KA26 9HW,United Kingdom,,domilne1@gmail.com,CUSTOMER,HETALLS GLOBAL PRIVATE LIMITED,Individual,Consumer,COTTON DHURRIE-JHGD-02C,3 X 5 FT,1,$77.22,HANDMADE COTTON DHURRIE-JHGD-02C-3 X 5 FT,57050024,,,,,,,,22-Aug-2026,
,,,RF-13455,ETSY-CASAVANI,4146161239,"
        
        
	
Emma Warden",,17-Aug-2026,1,COTTON DHURRIE,2.6 X 6 FT,Yes,18-Aug-2026,DISPATCHED,,22-Aug-2026,HGD-161A,Dispatch,,Emma Warden,507 W 28th St,Apt 1222,New York,NY,10001-5856,United States,16507277100,emmawarden14@gmail.com,CUSTOMER,HETALLS GLOBAL PRIVATE LIMITED,Individual,Consumer,COTTON DHURRIE-HGD-161A,2.6 X 6 FT,1,$85.63,HANDMADE COTTON DHURRIE-HGD-161A-2.6 X 6 FT,57050024,,,,,,,,22-Aug-2026,
,,,RF-13456,ETSY-CASAVANI,4146033376,"
        
        
	
Sarah Petersen",,17-Aug-2026,1,COTTON DHURRIE,2.5 X 20 FT ,No,18-Aug-2026,DISPATCHED,,22-Aug-2026,HGD-129,Dispatch,,Sarah Petersen,4267 Kingsbury dr,,Fort Collins,CO,80525,United States,9163003321,sarah.petersen@outlook.com,CUSTOMER,HETALLS GLOBAL PRIVATE LIMITED,Individual,Consumer,COTTON DHURRIE-HGD-129,2.5 X 20 FT ,1,$274.85,HANDMADE COTTON DHURRIE-HGD-129-2.5 X 20 FT ,57050024,,,,,,,,22-Aug-2026,
,,,RF-13457,ETSY-CASAVANI,4146555945,Sarah Wright,,17-Aug-2026,1,COTTON DHURRIE,2.6 X 20 FT,No,18-Aug-2026,DISPATCHED,,21-Aug-2026,MR-61,Dispatch,,Sarah Wright,258 W Acres Dr,,Guelph,ON,N1H 7P1,Canada,,bt3igdqsj9@privaterelay.appleid.com,CUSTOMER,HETALLS GLOBAL PRIVATE LIMITED,Individual,Consumer,COTTON DHURRIE-MR-61,2.6 X 20 FT,1,$219.70,HANDMADE COTTON DHURRIE-MR-61-2.6 X 20 FT,57050024,,,,,,,,21-Aug-2026,
,,,RF-13458-1/2,ETSY-CASAVANI,4146594726,Sarah Sharma,,17-Aug-2026,1,COTTON DHURRIE,2.6 X 22 FT,No,18-Aug-2026,DISPATCHED,,21-Aug-2026,MR-23,Dispatch,,Sarah Sharma,818 Upperline St,,NEW ORLEANS,LA,70115,United States,(917) 873-4825,sheilasharma@gmail.com,CUSTOMER,HETALLS GLOBAL PRIVATE LIMITED,Individual,Consumer,COTTON DHURRIE-MR-23,2.6 X 22 FT,1,$274.74,HANDMADE COTTON DHURRIE-MR-23-2.6 X 22 FT,57050024,,,,,,,,21-Aug-2026,
,,,RF-13458-2/2,ETSY-CASAVANI,4146594726,Sarah Sharma,,17-Aug-2026,1,COTTON DHURRIE,2.6 X 12 FT,No,18-Aug-2026,DISPATCHED,,21-Aug-2026,MR-23,Dispatch,,Sarah Sharma,818 Upperline St,,NEW ORLEANS,LA,70115,United States,(917) 873-4825,sheilasharma@gmail.com,CUSTOMER,HETALLS GLOBAL PRIVATE LIMITED,Individual,Consumer,COTTON DHURRIE-MR-23,2.6 X 12 FT,1,$200.02,HANDMADE COTTON DHURRIE-MR-23-2.6 X 12 FT,57050024,,,,,,,,21-Aug-2026,
,,,RF-13459,ETSY-CASAVANI,4146728154,"
Sandra Dodenhoff",,17-Aug-2026,1,COTTON DHURRIE,2.5 X 16 FT,No,19-Aug-2026,DISPATCHED,,21-Aug-2026,STK-10A-LR,Dispatch,,sandra Dodenhoff,77 Armadale avenue,,Toronto ,ON,M6S 3W9,Canada,,"

sandradodenhoff@icloud.com",CUSTOMER,HETALLS GLOBAL PRIVATE LIMITED,Individual,Consumer,COTTON DHURRIE-STK-10A-LR,2.5 X 16 FT,1,$175.50,HANDMADE COTTON DHURRIE-STK-10A-LR-2.5 X 16 FT,57050024,,,,,,,,21-Aug-2026,
,,"UK VAT number, 370 6004 28,",RF-13460,ETSY-CASAVANI,4146910112,"
	
Suman",,17-Aug-2026,1,COTTON DHURRIE,4 X 4 FT,Yes,19-Aug-2026,DISPATCHED,,20-Aug-2026,HP-15S,Dispatch,,Suman Hothi,21 Woodshires Road,,Coventry,England ,CV6 6AA,United Kingdom,,"

suman_hothi@outlook.com",CUSTOMER,HETALLS GLOBAL PRIVATE LIMITED,Individual,Consumer,COTTON DHURRIE-HP-15S,4 X 4 FT,1,$85.80,HANDMADE COTTON DHURRIE-HP-15S-4 X 4 FT,57050024,,,,,,,,20-Aug-2026,
,,,RF-13461,ETSY-CASAVANI,4147239270,Justin Darcy,,17-Aug-2026,1,COTTON DHURRIE,4 X 8 FT,Yes,19-Aug-2026,DISPATCHED,,22-Aug-2026,STK-26B,Dispatch,,Justin Darcy,4905 east Colfax ave,612,Denver,CO,80210,United States,,"

justin.darcy@gmail.com",CUSTOMER,HETALLS GLOBAL PRIVATE LIMITED,Individual,Consumer,COTTON DHURRIE-STK-26B,4 X 8 FT,1,$172.00,HANDMADE COTTON DHURRIE-STK-26B-4 X 8 FT,57050024,,,,,,,,22-Aug-2026,
,,SET OF 13 PCS,RF-13462,ETSY-RUGSFOREVER,4144898723,John Bombard,,17-Aug-2026,1,CHINDI COTTON-JUTE,8.5 x 28 INCH,No,17-Aug-2026,DISPATCHED,,22-Aug-2026,NR-1080C,Dispatch,,John Bombard,134 Nahanni,8 Fletcher St,Whitinsville,MA,01588-2337,United States,15086127245,Jbombard64@gmail.com,CUSTOMER,HETALLS GLOBAL PRIVATE LIMITED,Individual,Consumer,CHINDI COTTON-JUTE-NR-1080C,8.5 x 28 INCH,1,$163.68,HANDMADE CHINDI COTTON-JUTE-NR-1080C-8.5 x 28 INCH,57050039,,,,,,,20-Aug-2026,22-Aug-2026,
,,SET OF 10 PCS,RF-13463,ETSY-RUGSFOREVER,4145307110,Hayley Edwards,,17-Aug-2026,1,JUTE DHURRIE,8 X 24 Inch,No,20-Aug-2026,DISPATCHED,,21-Aug-2026,NR-1100,Dispatch,,Hayley Edwards,East End Cottage,3 Burleston,Dorchester,Dorset,DT2 7EG,United Kingdom,,whiteywoo@hotmail.com,CUSTOMER,HETALLS GLOBAL PRIVATE LIMITED,Individual,Consumer,JUTE DHURRIE-NR-1100,8 X 24 Inch,1,$175.00,HANDMADE JUTE DHURRIE-NR-1100-8 X 24 Inch,57050039,,,,,,,20-Aug-2026,21-Aug-2026,
,,,RF-13464,ETSY-RUGSFOREVER,4145782925,Gabriele Becker-Kuhlmann,,17-Aug-2026,1,CHINDI COTTON-JUTE,3 X 3 FT,No,20-Aug-2026,DISPATCHED,,22-Aug-2026,NR-72S,Dispatch,,Gabriele Becker-Kuhlmann,Veilchenweg 11,, Fröndenberg, Fröndenberg,58730,Germany,,gabeku@web.de,CUSTOMER,HETALLS GLOBAL PRIVATE LIMITED,Individual,Consumer,CHINDI COTTON-JUTE-NR-72S,3 X 3 FT,1,$76.58,HANDMADE CHINDI COTTON-JUTE-NR-72S-3 X 3 FT,57050039,,,,,,,21-Aug-2026,22-Aug-2026,
,,,RF-13465,ETSY-RUGSFOREVER,4145966124,"
Aarshdeep Kahlon",,17-Aug-2026,1,JUTE DHURRIE,4 X 6 FT,No,21-Aug-2026,DISPATCHED,,22-Aug-2026,NR -1036A,Dispatch,,"



Aarshdeep Kahlon",3304 Vin Santo Ln,,San Jose,CA,95148,United States,,aarshdeep@gmail.com,CUSTOMER,HETALLS GLOBAL PRIVATE LIMITED,Individual,Consumer,JUTE DHURRIE-NR -1036A,4 X 6 FT,1,$185.90,HANDMADE JUTE DHURRIE-NR -1036A-4 X 6 FT,57050039,,,,,,,20-Aug-2026,22-Aug-2026,
,,1 landing PCS,RF-13466-1/2,ETSY-RUGSFOREVER,4146374152,Sheryl Ryan,,17-Aug-2026,1,Wool,28 X 28 INCH,No,17-Aug-2026,LATE,,,NR-1102,Dispatch,,Sheryl Ryan,85 Eastern Pkwy,,Germantown,NY,12526-5405,United States,323) 646-9777,sherylryan@gmail.com,CUSTOMER,HETALLS GLOBAL PRIVATE LIMITED,Individual,Consumer,Wool-NR-1102,28 X 28 INCH,1,$145.34,HANDMADE Wool-NR-1102-28 X 28 INCH,FALSE,,,,Ranjit ji,,,,,
,,SET OF 12 PCS,RF-13466-2/2,ETSY-RUGSFOREVER,4146374152,Sheryl Ryan,,17-Aug-2026,1,Wool,9 X 29 Inch,No,17-Aug-2026,LATE,,,NR-1102,Dispatch,,Sheryl Ryan,85 Eastern Pkwy,,Germantown,NY,12526-5405,United States,323) 646-9777,sherylryan@gmail.com,CUSTOMER,HETALLS GLOBAL PRIVATE LIMITED,Individual,Consumer,Wool-NR-1102,9 X 29 Inch,1,$325.00,HANDMADE Wool-NR-1102-9 X 29 Inch,FALSE,,,,Ranjit ji,,,,,
,,,RF-13467-1/2,ETSY-RUGSFOREVER,4146664532,Frank Barbera (spouse),,17-Aug-2026,1,WOOL JUTE,8 X 11 FT,Yes,17-Aug-2026,LATE,,,WJRH-42,Dispatch,,Frank Barbera (spouse),21395 Via Del Parque,,Yorba Linda,CA,92887,United States,,clay888259@aol.com,CUSTOMER,HETALLS GLOBAL PRIVATE LIMITED,Individual,Consumer,WOOL JUTE-WJRH-42,8 X 11 FT,1,$497.25,HANDMADE WOOL JUTE-WJRH-42-8 X 11 FT,57050039,,,,,,,,,
,,,RF-13467-2/2,ETSY-RUGSFOREVER,4146664532,Frank Barbera (spouse),,17-Aug-2026,1,WOOL JUTE,9 X 12 FT,Yes,17-Aug-2026,LATE,,,WJRH-42,Dispatch,,Frank Barbera (spouse),21395 Via Del Parque,,Yorba Linda,CA,92887,United States,,clay888259@aol.com,CUSTOMER,HETALLS GLOBAL PRIVATE LIMITED,Individual,Consumer,WOOL JUTE-WJRH-42,9 X 12 FT,1,$724.90,HANDMADE WOOL JUTE-WJRH-42-9 X 12 FT,57050039,,,,,,,,,
,,SET OF 11 PCS,RF-13468,ETSY-RUGSFOREVER,4146855641,Lori Boudreaux,,17-Aug-2026,1,JUTE DHURRIE,9 X 29 Inch,No,22-Aug-2026,LATE,,,NR-1100AB,Dispatch,,Lori Boudreaux,34 N WILDE YAUPON,,SPRING,TX,77381,United States,,lkboudreaux@yahoo.com,CUSTOMER,HETALLS GLOBAL PRIVATE LIMITED,Individual,Consumer,JUTE DHURRIE-NR-1100AB,9 X 29 Inch,1,$154.09,HANDMADE JUTE DHURRIE-NR-1100AB-9 X 29 Inch,57050039,,,,24-08   ko nikal dega,,,,,
,,SET OF 13 PCS,RF-13469,ETSY-RUGSFOREVER,4146820742,Courtney Francik,,17-Aug-2026,1,CHINDI-COTTON,8 X 28 Inch,No,18-Aug-2026,DISPATCHED,,22-Aug-2026,NR-1104,Dispatch,,Courtney Francik,4503 Hampnett Avenue,,Baltimore,MD ,21214,United States,410-913-0029,,CUSTOMER,HETALLS GLOBAL PRIVATE LIMITED,Individual,Consumer,CHINDI-COTTON-NR-1104,8 X 28 Inch,1,$144.69,HANDMADE CHINDI-COTTON-NR-1104-8 X 28 Inch,57050024,,,,,,,20-Aug-2026,22-Aug-2026,
,,,RF-13470,ETSY-RUGSFOREVER,4147082563,Helen Brown,,17-Aug-2026,2,CHINDI-COTTON,2 X 4 FT,No,22-Aug-2026,DISPATCHED,,22-Aug-2026,VI-69,Dispatch,,Helen Brown,21 Ballacaine Dr,,Etobicoke,ON,M8Y 4A7,Canada,1 416-997-3493,l_gill@rogers.com,CUSTOMER,HETALLS GLOBAL PRIVATE LIMITED,Individual,Consumer,CHINDI-COTTON-VI-69,2 X 4 FT,2,$123.50,HANDMADE CHINDI-COTTON-VI-69-2 X 4 FT,57050024,,,,,,,21-Aug-2026,,
,,SET OF 11 PCS,RF-13471,ETSY-RUGSFOREVER,4147266331,Rhema Nicoll,,17-Aug-2026,1,JUTE DHURRIE,8 X 29 Inch,No,18-Aug-2026,DISPATCHED,,18-Aug-2026,NR-1100F,Dispatch,,Rhema Nicoll,18853 W 61st Pl,,Golden,CO, 80403-1032,United States,,ermmy8@gmail.com,CUSTOMER,HETALLS GLOBAL PRIVATE LIMITED,Individual,Consumer,JUTE DHURRIE-NR-1100F,8 X 29 Inch,1,$128.69,HANDMADE JUTE DHURRIE-NR-1100F-8 X 29 Inch,57050039,,,,IN STOCK,,,,18-Aug-2026,
,TOP URGENT,TOP URGENT,RF-13472,Amazon,112-1108621-5453025,David A Hughes,,17-Aug-2026,1,WOOL JUTE,2.6 X 8 FT,Yes,2026-08-24,PROCESSING,,,WJRH-13,Dispatch,,David A Hughes,559 W BROADWAY ST,,TIPP CITY,OH,45371-1203,United States,412-532-4665 ext. 29219,,,,,,WOOL JUTE-WJRH-13,,1,$120.00,HANDMADE WOOL JUTE-WJRH-13-2.6 X 8 FT,57050039,,,,,,,,,
,TOP URGENT,TOP URGENT,RF-13473,Amazon,114-2001490-1580248,Angela Wackerly,,17-Aug-2026,1,COTTON DHURRIE,2.6 X 4 FT,Yes,2026-08-20,DISPATCHED,,20-Aug-2026,HGD_129,Dispatch,,Angela Wackerly,178 MOLINO AVE,,MILL VALLEY,CA,94941-2743,United States,412-532-4665 ext. 93009,,,,,,COTTON DHURRIE-HGD_129,,1,$64.00,HANDMADE COTTON DHURRIE-HGD_129-2.6 X 4 FT,57050024,,,,,,,,20-Aug-2026,
,TOP URGENT,TOP URGENT,RF-13474-1/2,Amazon,113-8680643-8097818,Arina Gancicova,,17-Aug-2026,1,COTTON DHURRIE,3 X 3 FT,YES,2026-08-20,RECEIVED,,,HGD_129,Dispatch,,Irina Pickard,30396 N 72ND PL,,SCOTTSDALE,AZ,85266-1879,United States,602-671-6610 ext. 05009,,,,,,COTTON DHURRIE-HGD_129,,1,$60.00,HANDMADE COTTON DHURRIE-HGD_129-3 X 3 FT,57050024,,,,,,,,24-Aug-2026,
,TOP URGENT,TOP URGENT,RF-13474-2/2,Amazon,113-8680643-8097818,Arina Gancicova,,17-Aug-2026,1,COTTON DHURRIE,4 X 6 FT,YES,2026-08-20,RECEIVED,,,HGD_129,Dispatch,,Irina Pickard,30396 N 72ND PL,,SCOTTSDALE,AZ,85266-1879,United States,602-671-6610 ext. 05009,,,,,,COTTON DHURRIE-HGD_129,,1,$124.00,HANDMADE COTTON DHURRIE-HGD_129-4 X 6 FT,57050024,,,,,,,,24-Aug-2026,
,TOP URGENT,TOP URGENT,RF-13475,Amazon,111-8127242-6511427,Peter Urias,,17-Aug-2026,1,COTTON DHURRIE,3 X 12 FT,NO,2026-08-20,DISPATCHED,,21-Aug-2026,STK-10B,Dispatch,,Peter Urias,449 14TH ST,,BROOKLYN,NY,11215-5701,United States,415-419-8616 ext. 66443,,,,,,COTTON DHURRIE-STK-10B,,1,$187.00,HANDMADE COTTON DHURRIE-STK-10B-3 X 12 FT,57050024,,,,,,,,21-Aug-2026,
,TOP URGENT,TOP URGENT,RF-13476,Amazon,113-6861635-8406621,Heather Wilson,,17-Aug-2026,1,COTTON DHURRIE,2.6 X 4 FT,YES,2026-08-20,DISPATCHED,,21-Aug-2026,JHGD-01,Dispatch,,Heather Wilson,7225 SUPERIOR,,CENTER LINE,MI,48015-1039,United States,412-532-4665 ext. 26671,,,,,,COTTON DHURRIE-JHGD-01,,1,$64.00,HANDMADE COTTON DHURRIE-JHGD-01-2.6 X 4 FT,57050024,,,,,,,,21-Aug-2026,
,TOP URGENT,TOP URGENT,RF-13477,Amazon,112-1500306-0349005,Briana Patten,,17-Aug-2026,1,COTTON DHURRIE,2.6 X 8 FT,YES,2026-08-20,RECEIVED,,,HP-128A,Dispatch,,Briana Patten Robinson,186 HUNTERS COVE RD,,HUNTSVILLE,AL,35806-4114,United States,347-448-3190 ext. 57352,,,,,,COTTON DHURRIE-HP-128A,,1,$96.00,HANDMADE COTTON DHURRIE-HP-128A-2.6 X 8 FT,57050024,,,,,,,,24-Aug-2026,
,TOP URGENT,TOP URGENT,RF-13478,Amazon,113-3989250-4350617,Kathy Devlin,,17-Aug-2026,1,COTTON DHURRIE,2.6 X 10 FT,YES,2026-08-20,LATE,,,HGD-161B,Dispatch,,Kathy Devlin,61207 FAIRFIELD DR,,BEND,OR,97702-2735,United States,412-532-4665 ext. 54102,,,,,,COTTON DHURRIE-HGD-161B,,1,$135.00,HANDMADE COTTON DHURRIE-HGD-161B-2.6 X 10 FT,57050024,,,,,,,,,
"Buyer cancellation
Cancellation reason: Reason left unspecified",TOP URGENT,TOP URGENT,RF-13479-1/2,Amazon,111-2120898-1079448,Henrietta M. Snowden,,17-Aug-2026,1,WOOL JUTE,2.6 X 6 FT,YES,2026-08-24,CANCELLED,CANCELLED,,WJRH-13,Dispatch,,Henrietta M. Snowden,2876 BURGUNDY PL,,WOODBRIDGE,VA,22192-1917,United States,346-307-9643 ext. 34370,,,,,,WOOL JUTE-WJRH-13,,1,$105.00,HANDMADE WOOL JUTE-WJRH-13-2.6 X 6 FT,57050039,,,,,,,,,
"Buyer cancellation
Cancellation reason: Reason left unspecified",TOP URGENT,TOP URGENT,RF-13479-2/2,Amazon,111-2120898-1079448,Henrietta M. Snowden,,17-Aug-2026,1,WOOL JUTE,2.6 X 8 FT,YES,2026-08-24,CANCELLED,CANCELLED,,WJRH-13,Dispatch,,Henrietta M. Snowden,2876 BURGUNDY PL,,WOODBRIDGE,VA,22192-1917,United States,346-307-9643 ext. 34370,,,,,,WOOL JUTE-WJRH-13,,1,$120.00,HANDMADE WOOL JUTE-WJRH-13-2.6 X 8 FT,57050039,,,,,,,,,
,TOP URGENT,TOP URGENT,RF-13480,Amazon,702-8194000-9893001,Myles,,17-Aug-2026,1,JUTE DHURRIE,3 X 3 FT,NO,2026-08-22,DISPATCHED,,22-Aug-2026,VI-64,Dispatch,,Myles Winnicki,301-1997 Sirocco Drive South-West,,Calgary,Alberta,T3H 3E6,Canada,3064500892,,,,,,JUTE DHURRIE-VI-64,,1,$103.08,HANDMADE JUTE DHURRIE-VI-64-3 X 3 FT,57050039,,,,,,,20-Aug-2026,22-Aug-2026,
,TOP URGENT,TOP URGENT,RF-13481-1/2,Amazon,114-2187439-3546635,LaVinia Ramsey,,17-Aug-2026,1,COTTON DHURRIE,2 X 3 FT,YES,2026-08-20,DISPATCHED,,20-Aug-2026,JHGD-02A,Dispatch,,LaVinia Ramsey,131 PEMBROKE LN,,WICHITA FALLS,TX,76301-2929,United States,346-307-9643 ext. 56101,,,,,,COTTON DHURRIE-JHGD-02A,,1,$56.29,HANDMADE COTTON DHURRIE-JHGD-02A-2 X 3 FT,57050024,,,,,,,,20-Aug-2026,
,TOP URGENT,TOP URGENT,RF-13481-2/2,Amazon,114-2187439-3546635,LaVinia Ramsey,,17-Aug-2026,1,COTTON DHURRIE,2 X 3 FT,YES,2026-08-20,DISPATCHED,,20-Aug-2026,JHGD-12A,Dispatch,,LaVinia Ramsey,131 PEMBROKE LN,,WICHITA FALLS,TX,76301-2929,United States,346-307-9643 ext. 56101,,,,,,COTTON DHURRIE-JHGD-12A,,1,$56.29,HANDMADE COTTON DHURRIE-JHGD-12A-2 X 3 FT,57050024,,,,,,,,20-Aug-2026,
,TOP URGENT,TOP URGENT,RF-13482,Amazon,113-9592053-5814650,Greg M Quiroga,,17-Aug-2026,1,WOOL JUTE,3 X 5 FT,YES,2026-08-24,RECEIVED,,,WJRH-21,Dispatch,,Greg M Quiroga,911 ROCKDALE DR,,SAN FRANCISCO,CA,94127-1724,United States,619-854-2705 ext. 18702,,,,,,WOOL JUTE-WJRH-21,,1,$99.00,HANDMADE WOOL JUTE-WJRH-21-3 X 5 FT,57050039,,,,,,,,24-Aug-2026, 
,TOP URGENT,TOP URGENT,RF-13483-1/2,Amazon,111-0016706-3849022,Doris,,17-Aug-2026,1,COTTON DHURRIE,2.6 X 4 FT,YES,2026-08-20,DISPATCHED,,21-Aug-2026,HP-282,Dispatch,,Doris Craig,106 E 28TH ST APT 4,,CHEYENNE,WY,82001-2867,United States,346-307-9643 ext. 25191,,,,,,COTTON DHURRIE-HP-282,,1,$84.00,HANDMADE COTTON DHURRIE-HP-282-2.6 X 4 FT,57050024,,,,,,,,21-Aug-2026,
,TOP URGENT,TOP URGENT,RF-13483-2/2,Amazon,111-0016706-3849022,Doris,,17-Aug-2026,1,COTTON DHURRIE,2.6 X 4 FT,Yes,2026-08-20,CANCELLED,CANCELLED,,HP-282,Dispatch,,Doris Craig,106 E 28TH ST APT 4,,CHEYENNE,WY,82001-2867,United States,346-307-9643 ext. 25191,,,,,,COTTON DHURRIE-HP-282,,1,$80.00,HANDMADE COTTON DHURRIE-HP-282-2.6 X 4 FT,57050024,,,,,,,,,
,TOP URGENT,TOP URGENT,RF-13484,Amazon,701-5783881-5564245,FRANCIS CHABOT,,17-Aug-2026,1,JUTE DHURRIE,3 X 3 FT,NO,2026-08-22,DISPATCHED,,21-Aug-2026,NR-108,Dispatch,,Francis Chabot,307-110 Grande Allée Ouest,,Quebec,Quebec,G1R 2G8,Canada,1 418 914-4621,,,,,,JUTE DHURRIE-NR-108,,1,$80.01,HANDMADE JUTE DHURRIE-NR-108-3 X 3 FT,57050039,,,,,,,20-Aug-2026,21-Aug-2026,
,TOP URGENT,TOP URGENT,RF-13485,Amazon,114-0202467-1706620,Micheal Babbitt,,17-Aug-2026,1,COTTON DHURRIE,2.6 X 10 FT,NO,2026-08-20,DISPATCHED,,21-Aug-2026,STK-26N,Dispatch,,Mike Babbitt,4821 4TH ST NW # 2 MIKE BABBITT,,WASHINGTON,DC,20011-6110,United States,314-282-9402 ext. 74450,,,,,,COTTON DHURRIE-STK-26N,,1,$179.14,HANDMADE COTTON DHURRIE-STK-26N-2.6 X 10 FT,57050024,,,,,,,,21-Aug-2026,
,TOP URGENT,TOP URGENT,RF-13486,Amazon,114-1865881-4346656,Jennifer Payne,,17-Aug-2026,1,COTTON DHURRIE,2 X 3 FT,YES,2026-08-20,DISPATCHED,,20-Aug-2026,JHGD-02A,Dispatch,,Jennifer Payne,201 PAINTED CLIFFS DR,,SEDONA,ARIZONA,86336-4750,United States,412-532-4665 ext. 86625,,,,,,COTTON DHURRIE-JHGD-02A,,1,$57.12,HANDMADE COTTON DHURRIE-JHGD-02A-2 X 3 FT,57050024,,,,,,,,20-Aug-2026,
,TOP URGENT,TOP URGENT,RF-13487,Amazon,112-3340925-0406652,Amber,,17-Aug-2026,1,COTTON DHURRIE,2.6 X 10 FT,NO,2026-08-20,DISPATCHED,,22-Aug-2026,JHGD-02A,Dispatch,,Amber Ellis,3405 26TH ST SE,,PUYALLUP,WA,98374-1912,United States,210-728-4548 ext. 22021,,,,,,COTTON DHURRIE-JHGD-02A,,1,$135.00,HANDMADE COTTON DHURRIE-JHGD-02A-2.6 X 10 FT,57050024,,,,,,,,22-Aug-2026,
,TOP URGENT,TOP URGENT,RF-13488,Amazon,113-8878647-8576245,Elizabeth Elliott,,17-Aug-2026,1,JUTE DHURRIE,4 X 4 FT,NO,2026-08-22,DISPATCHED,,21-Aug-2026,NR-50A,Dispatch,,Elizabeth Elliott,12 ENTERPRISE RD,,NEW PALTZ,NY,12561-4406,United States,415-419-8616 ext. 40450,,,,,,JUTE DHURRIE-NR-50A,,1,$95.04,HANDMADE JUTE DHURRIE-NR-50A-4 X 4 FT,57050039,,,,,,,20-Aug-2026,21-Aug-2026,
,TOP URGENT,TOP URGENT,RF-13489,Amazon,114-3210949-2605069,Cynthia Cassleman,,17-Aug-2026,2,COTTON DHURRIE,2.6 X 10 FT,NO,2026-08-20,DISPATCHED,,20-Aug-2026,STK-26O,Dispatch,,Cynthia Wylde,5004 168TH ST SW APT E,,LYNNWOOD,WA,98037-6848,United States,347-448-3190 ext. 63952,,,,,,COTTON DHURRIE-STK-26O,,2,$338.00,HANDMADE COTTON DHURRIE-STK-26O-2.6 X 10 FT,57050024,,,,,,,,20-Aug-2026,
,TOP URGENT,TOP URGENT,RF-13490,Amazon,113-6484634-8681845,Charlotte A ORourke,,17-Aug-2026,1,COTTON DHURRIE,2.6 X 4 FT,YES,2026-08-20,DISPATCHED,,22-Aug-2026,HGD-161B,Dispatch,,Charlotte A ORourke,12049 33RD AVE NE UNIT B,,SEATTLE,WA,98125-5684,United States,480-618-5344 ext. 80364,,,,,,COTTON DHURRIE-HGD-161B,,1,$64.00,HANDMADE COTTON DHURRIE-HGD-161B-2.6 X 4 FT,57050024,,,,,,,,22-Aug-2026,
,TOP URGENT,TOP URGENT,RF-13491,Amazon,111-0054724-0585050,Brace,,17-Aug-2026,1,JUTE DHURRIE,3 X 5 FT,NO,2026-08-22,DISPATCHED,,22-Aug-2026,HW-45,Dispatch,,Brace H Sovelius,810 E SHADY CREEK PL,,MILLCREEK,UT,84106-1589,United States,412-532-4665 ext. 20481,,,,,,JUTE DHURRIE-HW-45,,1,$153.65,HANDMADE JUTE DHURRIE-HW-45-3 X 5 FT,57050039,,,,,,,21-Aug-2026,,
,TOP URGENT,TOP URGENT,RF-13492,Amazon,114-3059069-9082649,Lloyd Andres Carney,,17-Aug-2026,4,JUTE DHURRIE,2 X 3 FT,NO,2026-08-22,DISPATCHED,,21-Aug-2026,NR-91,Dispatch,,Lloyd Carney,Bella Vista,The Tryall Golf Club,Sandy Bay,Hanover,0,JM,1876 6338005,,,,,,JUTE DHURRIE-NR-91,,4,$208.00,HANDMADE JUTE DHURRIE-NR-91-2 X 3 FT,57050039,,,,,,,20-Aug-2026,21-Aug-2026,
,TOP URGENT,TOP URGENT,RF-13493,Amazon,113-2535939-0506605,Isabella Talbot,,17-Aug-2026,1,WOOL JUTE,2 X 6 FT,YES,2026-08-24,RECEIVED,,,WJRH-21,Dispatch,,Isabella Talbot,462 CARROLL ST APT 16,,BROOKLYN,NY,11215-1028,United States,210-728-4548 ext. 16680,,,,,,WOOL JUTE-WJRH-21,,1,$85.00,HANDMADE WOOL JUTE-WJRH-21-2 X 6 FT,57050039,,,,,,,,24-Aug-2026,
,TOP URGENT,TOP URGENT,RF-13494,Amazon,113-2558196-6113022,Rachael Dotson,,17-Aug-2026,1,COTTON DHURRIE,2 X 3 FT,YES,2026-08-20,DISPATCHED,,22-Aug-2026,HGD-161B,Dispatch,,Rachael Dotson,7250 s Eagles PrideSt,,Las Vegas,NV,89148,United States,415-419-8616 ext. 90070,,,,,,COTTON DHURRIE-HGD-161B,,1,$64.00,HANDMADE COTTON DHURRIE-HGD-161B-2 X 3 FT,57050024,,,,,,,,22-Aug-2026,
"Buyer cancellation
Cancellation reason: Reason left unspecified",TOP URGENT,TOP URGENT,RF-13495,Amazon,113-7889556-0439400,Madeline,,17-Aug-2026,1,COTTON DHURRIE,4 X 6 FT,Yes,2026-08-21,CANCELLED,CANCELLED,,HGD-110,Dispatch,,Madeline Swentor,419 E 36TH ST APT 318,,CHARLOTTE,NC,28205-3194,United States,347-448-3190 ext. 03913,,,,,,COTTON DHURRIE-HGD-110,,1,$124.00,HANDMADE COTTON DHURRIE-HGD-110-4 X 6 FT,57050024,,,,,,,,,
"Buyer cancellation
Cancellation reason: Reason left unspecified",TOP URGENT,TOP URGENT,RF-13496,Amazon,112-6243258-1899447,Emily,,17-Aug-2026,1,JUTE DHURRIE,4 X 8 FT,No,2026-10-16,CANCELLED,CANCELLED,,NR-99,Dispatch,,Emily,2201 JENNISON CIR,,ANCHORAGE,AK ,99508-3782,United States,1 347-448-3190 ext. 50124,,CUSTOMER,HETALLS GLOBAL PRIVATE LIMITED,Individual,Consumer,JUTE DHURRIE-NR-99,4 X 8 FT,1,$139.00,HANDMADE JUTE DHURRIE-NR-99-4 X 8 FT,57050039,,,,,,,20-Aug-2026,,
,TOP URGENT,TOP URGENT,RF-13497,Amazon,111-7894714-9361828,marcy,,17-Aug-2026,1,WOOL JUTE,2 X 6 FT,Yes,2026-08-25,PROCESSING,,,WJRH-21,Dispatch,,Marcy M Cantu,549 W. County Road 2180,,Kingsville,TX,78363,United States,000-000-0000,,,,,,WOOL JUTE-WJRH-21,,1,$85.00,HANDMADE WOOL JUTE-WJRH-21-2 X 6 FT,57050039,,,,,,,,,
,TOP URGENT,TOP URGENT,RF-13498,Amazon,503-1915399-6003836,paola,,17-Aug-2026,1,WOOL JUTE,2 X 6 FT,Yes,2026-08-26,PROCESSING,,,WJRH-15,Dispatch,,paola keller,42 Waverley St,,BELLERIVE,TAS ,7018,Australia,0415852834,,CUSTOMER,HETALLS GLOBAL PRIVATE LIMITED,Individual,Consumer,WOOL JUTE-WJRH-15,2 X 6 FT,1,$89.63,HANDMADE WOOL JUTE-WJRH-15-2 X 6 FT,57050039,,,,,,,20-Aug-2026,,
,TOP URGENT,TOP URGENT,RF-13499,Amazon,203-8552639-7029113,mrs,,17-Aug-2026,1,JUTE DHURRIE,2.6 X 6 FT,No,2026-08-19,DISPATCHED,,21-Aug-2026, ,Dispatch,,SHIRLEY HILL,"
BROAD PLATT CROFT","
BROAD PLATT ROTHERFIELD GREYS","
HENLEY-ON-THAMES",,RG9 4PD,"
United Kingdom",01491 628084,,CUSTOMER,HETALLS GLOBAL PRIVATE LIMITED,Individual,Consumer,JUTE DHURRIE- ,2.6 X 6 FT,1,$95.99,HANDMADE JUTE DHURRIE- -2.6 X 6 FT,57050039,,,,,,,20-Aug-2026,21-Aug-2026,
,TOP URGENT,TOP URGENT,RF-13500,Amazon,203-2957257-3800364,ALI,,17-Aug-2026,1,JUTE DHURRIE,2.6 X 8 FT OVAL,No,2026-08-19,CANCELLED,CANCELLED ,,VI-87D,Dispatch,,Parisa Dastgir,"
FLAT 134 21",ASPIN LANE,MANCHESTER,,M4 4GT,"
United Kingdom",447366923357,,CUSTOMER,HETALLS GLOBAL PRIVATE LIMITED,Individual,Consumer,JUTE DHURRIE-VI-87D,2.6 X 8 FT OVAL,1,$109.54,HANDMADE JUTE DHURRIE-VI-87D-2.6 X 8 FT OVAL,57050039,,,,,,,20-Aug-2026,,
,TOP URGENT,TOP URGENT,RF-13501,Amazon,026-6479411-8593121,Sarah,,17-Aug-2026,1,WOOL JUTE,3 X 5 FT,Yes,2026-08-26,PROCESSING,,,WJRH-15,Dispatch,,Sarah Cook,"
THE ELMS UPPINGTON",HINTON MARTELL,WIMBORNE,,BH21 7HA,"
United Kingdom",07769634279,,CUSTOMER,HETALLS GLOBAL PRIVATE LIMITED,Individual,Consumer,WOOL JUTE-WJRH-15,3 X 5 FT,1,$84.70,HANDMADE WOOL JUTE-WJRH-15-3 X 5 FT,57050039,,,,,,,,,
IOSS VAT identification number:  IM4420001405,TOP URGENT,TOP URGENT,RF-13502,Amazon,404-2131384-9605967,dana,,17-Aug-2026,1,JUTE DHURRIE,6 x 6 FT,No,2026-08-19,CANCELLED,CANCELLED,,NR-1008,Dispatch,,Dana SUCIU,"
49 cours Gambetta","
1er étage code 4608",Lyon,,69003,France,0608357047,,CUSTOMER,HETALLS GLOBAL PRIVATE LIMITED,Individual,Consumer,JUTE DHURRIE-NR-1008,6 x 6 FT,1,$90.43,HANDMADE JUTE DHURRIE-NR-1008-6 x 6 FT,57050039,,,,,,,,,
,,,RF-13503-1/2,ETSY-RUGSFOREVER,4145616257,Sarah Causer,,17-Aug-2026,3,CHINDI-COTTON,3 X 5 FT,No,17-Aug-2026,LATE,,,NR-200,Dispatch,,Sarah Causer,134 Nahanni ,"Drive
PO BOX 357",Banff , AB,T1L 1A5,Canada,,sarah.causer888@gmail.com,CUSTOMER,HETALLS GLOBAL PRIVATE LIMITED,Individual,Consumer,CHINDI-COTTON-NR-200,3 X 5 FT,3,$229.00,HANDMADE CHINDI-COTTON-NR-200-3 X 5 FT,57050024,,,,,,,,,
,,SET OF 20 PCS,RF-13503-2/2,ETSY-RUGSFOREVER,4145616257,Sarah Causer,,17-Aug-2026,1,CHINDI-COTTON,8 X 30 INCH,No,17-Aug-2026,LATE,,,NR-200,Dispatch,,Sarah Causer,134 Nahanni ,"Drive
PO BOX 357",Banff , AB,T1L 1A5,Canada,,sarah.causer888@gmail.com,CUSTOMER,HETALLS GLOBAL PRIVATE LIMITED,Individual,Consumer,CHINDI-COTTON-NR-200,8 X 30 INCH,1,$229.00,HANDMADE CHINDI-COTTON-NR-200-8 X 30 INCH,57050024,,,,24-08  1 pcs bhejega nikal dega,,,,,
,TOP URGENT,TOP URGENT,RF-13504,Amazon,113-1495313-5409844,Audrey A Henry,,17-Aug-2026,1,COTTON DHURRIE,2.6 X 10 FT,No,20-Aug-2026,DISPATCHED,,20-Aug-2026,STK-26O,Dispatch,,Audrey A Henry,51 COUNTY ROAD 163,,CRANE HILL,AL,35053-2056,United States,415-419-8616 ext. 97673,,,,,,COTTON DHURRIE-STK-26O,,1,$182.52,HANDMADE COTTON DHURRIE-STK-26O-2.6 X 10 FT,57050024,,,,,,,,20-Aug-2026,
,,,RF-13505,ETSY-RUGSFOREVER,4147477057,TAKAYUKI NOMOTO,,18-Aug-2026,1,CHINDI-COTTON,4 X 6 FT,Yes,28-Aug-2026,DISPATCHED,,21-Aug-2026,HW-39,Dispatch,,TAKAYUKI NOMOTO,Museum 1999 Nibancho Building 7th Floor,"東京都 Chiyoda-ku 11-20,Nibancho",東京都,東京都,102-0084,Japan,818040077211,t.nomoto@telefit.biz,CUSTOMER,HETALLS GLOBAL PRIVATE LIMITED,Individual,Consumer,CHINDI-COTTON-HW-39,4 X 6 FT,1,$165.75,HANDMADE CHINDI-COTTON-HW-39-4 X 6 FT,57050024,,,,,,,20-Aug-2026,21-Aug-2026,
,"UK VAT number, 370 6004 28, ",SET OF 10 PCS,RF-13506,ETSY-RUGSFOREVER,4147628605,Dianne Tingley,,18-Aug-2026,1, JUTE Sisal,8 X 24 Inch,No,18-Aug-2026,DISPATCHED,,22-Aug-2026,NR-1112,Dispatch,,Dianne Tingley,19 Prospect Place Maidstone,,"Maidstone,","Maidstone,",ME16 8EG,United Kingdom,07908016822,dianetingley@hotmail.com,CUSTOMER,HETALLS GLOBAL PRIVATE LIMITED,Individual,Consumer, JUTE Sisal-NR-1112,8 X 24 Inch,1,$124.80,HANDMADE  JUTE Sisal-NR-1112-8 X 24 Inch,FALSE,,,,,,,21-Aug-2026,22-Aug-2026,
,,,RF-13507,ETSY-RUGSFOREVER,4147725993,john lembo,,18-Aug-2026,1,JUTE DHURRIE,4 X 6 FT,No,22-Aug-2026,RECEIVED,,,NR-157,Dispatch,,john lembo,7906 Thor Dr,,CORPUS CHRISTI,TX,78414,United States,,johnlembo@hotmail.com,CUSTOMER,HETALLS GLOBAL PRIVATE LIMITED,Individual,Consumer,JUTE DHURRIE-NR-157,4 X 6 FT,1,$126.65,HANDMADE JUTE DHURRIE-NR-157-4 X 6 FT,57050039,,,,,,,24-Aug-2026,24-Aug-2026,
,,SET OF 20 PCS,RF-13508,ETSY-RUGSFOREVER,4147728401,Taylor June Harrington,,18-Aug-2026,1,JUTE DHURRIE,8 X 28 Inch,No,18-Aug-2026,LATE,,,NR-1100H,Dispatch,,Taylor June Harrington,1115 Greenleaf Ave,Unit B,Charlotte,NC,28202-1037,United States,973) 970-4361,taylorharrington116@gmail.com,CUSTOMER,HETALLS GLOBAL PRIVATE LIMITED,Individual,Consumer,JUTE DHURRIE-NR-1100H,8 X 28 Inch,1,$238.53,HANDMADE JUTE DHURRIE-NR-1100H-8 X 28 Inch,57050039,,,,25-08  1 pcs bhejega nikal dega,,,,,
,,,RF-13509,ETSY-RUGSFOREVER,4147809801,Jeremiah Hale,,18-Aug-2026,1,JUTE DHURRIE,8 X 8 FT,No,24-Aug-2026,RECEIVED,,,NR-1008,Dispatch,,Jeremiah Hale,2840 N Susan Carol Ln,,Fayetteville,AR, 72703-3950,United States,(479) 236-2315,miahman23@gmail.com,CUSTOMER,HETALLS GLOBAL PRIVATE LIMITED,Individual,Consumer,JUTE DHURRIE-NR-1008,8 X 8 FT,1,$381.66,HANDMADE JUTE DHURRIE-NR-1008-8 X 8 FT,57050039,,,,,,,21-Aug-2026,24-Aug-2026,
,,,RF-13510,ETSY-CASAVANI,4147725443,"
shaden hs",,18-Aug-2026,1,COTTON DHURRIE,3 X 5 FT,Yes,19-Aug-2026,DISPATCHED,,21-Aug-2026,HP-211,Dispatch,,Shaden sowan,610-399 Elizabeth St,610,Burlington,ON,L7R 0A4,Canada,5145460209,shadensowan@gmail.com,CUSTOMER,HETALLS GLOBAL PRIVATE LIMITED,Individual,Consumer,COTTON DHURRIE-HP-211,3 X 5 FT,1,$64.35,HANDMADE COTTON DHURRIE-HP-211-3 X 5 FT,57050024,,,,,,,,21-Aug-2026,
,,,RF-13511,ETSY-CASAVANI,4147921740,"
	
Dennis Ostuni",,18-Aug-2026,2,COTTON DHURRIE,2 X 6 FT,No,20-Aug-2026,RECEIVED,,,STK-26N,Dispatch,,Kevin Eosco,9 Market Pl,Suite 960,South Dennis,MA,2660,United States,,chriseosco@gmail.com,CUSTOMER,HETALLS GLOBAL PRIVATE LIMITED,Individual,Consumer,COTTON DHURRIE-STK-26N,2 X 6 FT,2,$132.60,HANDMADE COTTON DHURRIE-STK-26N-2 X 6 FT,57050024,,,,,,,,24-Aug-2026,
,,,RF-13512,ETSY-CASAVANI,4147953923,"
	
Lori",,18-Aug-2026,1,COTTON DHURRIE,2 X 14 FT,No,20-Aug-2026,RECEIVED,,,STK-82R,Dispatch,,Lori Reading,7820 W Apache Way,,Boise,ID,83714,United States,(208) 371-7659,lori@itbpromos.com,CUSTOMER,HETALLS GLOBAL PRIVATE LIMITED,Individual,Consumer,COTTON DHURRIE-STK-82R,2 X 14 FT,1,$144.00,HANDMADE COTTON DHURRIE-STK-82R-2 X 14 FT,57050024,,,,,,,,24-Aug-2026,
,,,RF-13513,ETSY-CASAVANI,4148113830,"
        
	
Pony Press and Friends",,18-Aug-2026,1,COTTON DHURRIE,2.5 X 8.75 FT,No,20-Aug-2026,RECEIVED,,,STK-26B,Dispatch,,Audrey Schalhoub,41-16 47th Ave,Apt 3D,Queens,NY,11104,United States,,ponypressandfriends@gmail.com,CUSTOMER,HETALLS GLOBAL PRIVATE LIMITED,Individual,Consumer,COTTON DHURRIE-STK-26B,2.5 X 8.75 FT,1,$132.34,HANDMADE COTTON DHURRIE-STK-26B-2.5 X 8.75 FT,57050024,,,,,,,,24-Aug-2026,
,,,RF-13514,ETSY-CASAVANI,4148194619,Karin S McGillivray,,18-Aug-2026,1,COTTON DHURRIE,3 X 12 FT,Yes,20-Aug-2026,LATE,,,STK-26B,Dispatch,,Karin S McGillivray,8461 Longhorn St,,Anchorage,AK,99507-6306,United States,(907) 301-1702,kslittle@hotmail.com,CUSTOMER,HETALLS GLOBAL PRIVATE LIMITED,Individual,Consumer,COTTON DHURRIE-STK-26B,3 X 12 FT,1,$172.90,HANDMADE COTTON DHURRIE-STK-26B-3 X 12 FT,57050024,,,,,,,,,
,TOP URGENT,TOP URGENT,RF-13515,AMAZON,701-4471016-0485014,Justin K Shantz,,18-Aug-2026,1,JUTE DHURRIE,3 X 3 FT,No,21-Aug-2026,DISPATCHED,,21-Aug-2026,NR-99,Dispatch,,Justin K Shantz,3544 Broadway St.,,Hawkesville,Ontario,N0B 1X0,Canada,15195720210,,CUSTOMER,HETALLS GLOBAL PRIVATE LIMITED,Individual,Consumer,JUTE DHURRIE-NR-99,3 X 3 FT,1,$87.20,HANDMADE JUTE DHURRIE-NR-99-3 X 3 FT,57050039,,,,,,,20-Aug-2026,21-Aug-2026,
,TOP URGENT,TOP URGENT,RF-13516,AMAZON,114-8265434-3733864,Fernanda Puga,,18-Aug-2026,1,COTTON DHURRIE,3 X 5 FT,Yes,22-Aug-2026,RECEIVED,,,HGD-110,Dispatch,,Julia Soler,505 NW 13TH ST  1402,,GAINESVILLE,FL,32601-4908,United States,347-448-3190 ext. 03680,,CUSTOMER,HETALLS GLOBAL PRIVATE LIMITED,Individual,Consumer,COTTON DHURRIE-HGD-110,3 X 5 FT,1,$84.93,HANDMADE COTTON DHURRIE-HGD-110-3 X 5 FT,57050024,,,,,,,,24-Aug-2026,
,TOP URGENT,TOP URGENT,RF-13517,AMAZON,113-5431654-0487466,melea nicks,,18-Aug-2026,1,COTTON DHURRIE,2.6 X 4 FT,Yes,21-Aug-2026,DISPATCHED,,22-Aug-2026,MR-13,Dispatch,,Melea Markell,2610 FOREST DR,,WINSTON SALEM,NC,27104-2032,United States,213-442-1463 ext. 43478,,CUSTOMER,HETALLS GLOBAL PRIVATE LIMITED,Individual,Consumer,COTTON DHURRIE-MR-13,2.6 X 4 FT,1,$85.60,HANDMADE COTTON DHURRIE-MR-13-2.6 X 4 FT,57050024,,,,,,,,22-Aug-2026,
,TOP URGENT,TOP URGENT,RF-13518,AMAZON,114-4812677-0268218,Gloria,,18-Aug-2026,1,JUTE DHURRIE,4 X 7 FT,No,21-Aug-2026,LATE,,,NR-30,Dispatch,,Gloria Korpus,290 E PEARL ST,,PLYMOUTH,MI,48170-1432,United States,415-419-8616 ext. 91188,,CUSTOMER,HETALLS GLOBAL PRIVATE LIMITED,Individual,Consumer,JUTE DHURRIE-NR-30,4 X 7 FT,1,$152.64,HANDMADE JUTE DHURRIE-NR-30-4 X 7 FT,57050039,,,,,,,20-Aug-2026,,
,TOP URGENT,TOP URGENT,RF-13519,AMAZON,114-1938938-5985842,Jamie Barrette,,18-Aug-2026,1,COTTON DHURRIE,2 X 3 FT,Yes,21-Aug-2026,LATE,,,HGD-110,Dispatch,,Michelle Woods,4309 EQUESTRIAN WAY,,FLOWER MOUND,TX,75028-8746,United States,346-307-9643 ext. 56212,,CUSTOMER,HETALLS GLOBAL PRIVATE LIMITED,Individual,Consumer,COTTON DHURRIE-HGD_110,2 X 3 FT,1,$69.28,HANDMADE COTTON DHURRIE-HGD-110-2 X 3 FT,57050024,,,,,,,,,
,TOP URGENT,TOP URGENT,RF-13520,AMAZON,111-0419796-2764253,Chrishana H. Dameron,,18-Aug-2026,1,WOOL JUTE,3 X 5 FT,Yes,19-Aug-2026,LATE,,,WJRH-15,Dispatch,,Chrishana H. Mangram,4 BIGGS CT,,GOLDSBORO,NC,27534-5643,United States,480-618-5344 ext. 18542,,CUSTOMER,HETALLS GLOBAL PRIVATE LIMITED,Individual,Consumer,WOOL JUTE-WJRH-15,3 X 5 FT,1,$107.55,HANDMADE WOOL JUTE-WJRH-15-3 X 5 FT,57050039,,,,,,,,,
,TOP URGENT,TOP URGENT,RF-13521,AMAZON,111-7051270-1730667,Jessica,,18-Aug-2026,1,COTTON DHURRIE,3 X 5 FT,Yes,19-Aug-2026,RECEIVED,,,JHGD-02A,Dispatch,,Jessica Dosch,325 NW 18TH AVE APT 501 DOOR,CODE 2234 6257,PORTLAND,OR,97209-2126,United States,1 480-618-5344 ext. 21717,,CUSTOMER,HETALLS GLOBAL PRIVATE LIMITED,Individual,Consumer,COTTON DHURRIE-JHGD-02A,3 X 5 FT,1,$79.00,HANDMADE COTTON DHURRIE-JHGD-02A-3 X 5 FT,57050024,,,,,,,,24-Aug-2026,
,TOP URGENT,TOP URGENT,RF-13522,AMAZON,304-0839971-2820332,Anna Rezlaw,,18-Aug-2026,1,JUTE DHURRIE,2.6 X 16 FT,No,19-Aug-2026,DISPATCHED,,22-Aug-2026,NR-56A,Dispatch,,Anna Rezlaw,Lessingstraße 5,,Bad Salzuflen,,32105,Germany,4917625391307,,CUSTOMER,HETALLS GLOBAL PRIVATE LIMITED,Individual,Consumer,JUTE DHURRIE-NR-56A,2.6 X 16 FT,1,$356.41,HANDMADE JUTE DHURRIE-NR-56A-2.6 X 16 FT,57050039,,,,,,,21-Aug-2026,22-Aug-2026,
,,,RF-13523,ETSY-CASAVANI,4147967577,"
Lori",,18-Aug-2026,1,COTTON DHURRIE,2 X 14 FT,No,19-Aug-2026,CANCELLED,Cancel ,,STK-82R,Dispatch,,Lori Reading,7820 W Apache Way,,Boise,ID,83714,United States,(208) 371-7659,lori@itbpromos.com,CUSTOMER,HETALLS GLOBAL PRIVATE LIMITED,Individual,Consumer,COTTON DHURRIE-STK-82R,2 X 14 FT,1,$144.00,HANDMADE COTTON DHURRIE-STK-82R-2 X 14 FT,57050024,,,,,,,,,
,,,RF-13524,ETSY-CASAVANI,4148227889,"
	
Alex",,18-Aug-2026,2,COTTON DHURRIE,3 X 5 FT,Yes,20-Aug-2026,LATE,,,MR-143,Dispatch,,Alexandria Armstrong,1636 38 Ave SW,,Calgary,AB,T2T 7B7,Canada,,alexandria.e.armstrong@gmail.com,CUSTOMER,HETALLS GLOBAL PRIVATE LIMITED,Individual,Consumer,COTTON DHURRIE-MR-143,3 X 5 FT,2,$123.50,HANDMADE COTTON DHURRIE-MR-143-3 X 5 FT,57050024,,,,,,,,,
,,,RF-13525,ETSY-CASAVANI,4148397836,"
        
	
KERSTIN WEBER",,18-Aug-2026,1,COTTON DHURRIE,2 X 24 FT,No,20-Aug-2026,LATE,,,MR-08,Dispatch,,KERSTIN WEBER,Mörikeweg 73,,Stein,,90547,Germany,491638845776,kerstinweber88@gmail.com,CUSTOMER,HETALLS GLOBAL PRIVATE LIMITED,Individual,Consumer,COTTON DHURRIE-MR-08,2 X 24 FT,1,$202.80,HANDMADE COTTON DHURRIE-MR-08-2 X 24 FT,57050024,,,,,,,,,
,,,RF-13526,ETSY-CASAVANI,4148804693,"
        
        
	
Hannah Cline",,19-Aug-2026,1,COTTON DHURRIE,2.5 X 8.75 FT,No,21-Aug-2026,RECEIVED,,,STK-26B,Dispatch,,Hannah Cline,5603 Fairview Dr,,Park City,UT,84098,United States,7138546158,hannah51890@yahoo.com,CUSTOMER,HETALLS GLOBAL PRIVATE LIMITED,Individual,Consumer,COTTON DHURRIE-STK-26B,2.5 X 8.75 FT,1,$132.55,HANDMADE COTTON DHURRIE-STK-26B-2.5 X 8.75 FT,57050024,,,,,,,,24-Aug-2026,
,,,RF-13527,ETSY-CASAVANI,4148901481,Suzanne Beecher,,19-Aug-2026,1,COTTON DHURRIE,2 X 10 FT,No,21-Aug-2026,RECEIVED,,,JHGD-02HR,Dispatch,,Suzanne Beecher,1002 S Orange Ave,,Sarasota,FL,34236-8427,United States,9414000680,beecher.suzanne@gmail.com,CUSTOMER,HETALLS GLOBAL PRIVATE LIMITED,Individual,Consumer,COTTON DHURRIE-JHGD-02HR,2 X 10 FT,1,$111.98,HANDMADE COTTON DHURRIE-JHGD-02HR-2 X 10 FT,57050024,,,,,,,,24-Aug-2026,
,,,RF-13528,ETSY-CASAVANI,4148968192,Renz Layug,,19-Aug-2026,1,COTTON DHURRIE,4 X 8 FT,Yes,21-Aug-2026,RECEIVED,,,STK-26B,Dispatch,,Renz Layug,5513 Heron Ave,,Las Vegas,NV,89107,United States,702) 793-0022,renzlayug@yahoo.com,CUSTOMER,HETALLS GLOBAL PRIVATE LIMITED,Individual,Consumer,COTTON DHURRIE-STK-26B,4 X 8 FT,1,$166.95,HANDMADE COTTON DHURRIE-STK-26B-4 X 8 FT,57050024,,,,,,,,24-Aug-2026,
,,"VAT number, 370 6004 28,",RF-13529,ETSY-RUGSFOREVER,4148519596,Natalie Wall,,19-Aug-2026,1,WOOL JUTE,4 X 6 FT,Yes,19-Aug-2026,LATE,,,WJRH-22,Dispatch,,Natalie Wall,Devonshire House,Surrey Street,Glossop, DERBYSHIRE,SK13 7AJ,United Kingdom,,nataliewall26@googlemail.com,CUSTOMER,HETALLS GLOBAL PRIVATE LIMITED,Individual,Consumer,WOOL JUTE-WJRH-22,4 X 6 FT,1,$202.80,HANDMADE WOOL JUTE-WJRH-22-4 X 6 FT,57050039,,,,,,,,,
,,,RF-13530,ETSY-RUGSFOREVER,4148645085,"
Alessandro De Chellis",,19-Aug-2026,1,WOOL JUTE,4 X 6 FT,Yes,19-Aug-2026,LATE,,,WJRH-42,Dispatch,,Alessandro De Chellis,"Via Rustico, 70/A",,Polverigi AN,Polverigi AN,60020,Italy,3925374536,alessandrodechellis79@gmail.com,CUSTOMER,HETALLS GLOBAL PRIVATE LIMITED,Individual,Consumer,WOOL JUTE-WJRH-42,4 X 6 FT,1,$169.00,HANDMADE WOOL JUTE-WJRH-42-4 X 6 FT,57050039,,,,,,,,,
,TOP URGENT,TOP URGENT,RF-13531,AMAZON,112-3039827-8372253,Emily,,19-Aug-2026,1,JUTE DHURRIE,5 X 8 FT,No,25-Aug-2026,RECEIVED,,,NR-99,Dispatch,,Emily,2201 JENNISON CIR,,ANCHORAGE,AK,99508-3782,United States,314-282-9402 ext. 37655,,CUSTOMER,HETALLS GLOBAL PRIVATE LIMITED,Individual,Consumer,JUTE DHURRIE-NR-99,5 X 8 FT,1,$197.00,HANDMADE JUTE DHURRIE-NR-99-5 X 8 FT,57050039,,,,,,,21-Aug-2026,24-Aug-2026,
,TOP URGENT,TOP URGENT,RF-13532,AMAZON,113-9553898-0236242,Carlos Solórzano,,19-Aug-2026,1,COTTON DHURRIE,2 X 6 FT,Yes,22-Aug-2026,LATE,,,HP-103,Dispatch,,GT Pacifiko / MIA2POPoliza 22,7830 NW 71 ST,"Miami, FL, 33195",MIAMI,FL,33195,United States,213-442-1463 ext. 01322,,CUSTOMER,HETALLS GLOBAL PRIVATE LIMITED,Individual,Consumer,COTTON DHURRIE-HP-103,2 X 6 FT,1,$77.00,HANDMADE COTTON DHURRIE-HP-103-2 X 6 FT,57050024,,,,,,,,,
,TOP URGENT,TOP URGENT,RF-13533,AMAZON,113-4184849-3025002,Pryor Graeber,,19-Aug-2026,1,WOOL JUTE,8 X 10 FT,Yes,27-Aug-2026,PROCESSING,,,WJRH-07F,Dispatch,,Mrs. Robert Lampton,2471 EASTOVER DR,,JACKSON,MS,39211-6727,United States,619-854-2705 ext. 11969,,CUSTOMER,HETALLS GLOBAL PRIVATE LIMITED,Individual,Consumer,WOOL JUTE-WJRH-07F,8 X 10 FT,1,$706.20,HANDMADE WOOL JUTE-WJRH-07F-8 X 10 FT,57050039,,,,,,,,,
,TOP URGENT,TOP URGENT,RF-13534,AMAZON,701-0281235-5544275,Megan Pelletier,,19-Aug-2026,1,JUTE DHURRIE,3 X 3 FT,No,24-Aug-2026,DISPATCHED,,22-Aug-2026,VI-64,Dispatch,,Megan Pelletier,147 Chemin Braun,,Luskville,Quebec,J0X 2G0,Canada,613-552-2411,,CUSTOMER,HETALLS GLOBAL PRIVATE LIMITED,Individual,Consumer,JUTE DHURRIE-VI-64,3 X 3 FT,1,$87.16,HANDMADE JUTE DHURRIE-VI-64-3 X 3 FT,57050039,,,,,,,21-Aug-2026,22-Aug-2026,
,TOP URGENT,TOP URGENT,RF-13535,AMAZON,111-7805963-1225069,Aleksandar Dzaferagic,,19-Aug-2026,2,COTTON DHURRIE,2.6 X 10 FT,No,22-Aug-2026,RECEIVED,,,HP-158,Dispatch,,Aleksandar Dzaferagic,1473 S STAIRCASE WAY,,WASHINGTON,UT,84780-8647,United States,207-835-4259 ext. 49903,,CUSTOMER,HETALLS GLOBAL PRIVATE LIMITED,Individual,Consumer,COTTON DHURRIE-HP-158,2.6 X 10 FT,2,$360.82,HANDMADE COTTON DHURRIE-HP-158-2.6 X 10 FT,57050024,,,,,,,,24-Aug-2026,
,TOP URGENT,TOP URGENT,RF-13536,AMAZON,111-3272485-8859458,Karrie A Hewitt,,19-Aug-2026,1,COTTON DHURRIE,2 X 6 FT,Yes,22-Aug-2026,RECEIVED,,,JHGD-02A,Dispatch,,Karrie Hewitt,4326 N NEWHALL ST,,MILWAUKEE,WI,53211-1523,United States,210-728-4548 ext. 78822,,CUSTOMER,HETALLS GLOBAL PRIVATE LIMITED,Individual,Consumer,COTTON DHURRIE-JHGD-02A,2 X 6 FT,1,$62.48,HANDMADE COTTON DHURRIE-JHGD-02A-2 X 6 FT,57050024,,,,,,,,24-Aug-2026,
,TOP URGENT,TOP URGENT,RF-13537,AMAZON,112-8342127-7673013,Tom J Simon Jr,,19-Aug-2026,1,JUTE DHURRIE,3 X 5 FT,No,22-Aug-2026,LATE,,,NR-185D,Dispatch,,Tom Simon,53 WILLOW BAY DR,,PONTE VEDRA,FL,32081-0616,United States,412-532-4665 ext. 76135,,CUSTOMER,HETALLS GLOBAL PRIVATE LIMITED,Individual,Consumer,JUTE DHURRIE-NR-185D,3 X 5 FT,1,$190.64,HANDMADE JUTE DHURRIE-NR-185D-3 X 5 FT,57050039,,,,,,,24-Aug-2026,,
,TOP URGENT,TOP URGENT,RF-13538,AMAZON,111-9185334-9634625,Cydney,,19-Aug-2026,1,COTTON DHURRIE,2.6 X 10 FT,Yes,20-Aug-2026,LATE,,,HGD-161,Dispatch,,Cydney Mains,181 S RIVERHEATH WAY APT 105,,APPLETON,WI,54915-8403,United States,213-442-1463 ext. 86165,,CUSTOMER,HETALLS GLOBAL PRIVATE LIMITED,Individual,Consumer,COTTON DHURRIE-HGD-161,2.6 X 10 FT,1,$135.00,HANDMADE COTTON DHURRIE-HGD-161-2.6 X 10 FT,57050024,,,,,,,,,
,TOP URGENT,TOP URGENT,RF-13539,AMAZON,113-0770926-2837006,Yvette D Coomes,,19-Aug-2026,1,JUTE DHURRIE,2.6 X 4 FT SCALLOPED ,No,22-Aug-2026,RECEIVED,,,NR-30,Dispatch,,Yvette D Coomes,111 E LEIGHTON ST,,FRONTENAC,KS,66763-2421,United States,314-282-9402 ext. 01149,,CUSTOMER,HETALLS GLOBAL PRIVATE LIMITED,Individual,Consumer,JUTE DHURRIE-NR-30,2.6 X 4 FT SCALLOPED ,1,$70.08,HANDMADE JUTE DHURRIE-NR-30-2.6 X 4 FT SCALLOPED ,57050039,,,,,,,24-Aug-2026,24-Aug-2026,
,TOP URGENT,TOP URGENT,RF-13540,AMAZON,111-5712496-2358627,melissa,,19-Aug-2026,1,JUTE DHURRIE,2.6 X 4 FT SCALLOPED ,No,22-Aug-2026,RECEIVED,,,NR-30,Dispatch,,Melissa hosack,6587 Southeast 1st Loop,,Ocala,FL,34472,United States,412-532-4665 ext. 31413,,CUSTOMER,HETALLS GLOBAL PRIVATE LIMITED,Individual,Consumer,JUTE DHURRIE-NR-30,2.6 X 4 FT SCALLOPED ,1,$64.00,HANDMADE JUTE DHURRIE-NR-30-2.6 X 4 FT SCALLOPED ,57050039,,,,,,,24-Aug-2026,24-Aug-2026,
,TOP URGENT,TOP URGENT,RF-13541,AMAZON,503-4291967-2383800,Pia Bourk,,19-Aug-2026,1,JUTE DHURRIE,2.5 X 18 FT RUNNER,No,25-Aug-2026,RECEIVED,,,NR-99,Dispatch,,Pia Bourk,165 McEvoy st,Unit 317,ALEXANDRIA,NSW,2015,Australia,426254532,,CUSTOMER,HETALLS GLOBAL PRIVATE LIMITED,Individual,Consumer,JUTE DHURRIE-NR-99,2.5 X 18 FT RUNNER,1,$204.41,HANDMADE JUTE DHURRIE-NR-99-2.5 X 18 FT RUNNER,57050039,,,,,,,21-Aug-2026,24-Aug-2026,
,,,RF-13542,ETSY-CASAVANI,4149189855,"
Ueli Benjamin Schnyder",,19-Aug-2026,1,COTTON DHURRIE,6 X 8 FT,No,21-Aug-2026,LATE,,,STK-76,Dispatch,,Benjamin Schnyder,Langstr. 44A,,Mannheim,,68169,Germany,49 1577 4606594,ueli.schnyder@googlemail.com,CUSTOMER,HETALLS GLOBAL PRIVATE LIMITED,Individual,Consumer,COTTON DHURRIE-STK-76,6 X 8 FT,1,$201.50,HANDMADE COTTON DHURRIE-STK-76-6 X 8 FT,57050024,,,,,,,,,
,,,RF-13543,ETSY-CASAVANI,4149796893,nancy hulme,,20-Aug-2026,1,COTTON DHURRIE,2.5 X 14 FT ,Yes,22-Aug-2026,LATE,,,STK-82R,Dispatch,,nancy hulme,16 grove st.,,framingham,MA,1701,United States,5083800525,Katamabluemv@gmail.com,CUSTOMER,HETALLS GLOBAL PRIVATE LIMITED,Individual,Consumer,COTTON DHURRIE-STK-82R,2.5 X 14 FT ,1,$186.47,HANDMADE COTTON DHURRIE-STK-82R-2.5 X 14 FT ,57050024,,,,,,,,,
,TOP URGENT,TOP URGENT,RF-13544,AMAZON,112-9350600-8978601,Maria C Rodriguez,,20-Aug-2026,2,WOOL JUTE,2.6 X 14 FT,Yes,5-Sep-2026,PROCESSING,,,HW-61,Dispatch,,Micaela C Diaz,1700 S BAYSHORE LN APT 5A,,MIAMI,FL,33133-4041,United States,415-851-9136 ext. 40170,,CUSTOMER,HETALLS GLOBAL PRIVATE LIMITED,Individual,Consumer,JUTE DHURRIE-HW-61,2.6 X 14 FT,2,$577.80,HANDMADE WOOL JUTE-HW-61-2.6 X 14 FT,57050039,,,,,,,,,
,TOP URGENT,TOP URGENT,RF-13545,AMAZON,112-9578567-8145015,Belinda Botha,,20-Aug-2026,1,COTTON DHURRIE,4 X 6 FT,Yes,21-Aug-2026,LATE,,,HGD-110,Dispatch,,Belinda Field,237 E 2ND ST APT 5A,,NEW YORK,NY,10009-8804,United States,480-618-5344 ext. 91651,,CUSTOMER,HETALLS GLOBAL PRIVATE LIMITED,Individual,Consumer,COTTON DHURRIE-HGD-110,4 X 6 FT,1,$135.01,HANDMADE COTTON DHURRIE-HGD-110-4 X 6 FT,57050024,,,,,,,,,
,TOP URGENT,TOP URGENT,RF-13546,AMAZON,113-1181195-0872248,Will Sherrod,,20-Aug-2026,1,COTTON DHURRIE,6 X 8 FT,Yes,24-Aug-2026,PROCESSING,,,STK-47,Dispatch,,Charlotte Sherrod,211 SEVERIN ST,,CHAPEL HILL,NC,27516-1511,United States,619-854-2705 ext. 95652,,CUSTOMER,HETALLS GLOBAL PRIVATE LIMITED,Individual,Consumer,COTTON DHURRIE-STK-47,6 X 8 FT,1,$266.60,HANDMADE COTTON DHURRIE-STK-47-6 X 8 FT,57050024,,,,,,,,,
Buyer National Id: MAFJ981112MJCRNS08,TOP URGENT,TOP URGENT,RF-13547,AMAZON,702-2421375-2234651,Maria Jose Martinez Fenelon,,20-Aug-2026,1,COTTON DHURRIE,10 X 10 FT,Yes,24-Aug-2026,PROCESSING,,,HGD-N-138,Dispatch,,Maria Jose Martinez Fenelon AIKARI,Avenida Providencia 2827,PROVIDENCIA 4A SECC,GUADALAJARA,JALISCO,44639,Mexico,52 3313815640,,CUSTOMER,HETALLS GLOBAL PRIVATE LIMITED,Individual,Consumer,COTTON DHURRIE-HGD-N-138,10 X 10 FT,1,$637.40,HANDMADE COTTON DHURRIE-HGD-N-138-10 X 10 FT,57050024,,,,,,,,,
,TOP URGENT,TOP URGENT,RF-13548,AMAZON,111-2631523-3356213,april rabb,,20-Aug-2026,1,WOOL JUTE,5 X 10 FT,Yes,28-Aug-2026,PROCESSING,,,WJRH-12F,Dispatch,,Paige at Prophetic,1430 SE 3RD AVE STE 350,,PORTLAND,OR,97214-3380,United States,210-728-4548 ext. 22681,,CUSTOMER,HETALLS GLOBAL PRIVATE LIMITED,Individual,Consumer,WOOL JUTE-WJRH-12F,5 X 10 FT,1,$449.00,HANDMADE WOOL JUTE-WJRH-12F-5 X 10 FT,57050039,,,,,,,,,
,TOP URGENT,TOP URGENT,RF-13549,AMAZON,113-0474670-1080255,Paula Klaas,,20-Aug-2026,1,WOOL JUTE,2.5 X 4 FT ,Yes,28-Aug-2026,PROCESSING,,,WJRH-05F,Dispatch,,Paula Klaas,10250 County Road 3050,,Rolla,Missouri,65401,United States,763-225-9463 ext. 32802,,CUSTOMER,HETALLS GLOBAL PRIVATE LIMITED,Individual,Consumer,WOOL JUTE-WJRH-05F,2.5 X 4 FT ,1,$119.00,HANDMADE WOOL JUTE-WJRH-05F-2.5 X 4 FT ,57050039,,,,,,,,,
,TOP URGENT,TOP URGENT,RF-13550,AMAZON,112-3940177-5851414,isabella,,20-Aug-2026,1,COTTON DHURRIE,2.6 X 8 FT,Yes,24-Aug-2026,PROCESSING,,,HGD-161,Dispatch,,Patricia Prosen,5601 N SHERIDAN RD APT 11A,,CHICAGO,IL,60660-4885,United States,412-532-4665 ext. 15852,,CUSTOMER,HETALLS GLOBAL PRIVATE LIMITED,Individual,Consumer,COTTON DHURRIE-HGD-161,2.6 X 8 FT,1,$106.08,HANDMADE COTTON DHURRIE-HGD-161-2.6 X 8 FT,57050024,,,,,,,,,
,TOP URGENT,TOP URGENT,RF-13551,AMAZON,113-6129229-8537032,Alison Wilson,,20-Aug-2026,1,JUTE DHURRIE,7 X 10 FT,No,24-Aug-2026,PROCESSING,,,NR-129,Dispatch,,Alison Wilson,8405 W OLIVE AVE UNIT 1307,,PEORIA,AZ,85345-7283,United States,415-419-8616 ext. 97401,,CUSTOMER,HETALLS GLOBAL PRIVATE LIMITED,Individual,Consumer,JUTE DHURRIE-NR-129,7 X 10 FT,1,$393.48,HANDMADE JUTE DHURRIE-NR-129-7 X 10 FT,57050039,,,,,,,24-Aug-2026,,
,TOP URGENT,TOP URGENT,RF-13552,AMAZON,113-7934107-3917057,Aaron Varnell,,20-Aug-2026,1,JUTE DHURRIE,3 X 20 FT,No,24-Aug-2026,PROCESSING,,,NR-129,Dispatch,,Aaron Varnell,528 N OVERLAND TRL,,FORT COLLINS,CO,80521-1424,United States,763-225-9463 ext. 90283,,CUSTOMER,HETALLS GLOBAL PRIVATE LIMITED,Individual,Consumer,JUTE DHURRIE-NR-129,3 X 20 FT,1,$292.10,HANDMADE JUTE DHURRIE-NR-129-3 X 20 FT,57050039,,,,,,,24-Aug-2026,,
,TOP URGENT,TOP URGENT,RF-13553,AMAZON,113-5985132-6990659,Jonathan Crumes,,20-Aug-2026,1,COTTON DHURRIE,4 X 12 FT,Yes,24-Aug-2026,PROCESSING,,,HGD-119,Dispatch,,Jonathan Crumes,389 PLANO RD APT 1617,,BOWLING GREEN,KY,42104-7899,United States,763-225-9463 ext. 93179,,CUSTOMER,HETALLS GLOBAL PRIVATE LIMITED,Individual,Consumer,COTTON DHURRIE-HGD-119,4 X 12 FT,1,$248.00,HANDMADE COTTON DHURRIE-HGD-119-4 X 12 FT,57050024,,,,,,,,,
,TOP URGENT,TOP URGENT,RF-13554,AMAZON,112-6859600-1832235,Lily Peavy,,20-Aug-2026,1,COTTON DHURRIE,2.6 X 4 FT,Yes,25-Aug-2026,PROCESSING,,,HGD-161B,Dispatch,,Luke Ellison,660 11TH ST NW APT 1501,,ATLANTA,GA,30318-6885,United States,213-442-1463 ext. 37244,,CUSTOMER,HETALLS GLOBAL PRIVATE LIMITED,Individual,Consumer,COTTON DHURRIE-HGD-161B,2.6 X 4 FT,1,$64.00,HANDMADE COTTON DHURRIE-HGD-161B-2.6 X 4 FT,57050024,,,,,,,,,
,TOP URGENT,TOP URGENT,RF-13555,AMAZON,202-4148741-2169166,Jennifer Tai,,20-Aug-2026,1,WOOL JUTE,2 X 8 FT,Yes,1-Sep-2026,PROCESSING,,,WJRH-15,Dispatch,,Jennifer Tai,24,FRISTON STREET,LONDON,,SW6 3AT,United Kingdom,447850637079,,CUSTOMER,HETALLS GLOBAL PRIVATE LIMITED,Individual,Consumer,WOOL JUTE-WJRH-15,2 X 8 FT,1,$126.58,HANDMADE WOOL JUTE-WJRH-15-2 X 8 FT,57050039,,,,,,,,,
,,,RF-13556-1/2,ETSY-RUGSFOREVER,4149813768,Kath Melbourne,,20-Aug-2026,1,WOOL JUTE,2 X 4 FT,No,28-Aug-2026,PROCESSING,,,WJRH-26,Dispatch,,Kath Melbourne,1133 River Rd W,,Fort Frances,Ontario,P9A2V3,Canada,,kathmelbourne@gmail.com,CUSTOMER,HETALLS GLOBAL PRIVATE LIMITED,Individual,Consumer,WOOL JUTE-WJRH-26,2 X 4 FT,1,$189.19,HANDMADE WOOL JUTE-WJRH-26-2 X 4 FT,57050039,,,,,,,,,
,,,RF-13556-2/2,ETSY-RUGSFOREVER,4149813768,Kath Melbourne,,20-Aug-2026,1,WOOL JUTE,2 X 20 FT,No,28-Aug-2026,PROCESSING,,,WJRH-26,Dispatch,,Kath Melbourne,1133 River Rd W,,Fort Frances,Ontario,P9A2V3,Canada,,kathmelbourne@gmail.com,CUSTOMER,HETALLS GLOBAL PRIVATE LIMITED,Individual,Consumer,WOOL JUTE-WJRH-26,2 X 20 FT,1,$189.19,HANDMADE WOOL JUTE-WJRH-26-2 X 20 FT,57050039,,,,,,,,,
,,,RF-13557,ETSY-RUGSFOREVER,4149420448,Barbara Schmitt,,20-Aug-2026,1,CHINDI COTTON-JUTE,3 X 15 FT,No,24-Aug-2026,PROCESSING,,,NR-72R,Dispatch,,Barbara Schmitt,Am Bahndamm 9,,Bahndamm 9,Bischofsheim,97653,Germany,,barbara.schmitt.08@gmail.com,CUSTOMER,HETALLS GLOBAL PRIVATE LIMITED,Individual,Consumer,CHINDI COTTON-JUTE-NR-72R,3 X 15 FT,1,$217.75,HANDMADE CHINDI COTTON-JUTE-NR-72R-3 X 15 FT,57050039,,,,,,,,,
," IOSS number, IM3720000224",SET OF 6 PCS,RF-13558,ETSY-RUGSFOREVER,4149318933,MARGHERITA MONTI,,20-Aug-2026,1,JUTE DHURRIE,9 X 29 Inch,No,20-Aug-2026,LATE,,,NR-1101A,Dispatch,,MARGHERITA MONTI,Bastia Alta 8,,Montecchio,Maggiore VI,36075,Italy,393485102616,m.monti@studio-monti.com,CUSTOMER,HETALLS GLOBAL PRIVATE LIMITED,Individual,Consumer,JUTE DHURRIE-NR-1101A,9 X 29 Inch,1,$98.33,HANDMADE JUTE DHURRIE-NR-1101A-9 X 29 Inch,57050039,,,,,,,,,
,TOP URGENT,TOP URGENT,RF-13559,AMAZON,026-6865031-9250746,verna,,20-Aug-2026,1,JUTE DHURRIE,2.6 X 8 FT,No,25-Aug-2026,PROCESSING,,,NR-97,Dispatch,,verna stone,16 PICKWICK ROAD,,IPSWICH,,IP2 0JP,United Kingdom,441473719828,,CUSTOMER,HETALLS GLOBAL PRIVATE LIMITED,Individual,Consumer,JUTE DHURRIE-NR-97,2.6 X 8 FT,1,$103.79,HANDMADE JUTE DHURRIE-NR-97-2.6 X 8 FT,57050039,,,,,,,,,
,,,RF-13560,ETSY-CASAVANI,4150695862,"
Emily Loftin",,21-Aug-2026,1,COTTON DHURRIE,2 X 16 FT,Yes,24-Aug-2026,PROCESSING,,,STK-26B,Dispatch,,Emily Loftin,8306 McKee Rd.,,Rougemont,NC,27572-8309,United States,19197934717,eacurrier@gmail.com,CUSTOMER,HETALLS GLOBAL PRIVATE LIMITED,Individual,Consumer,COTTON DHURRIE-STK-26B,2 X 16 FT,1,$167.00,HANDMADE COTTON DHURRIE-STK-26B-2 X 16 FT,57050024,,,,,,,,,
,,,RF-13561-1/2,ETSY-CASAVANI,4150726626,"	
Daniel A Kocieniewski",,21-Aug-2026,2,COTTON DHURRIE,2 X 8 FT,Yes,24-Aug-2026,PROCESSING,,,MR-222,Dispatch,,Daniel A Kocieniewski,408 77th Street Apt.D-1,,Brooklyn,NY,11209,United States,,decayny96@icloud.com,CUSTOMER,HETALLS GLOBAL PRIVATE LIMITED,Individual,Consumer,COTTON DHURRIE-MR-222,2 X 8 FT,2,$167.74,HANDMADE COTTON DHURRIE-MR-222-2 X 8 FT,57050024,,,,,,,,,
,,,RF-13561-2/2,ETSY-CASAVANI,4150726626,"	
Daniel A Kocieniewski",,21-Aug-2026,1,COTTON DHURRIE,2 X 14 FT,Yes,24-Aug-2026,PROCESSING,,,MR-222,Dispatch,,Daniel A Kocieniewski,408 77th Street Apt.D-1,,Brooklyn,NY,11209,United States,,decayny96@icloud.com,CUSTOMER,HETALLS GLOBAL PRIVATE LIMITED,Individual,Consumer,COTTON DHURRIE-MR-222,2 X 14 FT,1,$167.00,HANDMADE COTTON DHURRIE-MR-222-2 X 14 FT,57050024,,,,,,,,,
,,,RF-13562,ETSY-CASAVANI,4151006124,"        
	
Breanna Davenport",,21-Aug-2026,1,COTTON DHURRIE,2 X 20 FT,Yes,24-Aug-2026,PROCESSING,,,HGD-129-LR,Dispatch,,Breanna Roberts,112 Hiram Lynds Road,,Central North River,NS,B6L 6K2,Canada,,breannadav@gmail.com,CUSTOMER,HETALLS GLOBAL PRIVATE LIMITED,Individual,Consumer,COTTON DHURRIE-HGD-129-LR,2 X 20 FT,1,$169.00,HANDMADE COTTON DHURRIE-HGD-129-LR-2 X 20 FT,57050024,,,,,,,,,
"Buyer cancellation
Cancellation reason: Reason left unspecified",TOP URGENT,TOP URGENT,RF-13563,AMAZON,111-5609814-4267417,andrea wallace,,21-Aug-2026,1,WOOL JUTE,3 X 3 FT,Yes,29-Aug-2026,CANCELLED,CANCELLED,,WJRH-12A,Dispatch,,andrea wallace,324 SIERRA VIS,,CARBONDALE,CO,81623-9797,United States,347-448-3190 ext. 81132,,CUSTOMER,HETALLS GLOBAL PRIVATE LIMITED,Individual,Consumer,WOOL JUTE-WJRH-12A,3 X 3 FT,1,$116.00,HANDMADE WOOL JUTE-WJRH-12A-3 X 3 FT,57050039,,,,,,,,,
Buyer National Id: BAGL510227SP0,TOP URGENT,TOP URGENT,RF-13564,AMAZON,701-5065203-6625018,Glen Bartosh,,21-Aug-2026,1,JUTE DHURRIE,8 X 10 FT,No,25-Aug-2026,PROCESSING,,,VI-51A,Dispatch,,Glen Bartosh,Rincon de Santa Maria #19,SAN MIGUEL DE ALLENDE CENTRO,SAN MIGUEL DE ALLENDE,GUANAJUATO,37700,Mexico,16158128420,,CUSTOMER,HETALLS GLOBAL PRIVATE LIMITED,Individual,Consumer,JUTE DHURRIE-VI-51A,8 X 10 FT,1,$540.82,HANDMADE JUTE DHURRIE-VI-51A-8 X 10 FT,57050039,,,,,,,,,
,TOP URGENT,TOP URGENT,RF-13565,AMAZON,112-5816304-4004226,Stacy Mulloy,,21-Aug-2026,1,COTTON DHURRIE,2.6 X 18 FT,No,25-Aug-2026,PROCESSING,,,STK-26O,Dispatch,,Stacy Mulloy,3102 COCHRANE ST,,DETROIT,MI,48216-1202,United States,929-436-4790 ext. 71616,,CUSTOMER,HETALLS GLOBAL PRIVATE LIMITED,Individual,Consumer,COTTON DHURRIE-STK-26O,2.6 X 18 FT,1,$299.00,HANDMADE COTTON DHURRIE-STK-26O-2.6 X 18 FT,57050024,,,,,,,,,
,TOP URGENT,TOP URGENT,RF-13566,AMAZON,111-0564689-1556243,ri,,21-Aug-2026,1,COTTON DHURRIE,2 X 3 FT,Yes,26-Aug-2026,PROCESSING,,,HGD-161B,Dispatch,,ri,803 GUTHRIE CIR,,MIDDLETOWN,DE,19709-9978,United States,210-728-4548 ext. 38703,,CUSTOMER,HETALLS GLOBAL PRIVATE LIMITED,Individual,Consumer,COTTON DHURRIE-HGD-161B,2 X 3 FT,1,$64.00,HANDMADE COTTON DHURRIE-HGD-161B-2 X 3 FT,57050024,,,,,,,,,
,TOP URGENT,TOP URGENT,RF-13567,AMAZON,114-0922317-4121058,Danielle Vandervort,,21-Aug-2026,1,COTTON DHURRIE,4 X 4 FT,Yes,25-Aug-2026,PROCESSING,,,HGD-129,Dispatch,,Danielle Scott,1023 raspberry street,,Elkins,Ar,72727,United States,207-835-4259 ext. 59923,,CUSTOMER,HETALLS GLOBAL PRIVATE LIMITED,Individual,Consumer,COTTON DHURRIE-HGD_129,4 X 4 FT,1,$97.24,HANDMADE COTTON DHURRIE-HGD-129-4 X 4 FT,57050024,,,,,,,,,
,TOP URGENT,TOP URGENT,RF-13568,AMAZON,114-6647687-9017045,angela breeden,,21-Aug-2026,1,WOOL JUTE,2 X 6 FT,Yes,29-Aug-2026,PROCESSING,,,WJRH-13,Dispatch,,Angela R Breeden,8112 NW 19TH ST,,OKLAHOMA CITY,OK,73127-1130,United States,412-532-4665 ext. 70962,,CUSTOMER,HETALLS GLOBAL PRIVATE LIMITED,Individual,Consumer,WOOL JUTE-WJRH-13,2 X 6 FT,1,$92.33,HANDMADE WOOL JUTE-WJRH-13-2 X 6 FT,57050039,,,,,,,,,
,TOP URGENT,TOP URGENT,RF-13569,AMAZON,112-6869715-8316222,Jared,,21-Aug-2026,1,COTTON DHURRIE,5 X 10 FT,No,25-Aug-2026,PROCESSING,,,STK-26B,Dispatch,,Michelle diblasio,658 COUNTY ROAD 565,,AUGUSTA,NJ,07822-2141,United States,862268300,,CUSTOMER,HETALLS GLOBAL PRIVATE LIMITED,Individual,Consumer,COTTON DHURRIE-STK-26B,5 X 10 FT,1,$298.56,HANDMADE COTTON DHURRIE-STK-26B-5 X 10 FT,57050024,,,,,,,,,
,TOP URGENT,TOP URGENT,RF-13570,AMAZON,114-6688034-9195429,Jose martinez,,21-Aug-2026,1,COTTON DHURRIE,2.6 X 22 FT,No,25-Aug-2026,PROCESSING,,,HP-259,Dispatch,,Jose martinez,4113 GALESBURY LN,,CHANTILLY,VA,20151-3414,United States,207-835-4259 ext. 23271,,CUSTOMER,HETALLS GLOBAL PRIVATE LIMITED,Individual,Consumer,COTTON DHURRIE-HP-259,2.6 X 22 FT,1,$394.32,HANDMADE COTTON DHURRIE-HP-259-2.6 X 22 FT,57050024,,,,,,,,,
,TOP URGENT,TOP URGENT,RF-13571,AMAZON,112-2698375-2365853,Amelia Brinly,,21-Aug-2026,1,COTTON DHURRIE,2.6 X 4 FT,Yes,26-Aug-2026,PROCESSING,,,HGD-161B,Dispatch,,Amelia Brinly,327 HALKET ST BSMT APT,,PITTSBURGH,PA,15213-3131,United States,763-225-9463 ext. 66149,,CUSTOMER,HETALLS GLOBAL PRIVATE LIMITED,Individual,Consumer,COTTON DHURRIE-HGD-161B,2.6 X 4 FT,1,$67.84,HANDMADE COTTON DHURRIE-HGD-161B-2.6 X 4 FT,57050024,,,,,,,,,
,TOP URGENT,TOP URGENT,RF-13572,AMAZON,111-8112102-2609014,Sommer Costabile,,21-Aug-2026,1,COTTON DHURRIE,5 X 7 FT,Yes,25-Aug-2026,PROCESSING,,,JHGD-02A,Dispatch,,Sommer Costabile,2628 18TH ST APT 2,,ASTORIA,NY,11102-3548,United States,480-618-5344 ext. 11617,,CUSTOMER,HETALLS GLOBAL PRIVATE LIMITED,Individual,Consumer,COTTON DHURRIE-JHGD-02A,5 X 7 FT,1,$200.33,HANDMADE COTTON DHURRIE-JHGD-02A-5 X 7 FT,57050024,,,,,,,,,
,TOP URGENT,TOP URGENT,RF-13573,AMAZON,113-9276104-6912262,Matthias Wilson,,21-Aug-2026,1,COTTON DHURRIE,5 X 7 FT,Yes,22-Aug-2026,LATE,,,HGD-161B,Dispatch,,Affiong Wilson,8827 N NORMANDALE ST,,FORT WORTH,TX,76116-4820,United States,210-728-4548 ext. 54993,,CUSTOMER,HETALLS GLOBAL PRIVATE LIMITED,Individual,Consumer,COTTON DHURRIE-HGD-161B,5 X 7 FT,1,$184.00,HANDMADE COTTON DHURRIE-HGD-161B-5 X 7 FT,57050024,,,,,,,,,
,,SET OF 11 PCS,RF-13574,ETSY-RUGSFOREVER,4150425387,Glen Bartosh,,21-Aug-2026,1,JUTE DHURRIE,8 X 28 Inch,No,21-Aug-2026,DISPATCHED,,22-Aug-2026,NR-1100F,Dispatch,,Glenn Stinson,52 Lake Drive,,North Kingstown,RI,02852-2028,United States,,glenn.hall.stinson@gmail.com,CUSTOMER,HETALLS GLOBAL PRIVATE LIMITED,Individual,Consumer,JUTE DHURRIE-NR-1100F,8 X 28 Inch,1,$117.54,HANDMADE JUTE DHURRIE-NR-1100F-8 X 28 Inch,57050039,,,,IN STOCK,,,,22-Aug-2026,
,,SET OF 12 PCS,RF-13575,ETSY-RUGSFOREVER,4150636333,"
Taylor Hanna",,21-Aug-2026,1,CHINDI COTTON-JUTE,8 X 28 Inch,No,27-Aug-2026,DISPATCHED,,22-Aug-2026,NR-1100D,Dispatch,,Taylor Hanna,9 Clarehill Lane,,Holywood,,BT18 9NL,United Kingdom,,cherrypopart1@gmail.com,CUSTOMER,HETALLS GLOBAL PRIVATE LIMITED,Individual,Consumer,CHINDI COTTON-JUTE-NR-1100D,8 X 28 Inch,1,$147.42,HANDMADE CHINDI COTTON-JUTE-NR-1100D-8 X 28 Inch,57050039,,,,IN STOCK,,,,22-Aug-2026,
,,,RF-13576,ETSY-RUGSFOREVER,4150952266,"
	
Dulce lamas",,21-Aug-2026,1,WOOL JUTE,5 X 10 FT,No,28-Aug-2026,PROCESSING,,,WJRH-24,Dispatch,,funnyreality,rua da atalaia,n 582,lisboa,,1200-036,Portugal,351 916 252 595,casabairroalto@hotmail.com,CUSTOMER,HETALLS GLOBAL PRIVATE LIMITED,Individual,Consumer,WOOL JUTE-WJRH-24,5 X 10 FT,1,$308.75,HANDMADE WOOL JUTE-WJRH-24-5 X 10 FT,57050039,,,,,,,,,
,,SET OF 20 PCS,RF-13577,ETSY-RUGSFOREVER,4150982858,"
        
	
Vivien Lee",,21-Aug-2026,1,JUTE DHURRIE,9 X 29 Inch,No,22-Aug-2026,DISPATCHED,,22-Aug-2026,NR-1100F,Dispatch,,Vivien Lee,6 Graham St,,Southport,,QLD 4215,Australia,0422 530 580,vivienlee1993@gmail.com,CUSTOMER,HETALLS GLOBAL PRIVATE LIMITED,Individual,Consumer,JUTE DHURRIE-NR-1100F,9 X 29 Inch,1,$278.14,HANDMADE JUTE DHURRIE-NR-1100F-9 X 29 Inch,57050039,,,,IN STOCK,,,,22-Aug-2026,
,,,RF-13578,EBAY-RUGSFOREVER,"
17-15046-29099",Deborah S Peterson,,21-Aug-2026,1,CHINDI-COTTON,60 X 95 cm,Yes,27-Aug-2026,RECEIVED,,,BA-1515,Dispatch,,Debbie Peterson,2010 W Cassim Ln,,Tucson,AZ,85704-1218,United States,1 520-975-4799,,CUSTOMER,HETALLS GLOBAL PRIVATE LIMITED,Individual,Consumer,CHINDI-COTTON-BA-1515,60 X 95 cm,1,$28.22,HANDMADE CHINDI-COTTON-BA-1515-60 X 95 cm,57050024,,,,,,,,22-Aug-2026,
,,,RF-13579,ETSY-CASAVANI,4151211465,"
Kim Mehan",,22-Aug-2026,1,COTTON DHURRIE,2 X 20 FT,No,24-Aug-2026,PROCESSING,,,MR-08,Dispatch,,Kim Mehan,2521 White Oak Lane,,Lisle,IL,60532,United States,15617773882,Kbessenaire@gmail.com,CUSTOMER,HETALLS GLOBAL PRIVATE LIMITED,Individual,Consumer,COTTON DHURRIE-MR-08,2 X 20 FT,1,$208.44,HANDMADE COTTON DHURRIE-MR-08-2 X 20 FT,57050024,,,,,,,,,
,,,RF-13580,ETSY-CASAVANI,4151708174,"	
Patrick Dodds",,22-Aug-2026,1,COTTON DHURRIE,2.6 X 10 FT,Yes,24-Aug-2026,PROCESSING,,,STK-26B,Dispatch,,Patrick Dodds,Patrick,,Kernville,CA,93238,United States,7604172119,patrickdodds@me.com,CUSTOMER,HETALLS GLOBAL PRIVATE LIMITED,Individual,Consumer,COTTON DHURRIE-STK-26B,2.6 X 10 FT,1,$134.39,HANDMADE COTTON DHURRIE-STK-26B-2.6 X 10 FT,57050024,,,,,,,,,
,,SET OF 20 PCS,RF-13581,ETSY-RUGSFOREVER,4151367590,Gabriel Szaszko,,22-Aug-2026,1,JUTE DHURRIE,8.5 x 28 INCH,No,22-Aug-2026,LATE,,,NR-1111,Dispatch,,Gabriel Szaszko,295 Fisk Street,,"Pittsburgh,",PA,15201,United States,,szaszko@gmail.com,CUSTOMER,HETALLS GLOBAL PRIVATE LIMITED,Individual,Consumer,JUTE DHURRIE-NR-1111,8.5 x 28 INCH,1,$240.47,HANDMADE JUTE DHURRIE-NR-1111-8.5 x 28 INCH,57050039,,,,,,,,,
,,SET OF 15 PCS,RF-13582,ETSY-RUGSFOREVER,4151485499,Miranda O'Hara,,22-Aug-2026,1,JUTE DHURRIE,9 X 29 Inch,No,24-Aug-2026,PROCESSING,,,NR-1101A,Dispatch,,Miranda O'Hara,44 Beachfront Lane,,Brooklyn,NS,B0J 1H0,CAnada,416-803-7680,miroh4591@gmail.com,CUSTOMER,HETALLS GLOBAL PRIVATE LIMITED,Individual,Consumer,JUTE DHURRIE-NR-1101A,9 X 29 Inch,1,$191.75,HANDMADE JUTE DHURRIE-NR-1101A-9 X 29 Inch,57050039,,,,,,,,,
SET OF 6 PCS,TOP URGENT,TOP URGENT,RF-13583,AMAZON,701-0067336-1972239,michelle dahmer,,22-Aug-2026,1,JUTE DHURRIE,8.5 X 28 INCH,No,28-Aug-2026,PROCESSING,,,NR-1101A,Dispatch,,michelle j dahmer,1073 Williamsburg st,,kincardine,Ontario,N2Z 2G3,Canada,5194407413,,CUSTOMER,HETALLS GLOBAL PRIVATE LIMITED,Individual,Consumer,JUTE DHURRIE-NR-1101A,8.5 X 28 INCH,1,$111.87,HANDMADE JUTE DHURRIE-NR-1101A-8.5 X 28 INCH,57050039,,,,,,,,,
,TOP URGENT,TOP URGENT,RF-13584,AMAZON,112-3740604-0674655,David D. Horchler,,22-Aug-2026,1,JUTE DHURRIE,4 X 4 FT,No,26-Aug-2026,PROCESSING,,,NF-08A,Dispatch,,David D. Horchler,610 PINELLAS BAYWAY S # 6202,,TIERRA VERDE,FL,33715-2900,United States,347-448-3190 ext. 02794,,CUSTOMER,HETALLS GLOBAL PRIVATE LIMITED,Individual,Consumer,JUTE DHURRIE-NF-08A,4 X 4 FT,1,$94.16,HANDMADE JUTE DHURRIE-NF-08A-4 X 4 FT,57050039,,,,,,,,,
,TOP URGENT,TOP URGENT,RF-13585,AMAZON,112-4889855-9789046,caitlin maloy,,22-Aug-2026,1,JUTE DHURRIE,4 X 6 FT,No,26-Aug-2026,PROCESSING,,,VI-51A,Dispatch,,caitlin ferri,1038 WOODBINE AVE,,OAK PARK,IL,60302-1314,United States,412-532-4665 ext. 30536,,CUSTOMER,HETALLS GLOBAL PRIVATE LIMITED,Individual,Consumer,JUTE DHURRIE-VI-51A,4 X 6 FT,1,$124.00,HANDMADE JUTE DHURRIE-VI-51A-4 X 6 FT,57050039,,,,,,,,,
,TOP URGENT,TOP URGENT,RF-13586,AMAZON,114-8862592-9345037,Ruth Burgei,,22-Aug-2026,1,COTTON DHURRIE,2.6 X 8 FT,Yes,26-Aug-2026,PROCESSING,,,HP-121B,Dispatch,,Ruth Burgei,9001 METCALF AVE APT 4023,,OVERLAND PARK,KS,66212-1403,United States,412-532-4665 ext. 55919,,CUSTOMER,HETALLS GLOBAL PRIVATE LIMITED,Individual,Consumer,COTTON DHURRIE-HP-121B,2.6 X 8 FT,1,$132.42,HANDMADE COTTON DHURRIE-HP-121B-2.6 X 8 FT,57050024,,,,,,,,,
,TOP URGENT,TOP URGENT,RF-13587,AMAZON,112-1131189-5146611,Sarah Ireland,,22-Aug-2026,1,JUTE DHURRIE,4 X 12 FT,No,26-Aug-2026,PROCESSING,,,VI-25,Dispatch,,Sarah Ireland,18 BEAUMONT CT,,LAFAYETTE,CA,94549-1906,United States,412-532-4665 ext. 39341,,CUSTOMER,HETALLS GLOBAL PRIVATE LIMITED,Individual,Consumer,JUTE DHURRIE-VI-25,4 X 12 FT,1,$243.63,HANDMADE JUTE DHURRIE-VI-25-4 X 12 FT,57050039,,,,,,,,,
,TOP URGENT,TOP URGENT,RF-13588,AMAZON,114-0847306-9786605,Shannon Thomas,,22-Aug-2026,1,JUTE DHURRIE,2 X 3 FT,No,26-Aug-2026,PROCESSING,,,NR-85,Dispatch,,Shannon thomas,3333 n Coltrane rd,,Edmond,Ok,73034,United States,415-851-9136 ext. 88574,,CUSTOMER,HETALLS GLOBAL PRIVATE LIMITED,Individual,Consumer,JUTE DHURRIE-NR-85,2 X 3 FT,1,$56.29,HANDMADE JUTE DHURRIE-NR-85-2 X 3 FT,57050039,,,,,,,,,
,TOP URGENT,TOP URGENT,RF-13589,AMAZON,114-5762721-0987461,CARLEEN SMITH,,22-Aug-2026,1,COTTON DHURRIE,5 X 7 FT,Yes,26-Aug-2026,PROCESSING,,,JHGD-10,Dispatch,,CARLEEN SMITH,10015 E COUNTRY SHADOWS DR,,TUCSON,AZ,85748-5121,United States,412-532-4665 ext. 37945,,CUSTOMER,HETALLS GLOBAL PRIVATE LIMITED,Individual,Consumer,COTTON DHURRIE-JHGD-10,5 X 7 FT,1,$200.01,HANDMADE COTTON DHURRIE-JHGD-10-5 X 7 FT,57050024,,,,,,,,,
,TOP URGENT,TOP URGENT,RF-13590-1/2,AMAZON,112-5429642-1249860,Carole Bendekovich,,22-Aug-2026,1,WOOL JUTE,2 X 3 FT,Yes,9-Sep-2026,PROCESSING,,,HW-58,Dispatch,,Carole Bendekovich,2880 W Appian Way,,Taylorsville,UT,84129,United States,619-854-2705 ext. 56994,,CUSTOMER,HETALLS GLOBAL PRIVATE LIMITED,Individual,Consumer,JUTE DHURRIE-HW-58,2 X 3 FT,1,$77.36,HANDMADE WOOL JUTE-HW-58-2 X 3 FT,57050039,,,,,,,,,
,TOP URGENT,TOP URGENT,RF-13590-2/2,AMAZON,112-5429642-1249860,Carole Bendekovich,,22-Aug-2026,1,WOOL JUTE,2 X 3 FT,Yes,9-Sep-2026,PROCESSING,,,DWJ-11,Dispatch,,Carole Bendekovich,2880 W Appian Way,,Taylorsville,UT,84129,United States,619-854-2705 ext. 56994,,CUSTOMER,HETALLS GLOBAL PRIVATE LIMITED,Individual,Consumer,WOOL JUTE-DWJ-11,2 X 3 FT,1,$91.00,HANDMADE WOOL JUTE-DWJ-11-2 X 3 FT,57050039,,,,,,,,,
,TOP URGENT,TOP URGENT,RF-13591,AMAZON,112-7456382-7682609,Nadienka Sanz,,22-Aug-2026,1,COTTON DHURRIE,2 X 6 FT,Yes,26-Aug-2026,PROCESSING,,,JHGD-02A,Dispatch,,Nadienka Sanz,13383 Pineapple Palm Court,Apart E,Delray Beach,FL,33484,United States,763-225-9463 ext. 06689,,CUSTOMER,HETALLS GLOBAL PRIVATE LIMITED,Individual,Consumer,COTTON DHURRIE-JHGD-02A,2 X 6 FT,1,$62.84,HANDMADE COTTON DHURRIE-JHGD-02A-2 X 6 FT,57050024,,,,,,,,,
,TOP URGENT,TOP URGENT,RF-13592,AMAZON,111-0946485-9243440,Gabriel Cortinas,,22-Aug-2026,1,COTTON DHURRIE,2.6 X 4 FT,Yes,27-Aug-2026,PROCESSING,,,HGD-161B,Dispatch,,Gabriel Cortinas,11913 SUMMER SPRINGS DR,,FRISCO,TX,75036-9371,United States,415-419-8616 ext. 59438,,CUSTOMER,HETALLS GLOBAL PRIVATE LIMITED,Individual,Consumer,COTTON DHURRIE-HGD-161B,2.6 X 4 FT,1,$64.00,HANDMADE COTTON DHURRIE-HGD-161B-2.6 X 4 FT,57050024,,,,,,,,,
,TOP URGENT,TOP URGENT,RF-13593,AMAZON,111-6044840-1954661,daniela kon,,22-Aug-2026,1,COTTON DHURRIE,2 X 3 FT,No,26-Aug-2026,PROCESSING,,,STK-26B,Dispatch,,daniela kon,551 NORWICH DR,,LOS ANGELES,CA,90048-1903,United States,346-307-9643 ext. 32995,,CUSTOMER,HETALLS GLOBAL PRIVATE LIMITED,Individual,Consumer,COTTON DHURRIE-STK-26B,2 X 3 FT,1,$57.46,HANDMADE COTTON DHURRIE-STK-26B-2 X 3 FT,57050024,,,,,,,,,
,,,RF-13593,WALMART,129123259292473,Melanie Virreira,,24-Aug-2026,1,COTTON DHURRIE,2.5 X 8 FT ,No,25-Aug-2026,PROCESSING,,,STK-26B,Dispatch,,Leslie Edwards,732 Mercer Cir,,Auburn,AL,36830,United States,251) 709-9599,multimelanie@gmail.com,CUSTOMER,HETALLS GLOBAL PRIVATE LIMITED,Individual,Consumer,COTTON DHURRIE-STK-26B,2.5 X 8 FT ,1,$149.04,HANDMADE COTTON DHURRIE-STK-26B-2.5 X 8 FT ,57050024,,,,,,,,,
,,,RF-13594,ETSY-CASAVANI,4152115449,"
laura stewart",,24-Aug-2026,1,COTTON DHURRIE,3 X 15 FT,Yes,24-Aug-2026,PROCESSING,,,HGD-129,Dispatch,,Laura Stewart,9425 Springwater Drive,,DALLAS,TX,75228,United States,,laura_stewart@live.ca,CUSTOMER,HETALLS GLOBAL PRIVATE LIMITED,Individual,Consumer,COTTON DHURRIE-HGD-129,3 X 15 FT,1,$237.12,HANDMADE COTTON DHURRIE-HGD-129-3 X 15 FT,57050024,,,,,,,,,
,,,RF-13595,ETSY-CASAVANI,4152960440,"
	
Kelly Jo Mitchell",,24-Aug-2026,1,COTTON DHURRIE,4 X 8 FT,Yes,26-Aug-2026,PROCESSING,,,STK-26B,Dispatch,,Kelly Jo Abdo (Mitchell),1045 Tyrol Trail,,Golden Valley,MN,55416,United States,,kjo.mitch@gmail.com,CUSTOMER,HETALLS GLOBAL PRIVATE LIMITED,Individual,Consumer,COTTON DHURRIE-STK-26B,4 X 8 FT,1,$172.68,HANDMADE COTTON DHURRIE-STK-26B-4 X 8 FT,57050024,,,,,,,,,
,,,RF-13596,ETSY-CASAVANI,4152571559,"
	
Kelly Jo Mitchell",,24-Aug-2026,1,COTTON DHURRIE,4 X 8 FT,Yes,26-Aug-2026,PROCESSING,,,STK-26B,Dispatch,,Kelly Jo Abdo (Mitchell),1045 Tyrol Trail,,Golden Valley,MN,55416,United States,,kjo.mitch@gmail.com,CUSTOMER,HETALLS GLOBAL PRIVATE LIMITED,Individual,Consumer,COTTON DHURRIE-STK-26B,4 X 8 FT,1,$172.68,HANDMADE COTTON DHURRIE-STK-26B-4 X 8 FT,57050024,,,,,,,,,
,,"Etsy's IOSS number, IM3720000224",RF-13597,ETSY-CASAVANI,4153160832,"
        
	
Chiara P.",,24-Aug-2026,1,COTTON DHURRIE,3 X 5 FT,No,26-Aug-2026,PROCESSING,,,MR-55,Dispatch,,Chiara Maria Pasquario,viale veneto 7,,Orbassano ,TO,10043,Italy,,chiara.argoadv@gmail.com,CUSTOMER,HETALLS GLOBAL PRIVATE LIMITED,Individual,Consumer,COTTON DHURRIE-MR-55,3 X 5 FT,1,$78.51,HANDMADE COTTON DHURRIE-MR-55-3 X 5 FT,57050024,,,,,,,,,
,,,RF-13598,ETSY-CASAVANI,4153582088,"
        
        
	
Jonelle Jones",,24-Aug-2026,1,COTTON DHURRIE,2 X 10 FT,Yes,27-Aug-2026,PROCESSING,,,STK-26B,Dispatch,,Jonelle Jones,1912 N Lazy Branch Rd,,Independence,MO,64058,United States,9139080605,thejonellejones@gmail.com,CUSTOMER,HETALLS GLOBAL PRIVATE LIMITED,Individual,Consumer,COTTON DHURRIE-STK-26B,2 X 10 FT,1,$106.36,HANDMADE COTTON DHURRIE-STK-26B-2 X 10 FT,57050024,,,,,,,,,
,,,RF-13599,ETSY-RUGSFOREVER,4153121940,Analena Ott,,24-Aug-2026,1,JUTE DHURRIE,4 X 4 FT,No,29-Aug-2026,PROCESSING,,,VI-85B,Dispatch,,Analena Ott,Zinzendorfgasse 23,,Graz,Graz,8010,Austria,436643826606,analena.ott@gmx.at,CUSTOMER,HETALLS GLOBAL PRIVATE LIMITED,Individual,Consumer,JUTE DHURRIE-VI-85B,4 X 4 FT,1,$152.10,HANDMADE JUTE DHURRIE-VI-85B-4 X 4 FT,57050039,,,,,,,,,
,,SET OF 13 PCS,RF-13600,ETSY-RUGSFOREVER,4153199258,Kim Baletki,,24-Aug-2026,1,JUTE DHURRIE,8 X 28 Inch,No,24-Aug-2026,PROCESSING,,,NR-1101A,Dispatch,,Kim Baletki,132 Rabbit Lake Rd,,Kenora ,ON,P9N 4L1,Canada,18074662380,kbaletki@gmail.com,CUSTOMER,HETALLS GLOBAL PRIVATE LIMITED,Individual,Consumer,JUTE DHURRIE-NR-1101A,8 X 28 Inch,1,$136.50,HANDMADE JUTE DHURRIE-NR-1101A-8 X 28 Inch,57050039,,,,,,,,,
,,,RF-13601,ETSY-RUGSFOREVER,4152769897,Debbie Walker,,24-Aug-2026,1,WOOL JUTE,3 X 5 FT,Yes,24-Aug-2026,PROCESSING,,,WJRH-22,Dispatch,,Debbie Walker,76 N Roosevelt Ave,,Bexley,OH,43209,United States,,debbjw@gmail.com,CUSTOMER,HETALLS GLOBAL PRIVATE LIMITED,Individual,Consumer,WOOL JUTE-WJRH-22,3 X 5 FT,1,$133.38,HANDMADE WOOL JUTE-WJRH-22-3 X 5 FT,57050039,,,,,,,,,
,,SET OF 10 PCS,RF-13602,ETSY-RUGSFOREVER,4153148995,Jamie Bossenbroek,,24-Aug-2026,1,JUTE DHURRIE,8 X 29 Inch,No,31-Aug-2026,PROCESSING,,,NR-1101,Dispatch,,Jamie Bossenbroek,327 E Jeffrey Pl,,Columbus,OH,43214,United States,,nomiddlenamie@gmail.com,CUSTOMER,HETALLS GLOBAL PRIVATE LIMITED,Individual,Consumer,JUTE DHURRIE-NR-1101,8 X 29 Inch,1,$118.64,HANDMADE JUTE DHURRIE-NR-1101-8 X 29 Inch,57050039,,,,,,,,,
,,SET OF 6 PCS,RF-13603,ETSY-RUGSFOREVER,4153407119,Darlene Barkley,,24-Aug-2026,1,JUTE DHURRIE,8.5 X 29 INCH,No,26-Aug-2026,PROCESSING,,,NR-1101A,Dispatch,,Darlene Barkley,193 3rd ave,,Manasquan,NJ,8736,United States,,dembarkley@gmail.com,CUSTOMER,HETALLS GLOBAL PRIVATE LIMITED,Individual,Consumer,JUTE DHURRIE-NR-1101A,8.5 X 29 INCH,1,$72.08,HANDMADE JUTE DHURRIE-NR-1101A-8.5 X 29 INCH,57050039,,,,,,,,,
,,SET OF 25 PCS,RF-13604-1/2,ETSY-RUGSFOREVER,4153926914,Erika Sweet,,24-Aug-2026,1,JUTE DHURRIE,9 X 29 Inch,No,26-Aug-2026,PROCESSING,,,NR-1105,Dispatch,,Erika Sweet,1528 18th Ave S,,Seattle,WA,98144-3525,United States,253) 753-3522,sweete1126@gmail.com,CUSTOMER,HETALLS GLOBAL PRIVATE LIMITED,Individual,Consumer,JUTE DHURRIE-NR-1105,9 X 29 Inch,1,$415.45,HANDMADE JUTE DHURRIE-NR-1105-9 X 29 Inch,57050039,,,,,,,,,
,,,RF-13604-2/2,ETSY-RUGSFOREVER,4153926914,Erika Sweet,,24-Aug-2026,2,JUTE DHURRIE,30 X 30 Inches,No,26-Aug-2026,PROCESSING,,,NR-1105,Dispatch,,Erika Sweet,1528 18th Ave S,,Seattle,WA,98144-3525,United States,253) 753-3522,sweete1126@gmail.com,CUSTOMER,HETALLS GLOBAL PRIVATE LIMITED,Individual,Consumer,JUTE DHURRIE-NR-1105,30 X 30 Inches,2,$154.38,HANDMADE JUTE DHURRIE-NR-1105-30 X 30 Inches,57050039,,,,,,,,,
,TOP URGENT,TOP URGENT,RF-13605,AMAZON,114-8305254-2293023,yolande knight,,24-Aug-2026,1,WOOL JUTE,3 X 3 FT,Yes,1-Sep-2026,PROCESSING,,,WJRH-21,Dispatch,,Yolande Knight,54858 DAY RD,,MILTON FREEWATER,OR,97862-7020,United States,000-000-0000,,CUSTOMER,HETALLS GLOBAL PRIVATE LIMITED,Individual,Consumer,WOOL JUTE-WJRH-21,3 X 3 FT,1,$75.00,HANDMADE WOOL JUTE-WJRH-21-3 X 3 FT,57050039,,,,,,,,,
,TOP URGENT,TOP URGENT,RF-13606,AMAZON,113-4357303-3986659,Elizabeth Macfarlane,,24-Aug-2026,1,JUTE DHURRIE,3 X 5 FT,No,27-Aug-2026,PROCESSING,,,NR-30,Dispatch,,Elizabeth Macfarlane,4814 W SAMANTHA WAY,,LAVEEN,AZ,85339-2143,United States,207-835-4259 ext. 15847,,CUSTOMER,HETALLS GLOBAL PRIVATE LIMITED,Individual,Consumer,JUTE DHURRIE-NR-30,3 X 5 FT,1,$79.00,HANDMADE JUTE DHURRIE-NR-30-3 X 5 FT,57050039,,,,,,,,,
,TOP URGENT,TOP URGENT,RF-13607,AMAZON,111-0001658-4649848,bronwyn talley,,24-Aug-2026,1,JUTE DHURRIE,2.6 X 8 FT,No,27-Aug-2026,PROCESSING,,,NR-30,Dispatch,,Bronwyn mcguire,3075 SW 53RD ST,,OCALA,FL,34471-5802,United States,602-671-6610 ext. 87404,,CUSTOMER,HETALLS GLOBAL PRIVATE LIMITED,Individual,Consumer,JUTE DHURRIE-NR-30,2.6 X 8 FT,1,$103.20,HANDMADE JUTE DHURRIE-NR-30-2.6 X 8 FT,57050039,,,,,,,,,
"Buyer cancellation
Cancellation reason: Reason left unspecified",TOP URGENT,TOP URGENT,RF-13608,AMAZON,112-2575739-2404218,laila sady hicks,,24-Aug-2026,1,COTTON DHURRIE,4 X 6 FT,Yes,25-Aug-2026,CANCELLED,CANCELLED,,JHGD-02A,Dispatch,,Laila Hicks,36 CROOKE AVE APT F4,,BROOKLYN,NY,11226-1150,United States,412-532-4665 ext. 68701,,CUSTOMER,HETALLS GLOBAL PRIVATE LIMITED,Individual,Consumer,COTTON DHURRIE-JHGD-02A,4 X 6 FT,1,$96.90,HANDMADE COTTON DHURRIE-JHGD-02A-4 X 6 FT,57050024,,,,,,,,,
,TOP URGENT,TOP URGENT,RF-13609,AMAZON,113-4227808-1981807,Aisha Greene,,24-Aug-2026,1,JUTE DHURRIE,5 X 8 FT,No,27-Aug-2026,PROCESSING,,,NR-30,Dispatch,,Aisha Greene,22572 N BELLWOOD DR,,SOUTHFIELD,MI,48034-2115,United States,412-532-4665 ext. 44814,,CUSTOMER,HETALLS GLOBAL PRIVATE LIMITED,Individual,Consumer,JUTE DHURRIE-NR-30,5 X 8 FT,1,$220.48,HANDMADE JUTE DHURRIE-NR-30-5 X 8 FT,57050039,,,,,,,,,
,TOP URGENT,TOP URGENT,RF-13610,AMAZON,112-4580488-4609853,Trisha Patel,,24-Aug-2026,1,COTTON DHURRIE,2.6 X 10 FT,Yes,25-Aug-2026,PROCESSING,,,HGD-161,Dispatch,,Tulsi Patel,300 E WASHINGTON ST APT 620,,SYRACUSE,NY,13202-1587,United States,415-851-9136 ext. 87432,,CUSTOMER,HETALLS GLOBAL PRIVATE LIMITED,Individual,Consumer,COTTON DHURRIE-HGD-161,2.6 X 10 FT,1,$135.00,HANDMADE COTTON DHURRIE-HGD-161-2.6 X 10 FT,57050024,,,,,,,,,
"Buyer cancellation
Cancellation reason: Reason left unspecified",TOP URGENT,TOP URGENT,RF-13611,AMAZON,111-7683919-8758629,Edward Phillips,,24-Aug-2026,1,COTTON DHURRIE,5 X 7 FT,Yes,27-Aug-2026,CANCELLED,CANCELLED,,HGD-161,Dispatch,,Bethany Phillips,5811 SE BOISE ST APT 202,,PORTLAND,OR,97206-3885,United States,347-448-3190 ext. 54866,,CUSTOMER,HETALLS GLOBAL PRIVATE LIMITED,Individual,Consumer,COTTON DHURRIE-HGD-161,5 X 7 FT,1,$184.00,HANDMADE COTTON DHURRIE-HGD-161-5 X 7 FT,57050024,,,,,,,,,
,TOP URGENT,TOP URGENT,RF-13612,AMAZON,112-1539641-1290627,leo buffa,,24-Aug-2026,1,COTTON DHURRIE,2.6 X 6 FT,No,27-Aug-2026,PROCESSING,,,STK-26O,Dispatch,,Bianca buffa,1268 HUMPHREY AVE,,BIRMINGHAM,MI,48009-7142,United States,929-436-4790 ext. 06258,,CUSTOMER,HETALLS GLOBAL PRIVATE LIMITED,Individual,Consumer,COTTON DHURRIE-STK-26O,2.6 X 6 FT,1,$111.30,HANDMADE COTTON DHURRIE-STK-26O-2.6 X 6 FT,57050024,,,,,,,,,
,TOP URGENT,TOP URGENT,RF-13613,AMAZON,114-3050182-6253026,Dan Simpson,,24-Aug-2026,1,COTTON DHURRIE,6 X 9 FT,Yes,27-Aug-2026,PROCESSING,,,HGD-110,Dispatch,,Dan Simpson,363 ROOSEVELT AVE,,CUYAHOGA FALLS,OH,44221-2618,United States,602-671-6610 ext. 36685,,CUSTOMER,HETALLS GLOBAL PRIVATE LIMITED,Individual,Consumer,COTTON DHURRIE-HGD_110,6 X 9 FT,1,$298.90,HANDMADE COTTON DHURRIE-HGD-110-6 X 9 FT,57050024,,,,,,,,,
,TOP URGENT,TOP URGENT,RF-13614,AMAZON,112-4493115-2555403,Judith L. Imperatore,,24-Aug-2026,1,JUTE DHURRIE,2.5 X 6 FT ,No,27-Aug-2026,PROCESSING,,,NR-1051,Dispatch,,Judith L. Imperatore,8759 SW FLUTTO WAY,,PORT SAINT LUCIE,FL,34987-8714,United States,480-618-5344 ext. 28305,,CUSTOMER,HETALLS GLOBAL PRIVATE LIMITED,Individual,Consumer,JUTE DHURRIE-NR-1051,2.5 X 6 FT ,1,$112.35,HANDMADE JUTE DHURRIE-NR-1051-2.5 X 6 FT ,57050039,,,,,,,,,
,TOP URGENT,TOP URGENT,RF-13615,AMAZON,111-4254614-2622646,Sherin Hader,,24-Aug-2026,1,COTTON DHURRIE,4 X 4 FT,Yes,27-Aug-2026,PROCESSING,,,JHGD-16B,Dispatch,,Sherin Shehada,F2 CALLE MADRE PERLA,Dorado del Mar,DORADO,PR,00646-2134,United States,210-728-4548 ext. 57497,,CUSTOMER,HETALLS GLOBAL PRIVATE LIMITED,Individual,Consumer,COTTON DHURRIE-JHGD-16B,4 X 4 FT,1,$98.12,HANDMADE COTTON DHURRIE-JHGD-16B-4 X 4 FT,57050024,,,,,,,,,
,,,RF-13616,ETSY-RUGSFOREVER,4152225463,Stephen Collingsworth,,24-Aug-2026,1,CHINDI-COTTON,2 X 8 FT,No,24-Aug-2026,PROCESSING,,,NR-200,Dispatch,,Stephen Collingsworth,14 Perry Street,,"North Adams,",MA,1247,United States,413)672-1829,scollingsworth@hotmail.com,CUSTOMER,HETALLS GLOBAL PRIVATE LIMITED,Individual,Consumer,CHINDI-COTTON-NR-200,2 X 8 FT,1,$89.78,HANDMADE CHINDI-COTTON-NR-200-2 X 8 FT,57050024,,,,,,,,,
,"UK VAT number, 370 6004 28, on your",SET OF 13 PCS,RF-13617,ETSY-RUGSFOREVER,4153626017,"



Mrs. Nadine Lewis",,24-Aug-2026,1,JUTE DHURRIE,8 X 24 Inch,No,26-Aug-2026,PROCESSING,,,NR-1101A,Dispatch,, Nadine Lewis,C W E SERVICES,"Oak FarmWeston Road, Congresbury","Bristol, ","Bristol, ",BS49 5EB,United Kingdom,,lewisfamily969@gmail.com,CUSTOMER,HETALLS GLOBAL PRIVATE LIMITED,Individual,Consumer,JUTE DHURRIE-NR-1101A,8 X 24 Inch,1,$192.66,HANDMADE JUTE DHURRIE-NR-1101A-8 X 24 Inch,57050039,,,,,,,,,
,,,,,,,,,,,,,,,,,,,,,,,,,,,,,CUSTOMER,HETALLS GLOBAL PRIVATE LIMITED,Individual,Consumer,-,,,,HANDMADE --,FALSE,,,,,,,,,
,,,,,,,,,,,,,,,,,,,,,,,,,,,,,CUSTOMER,HETALLS GLOBAL PRIVATE LIMITED,Individual,Consumer,-,,,,HANDMADE --,FALSE,,,,,,,,,
,,,,,,,,,,,,,,,,,,,,,,,,,,,,,CUSTOMER,HETALLS GLOBAL PRIVATE LIMITED,Individual,Consumer,-,,,,HANDMADE --,FALSE,,,,,,,,,
,,,,,,,,,,,,,,,,,,,,,,,,,,,,,CUSTOMER,HETALLS GLOBAL PRIVATE LIMITED,Individual,Consumer,-,,,,HANDMADE --,FALSE,,,,,,,,,
,,,,,,,,,,,,,,,,,,,,,,,,,,,,,CUSTOMER,HETALLS GLOBAL PRIVATE LIMITED,Individual,Consumer,-,,,,HANDMADE --,FALSE,,,,,,,,,
,,,,,,,,,,,,,,,,,,,,,,,,,,,,,CUSTOMER,HETALLS GLOBAL PRIVATE LIMITED,Individual,Consumer,-,,,,HANDMADE --,FALSE,,,,,,,,,
,,,,,,,,,,,,,,,,,,,,,,,,,,,,,CUSTOMER,HETALLS GLOBAL PRIVATE LIMITED,Individual,Consumer,-,,,,HANDMADE --,FALSE,,,,,,,,,
,,,,,,,,,,,,,,,,,,,,,,,,,,,,,CUSTOMER,HETALLS GLOBAL PRIVATE LIMITED,Individual,Consumer,-,,,,HANDMADE --,FALSE,,,,,,,,,
,,,,,,,,,,,,,,,,,,,,,,,,,,,,,CUSTOMER,HETALLS GLOBAL PRIVATE LIMITED,Individual,Consumer,-,,,,HANDMADE --,FALSE,,,,,,,,,
,,,,,,,,,,,,,,,,,,,,,,,,,,,,,CUSTOMER,HETALLS GLOBAL PRIVATE LIMITED,Individual,Consumer,-,,,,HANDMADE --,FALSE,,,,,,,,,
,,,,,,,,,,,,,,,,,,,,,,,,,,,,,CUSTOMER,HETALLS GLOBAL PRIVATE LIMITED,Individual,Consumer,-,,,,HANDMADE --,FALSE,,,,,,,,,
,,,,,,,,,,,,,,,,,,,,,,,,,,,,,CUSTOMER,HETALLS GLOBAL PRIVATE LIMITED,Individual,Consumer,-,,,,HANDMADE --,FALSE,,,,,,,,,
,,,,,,,,,,,,,,,,,,,,,,,,,,,,,CUSTOMER,HETALLS GLOBAL PRIVATE LIMITED,Individual,Consumer,-,,,,HANDMADE --,FALSE,,,,,,,,,
,,,,,,,,,,,,,,,,,,,,,,,,,,,,,CUSTOMER,HETALLS GLOBAL PRIVATE LIMITED,Individual,Consumer,-,,,,HANDMADE --,FALSE,,,,,,,,,
,,,,,,,,,,,,,,,,,,,,,,,,,,,,,CUSTOMER,HETALLS GLOBAL PRIVATE LIMITED,Individual,Consumer,-,,,,HANDMADE --,FALSE,,,,,,,,,
,,,,,,,,,,,,,,,,,,,,,,,,,,,,,CUSTOMER,HETALLS GLOBAL PRIVATE LIMITED,Individual,Consumer,-,,,,HANDMADE --,FALSE,,,,,,,,,
,,,,,,,,,,,,,,,,,,,,,,,,,,,,,CUSTOMER,HETALLS GLOBAL PRIVATE LIMITED,Individual,Consumer,-,,,,HANDMADE --,FALSE,,,,,,,,,
,,,,,,,,,,,,,,,,,,,,,,,,,,,,,CUSTOMER,HETALLS GLOBAL PRIVATE LIMITED,Individual,Consumer,-,,,,HANDMADE --,FALSE,,,,,,,,,
,,,,,,,,,,,,,,,,,,,,,,,,,,,,,CUSTOMER,HETALLS GLOBAL PRIVATE LIMITED,Individual,Consumer,-,,,,HANDMADE --,FALSE,,,,,,,,,
,,,,,,,,,,,,,,,,,,,,,,,,,,,,,CUSTOMER,HETALLS GLOBAL PRIVATE LIMITED,Individual,Consumer,-,,,,HANDMADE --,FALSE,,,,,,,,,
,,,,,,,,,,,,,,,,,,,,,,,,,,,,,CUSTOMER,HETALLS GLOBAL PRIVATE LIMITED,Individual,Consumer,-,,,,HANDMADE --,FALSE,,,,,,,,,
,,,,,,,,,,,,,,,,,,,,,,,,,,,,,CUSTOMER,HETALLS GLOBAL PRIVATE LIMITED,Individual,Consumer,-,,,,HANDMADE --,FALSE,,,,,,,,,
,,,,,,,,,,,,,,,,,,,,,,,,,,,,,CUSTOMER,HETALLS GLOBAL PRIVATE LIMITED,Individual,Consumer,-,,,,HANDMADE --,FALSE,,,,,,,,,
,,,,,,,,,,,,,,,,,,,,,,,,,,,,,CUSTOMER,HETALLS GLOBAL PRIVATE LIMITED,Individual,Consumer,-,,,,HANDMADE --,FALSE,,,,,,,,,
,,,,,,,,,,,,,,,,,,,,,,,,,,,,,CUSTOMER,HETALLS GLOBAL PRIVATE LIMITED,Individual,Consumer,-,,,,HANDMADE --,FALSE,,,,,,,,,
,,,,,,,,,,,,,,,,,,,,,,,,,,,,,CUSTOMER,HETALLS GLOBAL PRIVATE LIMITED,Individual,Consumer,-,,,,HANDMADE --,FALSE,,,,,,,,,
,,,,,,,,,,,,,,,,,,,,,,,,,,,,,CUSTOMER,HETALLS GLOBAL PRIVATE LIMITED,Individual,Consumer,-,,,,HANDMADE --,FALSE,,,,,,,,,
,,,,,,,,,,,,,,,,,,,,,,,,,,,,,CUSTOMER,HETALLS GLOBAL PRIVATE LIMITED,Individual,Consumer,-,,,,HANDMADE --,FALSE,,,,,,,,,
,,,,,,,,,,,,,,,,,,,,,,,,,,,,,CUSTOMER,HETALLS GLOBAL PRIVATE LIMITED,Individual,Consumer,-,,,,HANDMADE --,FALSE,,,,,,,,,
,,,,,,,,,,,,,,,,,,,,,,,,,,,,,CUSTOMER,HETALLS GLOBAL PRIVATE LIMITED,Individual,Consumer,-,,,,HANDMADE --,FALSE,,,,,,,,,
,,,,,,,,,,,,,,,,,,,,,,,,,,,,,CUSTOMER,HETALLS GLOBAL PRIVATE LIMITED,Individual,Consumer,-,,,,HANDMADE --,FALSE,,,,,,,,,
,,,,,,,,,,,,,,,,,,,,,,,,,,,,,CUSTOMER,HETALLS GLOBAL PRIVATE LIMITED,Individual,Consumer,-,,,,HANDMADE --,FALSE,,,,,,,,,
,,,,,,,,,,,,,,,,,,,,,,,,,,,,,CUSTOMER,HETALLS GLOBAL PRIVATE LIMITED,Individual,Consumer,-,,,,HANDMADE --,FALSE,,,,,,,,,
,,,,,,,,,,,,,,,,,,,,,,,,,,,,,CUSTOMER,HETALLS GLOBAL PRIVATE LIMITED,Individual,Consumer,-,,,,HANDMADE --,FALSE,,,,,,,,,
,,,,,,,,,,,,,,,,,,,,,,,,,,,,,CUSTOMER,HETALLS GLOBAL PRIVATE LIMITED,Individual,Consumer,-,,,,HANDMADE --,FALSE,,,,,,,,,
,,,,,,,,,,,,,,,,,,,,,,,,,,,,,CUSTOMER,HETALLS GLOBAL PRIVATE LIMITED,Individual,Consumer,-,,,,HANDMADE --,FALSE,,,,,,,,,
,,,,,,,,,,,,,,,,,,,,,,,,,,,,,CUSTOMER,HETALLS GLOBAL PRIVATE LIMITED,Individual,Consumer,-,,,,HANDMADE --,FALSE,,,,,,,,,
,,,,,,,,,,,,,,,,,,,,,,,,,,,,,CUSTOMER,HETALLS GLOBAL PRIVATE LIMITED,Individual,Consumer,-,,,,HANDMADE --,FALSE,,,,,,,,,
,,,,,,,,,,,,,,,,,,,,,,,,,,,,,CUSTOMER,HETALLS GLOBAL PRIVATE LIMITED,Individual,Consumer,-,,,,HANDMADE --,FALSE,,,,,,,,,
,,,,,,,,,,,,,,,,,,,,,,,,,,,,,CUSTOMER,HETALLS GLOBAL PRIVATE LIMITED,Individual,Consumer,-,,,,HANDMADE --,FALSE,,,,,,,,,
,,,,,,,,,,,,,,,,,,,,,,,,,,,,,CUSTOMER,HETALLS GLOBAL PRIVATE LIMITED,Individual,Consumer,-,,,,HANDMADE --,FALSE,,,,,,,,,
,,,,,,,,,,,,,,,,,,,,,,,,,,,,,CUSTOMER,HETALLS GLOBAL PRIVATE LIMITED,Individual,Consumer,-,,,,HANDMADE --,FALSE,,,,,,,,,
,,,,,,,,,,,,,,,,,,,,,,,,,,,,,CUSTOMER,HETALLS GLOBAL PRIVATE LIMITED,Individual,Consumer,-,,,,HANDMADE --,FALSE,,,,,,,,,
,,,,,,,,,,,,,,,,,,,,,,,,,,,,,CUSTOMER,HETALLS GLOBAL PRIVATE LIMITED,Individual,Consumer,-,,,,HANDMADE --,FALSE,,,,,,,,,
,,,,,,,,,,,,,,,,,,,,,,,,,,,,,CUSTOMER,HETALLS GLOBAL PRIVATE LIMITED,Individual,Consumer,-,,,,HANDMADE --,FALSE,,,,,,,,,
,,,,,,,,,,,,,,,,,,,,,,,,,,,,,CUSTOMER,HETALLS GLOBAL PRIVATE LIMITED,Individual,Consumer,-,,,,HANDMADE --,FALSE,,,,,,,,,
,,,,,,,,,,,,,,,,,,,,,,,,,,,,,CUSTOMER,HETALLS GLOBAL PRIVATE LIMITED,Individual,Consumer,-,,,,HANDMADE --,FALSE,,,,,,,,,
,,,,,,,,,,,,,,,,,,,,,,,,,,,,,CUSTOMER,HETALLS GLOBAL PRIVATE LIMITED,Individual,Consumer,-,,,,HANDMADE --,FALSE,,,,,,,,,
,,,,,,,,,,,,,,,,,,,,,,,,,,,,,CUSTOMER,HETALLS GLOBAL PRIVATE LIMITED,Individual,Consumer,-,,,,HANDMADE --,FALSE,,,,,,,,,
,,,,,,,,,,,,,,,,,,,,,,,,,,,,,CUSTOMER,HETALLS GLOBAL PRIVATE LIMITED,Individual,Consumer,-,,,,HANDMADE --,FALSE,,,,,,,,,
,,,,,,,,,,,,,,,,,,,,,,,,,,,,,CUSTOMER,HETALLS GLOBAL PRIVATE LIMITED,Individual,Consumer,-,,,,HANDMADE --,FALSE,,,,,,,,,
,,,,,,,,,,,,,,,,,,,,,,,,,,,,,CUSTOMER,HETALLS GLOBAL PRIVATE LIMITED,Individual,Consumer,-,,,,HANDMADE --,FALSE,,,,,,,,,
,,,,,,,,,,,,,,,,,,,,,,,,,,,,,CUSTOMER,HETALLS GLOBAL PRIVATE LIMITED,Individual,Consumer,-,,,,HANDMADE --,FALSE,,,,,,,,,
,,,,,,,,,,,,,,,,,,,,,,,,,,,,,CUSTOMER,HETALLS GLOBAL PRIVATE LIMITED,Individual,Consumer,-,,,,HANDMADE --,FALSE,,,,,,,,,
,,,,,,,,,,,,,,,,,,,,,,,,,,,,,CUSTOMER,HETALLS GLOBAL PRIVATE LIMITED,Individual,Consumer,-,,,,HANDMADE --,FALSE,,,,,,,,,
,,,,,,,,,,,,,,,,,,,,,,,,,,,,,CUSTOMER,HETALLS GLOBAL PRIVATE LIMITED,Individual,Consumer,-,,,,HANDMADE --,FALSE,,,,,,,,,
,,,,,,,,,,,,,,,,,,,,,,,,,,,,,CUSTOMER,HETALLS GLOBAL PRIVATE LIMITED,Individual,Consumer,-,,,,HANDMADE --,FALSE,,,,,,,,,
,,,,,,,,,,,,,,,,,,,,,,,,,,,,,CUSTOMER,HETALLS GLOBAL PRIVATE LIMITED,Individual,Consumer,-,,,,HANDMADE --,FALSE,,,,,,,,,
,,,,,,,,,,,,,,,,,,,,,,,,,,,,,CUSTOMER,HETALLS GLOBAL PRIVATE LIMITED,Individual,Consumer,-,,,,HANDMADE --,FALSE,,,,,,,,,
,,,,,,,,,,,,,,,,,,,,,,,,,,,,,CUSTOMER,HETALLS GLOBAL PRIVATE LIMITED,Individual,Consumer,-,,,,HANDMADE --,FALSE,,,,,,,,,
,,,,,,,,,,,,,,,,,,,,,,,,,,,,,CUSTOMER,HETALLS GLOBAL PRIVATE LIMITED,Individual,Consumer,-,,,,HANDMADE --,FALSE,,,,,,,,,
,,,,,,,,,,,,,,,,,,,,,,,,,,,,,CUSTOMER,HETALLS GLOBAL PRIVATE LIMITED,Individual,Consumer,-,,,,HANDMADE --,FALSE,,,,,,,,,
,,,,,,,,,,,,,,,,,,,,,,,,,,,,,CUSTOMER,HETALLS GLOBAL PRIVATE LIMITED,Individual,Consumer,-,,,,HANDMADE --,FALSE,,,,,,,,,
,,,,,,,,,,,,,,,,,,,,,,,,,,,,,CUSTOMER,HETALLS GLOBAL PRIVATE LIMITED,Individual,Consumer,-,,,,HANDMADE --,FALSE,,,,,,,,,
,,,,,,,,,,,,,,,,,,,,,,,,,,,,,CUSTOMER,HETALLS GLOBAL PRIVATE LIMITED,Individual,Consumer,-,,,,HANDMADE --,FALSE,,,,,,,,,
,,,,,,,,,,,,,,,,,,,,,,,,,,,,,CUSTOMER,HETALLS GLOBAL PRIVATE LIMITED,Individual,Consumer,-,,,,HANDMADE --,FALSE,,,,,,,,,
,,,,,,,,,,,,,,,,,,,,,,,,,,,,,CUSTOMER,HETALLS GLOBAL PRIVATE LIMITED,Individual,Consumer,-,,,,HANDMADE --,FALSE,,,,,,,,,
,,,,,,,,,,,,,,,,,,,,,,,,,,,,,CUSTOMER,HETALLS GLOBAL PRIVATE LIMITED,Individual,Consumer,-,,,,HANDMADE --,FALSE,,,,,,,,,
,,,,,,,,,,,,,,,,,,,,,,,,,,,,,CUSTOMER,HETALLS GLOBAL PRIVATE LIMITED,Individual,Consumer,-,,,,HANDMADE --,FALSE,,,,,,,,,
,,,,,,,,,,,,,,,,,,,,,,,,,,,,,CUSTOMER,HETALLS GLOBAL PRIVATE LIMITED,Individual,Consumer,-,,,,HANDMADE --,FALSE,,,,,,,,,
,,,,,,,,,,,,,,,,,,,,,,,,,,,,,CUSTOMER,HETALLS GLOBAL PRIVATE LIMITED,Individual,Consumer,-,,,,HANDMADE --,FALSE,,,,,,,,,
,,,,,,,,,,,,,,,,,,,,,,,,,,,,,CUSTOMER,HETALLS GLOBAL PRIVATE LIMITED,Individual,Consumer,-,,,,HANDMADE --,FALSE,,,,,,,,,
,,,,,,,,,,,,,,,,,,,,,,,,,,,,,CUSTOMER,HETALLS GLOBAL PRIVATE LIMITED,Individual,Consumer,-,,,,HANDMADE --,FALSE,,,,,,,,,
,,,,,,,,,,,,,,,,,,,,,,,,,,,,,CUSTOMER,HETALLS GLOBAL PRIVATE LIMITED,Individual,Consumer,-,,,,HANDMADE --,FALSE,,,,,,,,,
,,,,,,,,,,,,,,,,,,,,,,,,,,,,,CUSTOMER,HETALLS GLOBAL PRIVATE LIMITED,Individual,Consumer,-,,,,HANDMADE --,FALSE,,,,,,,,,
,,,,,,,,,,,,,,,,,,,,,,,,,,,,,CUSTOMER,HETALLS GLOBAL PRIVATE LIMITED,Individual,Consumer,-,,,,HANDMADE --,FALSE,,,,,,,,,
,,,,,,,,,,,,,,,,,,,,,,,,,,,,,CUSTOMER,HETALLS GLOBAL PRIVATE LIMITED,Individual,Consumer,-,,,,HANDMADE --,FALSE,,,,,,,,,
,,,,,,,,,,,,,,,,,,,,,,,,,,,,,CUSTOMER,HETALLS GLOBAL PRIVATE LIMITED,Individual,Consumer,-,,,,HANDMADE --,FALSE,,,,,,,,,
,,,,,,,,,,,,,,,,,,,,,,,,,,,,,CUSTOMER,HETALLS GLOBAL PRIVATE LIMITED,Individual,Consumer,-,,,,HANDMADE --,FALSE,,,,,,,,,
,,,,,,,,,,,,,,,,,,,,,,,,,,,,,CUSTOMER,HETALLS GLOBAL PRIVATE LIMITED,Individual,Consumer,-,,,,HANDMADE --,FALSE,,,,,,,,,
,,,,,,,,,,,,,,,,,,,,,,,,,,,,,CUSTOMER,HETALLS GLOBAL PRIVATE LIMITED,Individual,Consumer,-,,,,HANDMADE --,FALSE,,,,,,,,,
,,,,,,,,,,,,,,,,,,,,,,,,,,,,,CUSTOMER,HETALLS GLOBAL PRIVATE LIMITED,Individual,Consumer,-,,,,HANDMADE --,FALSE,,,,,,,,,
,,,,,,,,,,,,,,,,,,,,,,,,,,,,,CUSTOMER,HETALLS GLOBAL PRIVATE LIMITED,Individual,Consumer,-,,,,HANDMADE --,FALSE,,,,,,,,,
,,,,,,,,,,,,,,,,,,,,,,,,,,,,,CUSTOMER,HETALLS GLOBAL PRIVATE LIMITED,Individual,Consumer,-,,,,HANDMADE --,FALSE,,,,,,,,,
,,,,,,,,,,,,,,,,,,,,,,,,,,,,,CUSTOMER,HETALLS GLOBAL PRIVATE LIMITED,Individual,Consumer,-,,,,HANDMADE --,FALSE,,,,,,,,,
,,,,,,,,,,,,,,,,,,,,,,,,,,,,,CUSTOMER,HETALLS GLOBAL PRIVATE LIMITED,Individual,Consumer,-,,,,HANDMADE --,FALSE,,,,,,,,,
,,,,,,,,,,,,,,,,,,,,,,,,,,,,,CUSTOMER,HETALLS GLOBAL PRIVATE LIMITED,Individual,Consumer,-,,,,HANDMADE --,FALSE,,,,,,,,,
,,,,,,,,,,,,,,,,,,,,,,,,,,,,,CUSTOMER,HETALLS GLOBAL PRIVATE LIMITED,Individual,Consumer,-,,,,HANDMADE --,FALSE,,,,,,,,,
,,,,,,,,,,,,,,,,,,,,,,,,,,,,,CUSTOMER,HETALLS GLOBAL PRIVATE LIMITED,Individual,Consumer,-,,,,HANDMADE --,FALSE,,,,,,,,,
,,,,,,,,,,,,,,,,,,,,,,,,,,,,,CUSTOMER,HETALLS GLOBAL PRIVATE LIMITED,Individual,Consumer,-,,,,HANDMADE --,FALSE,,,,,,,,,
,,,,,,,,,,,,,,,,,,,,,,,,,,,,,CUSTOMER,HETALLS GLOBAL PRIVATE LIMITED,Individual,Consumer,-,,,,HANDMADE --,FALSE,,,,,,,,,
,,,,,,,,,,,,,,,,,,,,,,,,,,,,,CUSTOMER,HETALLS GLOBAL PRIVATE LIMITED,Individual,Consumer,-,,,,HANDMADE --,FALSE,,,,,,,,,
,,,,,,,,,,,,,,,,,,,,,,,,,,,,,CUSTOMER,HETALLS GLOBAL PRIVATE LIMITED,Individual,Consumer,-,,,,HANDMADE --,FALSE,,,,,,,,,
,,,,,,,,,,,,,,,,,,,,,,,,,,,,,CUSTOMER,HETALLS GLOBAL PRIVATE LIMITED,Individual,Consumer,-,,,,HANDMADE --,FALSE,,,,,,,,,
,,,,,,,,,,,,,,,,,,,,,,,,,,,,,CUSTOMER,HETALLS GLOBAL PRIVATE LIMITED,Individual,Consumer,-,,,,HANDMADE --,FALSE,,,,,,,,,
,,,,,,,,,,,,,,,,,,,,,,,,,,,,,CUSTOMER,HETALLS GLOBAL PRIVATE LIMITED,Individual,Consumer,-,,,,HANDMADE --,FALSE,,,,,,,,,
,,,,,,,,,,,,,,,,,,,,,,,,,,,,,CUSTOMER,HETALLS GLOBAL PRIVATE LIMITED,Individual,Consumer,-,,,,HANDMADE --,FALSE,,,,,,,,,
,,,,,,,,,,,,,,,,,,,,,,,,,,,,,CUSTOMER,HETALLS GLOBAL PRIVATE LIMITED,Individual,Consumer,-,,,,HANDMADE --,FALSE,,,,,,,,,
,,,,,,,,,,,,,,,,,,,,,,,,,,,,,CUSTOMER,HETALLS GLOBAL PRIVATE LIMITED,Individual,Consumer,-,,,,HANDMADE --,FALSE,,,,,,,,,
,,,,,,,,,,,,,,,,,,,,,,,,,,,,,CUSTOMER,HETALLS GLOBAL PRIVATE LIMITED,Individual,Consumer,-,,,,HANDMADE --,FALSE,,,,,,,,,
,,,,,,,,,,,,,,,,,,,,,,,,,,,,,CUSTOMER,HETALLS GLOBAL PRIVATE LIMITED,Individual,Consumer,-,,,,HANDMADE --,FALSE,,,,,,,,,
,,,,,,,,,,,,,,,,,,,,,,,,,,,,,CUSTOMER,HETALLS GLOBAL PRIVATE LIMITED,Individual,Consumer,-,,,,HANDMADE --,FALSE,,,,,,,,,
,,,,,,,,,,,,,,,,,,,,,,,,,,,,,CUSTOMER,HETALLS GLOBAL PRIVATE LIMITED,Individual,Consumer,-,,,,HANDMADE --,FALSE,,,,,,,,,
,,,,,,,,,,,,,,,,,,,,,,,,,,,,,CUSTOMER,HETALLS GLOBAL PRIVATE LIMITED,Individual,Consumer,-,,,,HANDMADE --,FALSE,,,,,,,,,
,,,,,,,,,,,,,,,,,,,,,,,,,,,,,CUSTOMER,HETALLS GLOBAL PRIVATE LIMITED,Individual,Consumer,-,,,,HANDMADE --,FALSE,,,,,,,,,
,,,,,,,,,,,,,,,,,,,,,,,,,,,,,CUSTOMER,HETALLS GLOBAL PRIVATE LIMITED,Individual,Consumer,-,,,,HANDMADE --,FALSE,,,,,,,,,
,,,,,,,,,,,,,,,,,,,,,,,,,,,,,CUSTOMER,HETALLS GLOBAL PRIVATE LIMITED,Individual,Consumer,-,,,,HANDMADE --,FALSE,,,,,,,,,
,,,,,,,,,,,,,,,,,,,,,,,,,,,,,CUSTOMER,HETALLS GLOBAL PRIVATE LIMITED,Individual,Consumer,-,,,,HANDMADE --,FALSE,,,,,,,,,
,,,,,,,,,,,,,,,,,,,,,,,,,,,,,CUSTOMER,HETALLS GLOBAL PRIVATE LIMITED,Individual,Consumer,-,,,,HANDMADE --,FALSE,,,,,,,,,
,,,,,,,,,,,,,,,,,,,,,,,,,,,,,CUSTOMER,HETALLS GLOBAL PRIVATE LIMITED,Individual,Consumer,-,,,,HANDMADE --,FALSE,,,,,,,,,
,,,,,,,,,,,,,,,,,,,,,,,,,,,,,CUSTOMER,HETALLS GLOBAL PRIVATE LIMITED,Individual,Consumer,-,,,,HANDMADE --,FALSE,,,,,,,,,
,,,,,,,,,,,,,,,,,,,,,,,,,,,,,CUSTOMER,HETALLS GLOBAL PRIVATE LIMITED,Individual,Consumer,-,,,,HANDMADE --,FALSE,,,,,,,,,
,,,,,,,,,,,,,,,,,,,,,,,,,,,,,CUSTOMER,HETALLS GLOBAL PRIVATE LIMITED,Individual,Consumer,-,,,,HANDMADE --,FALSE,,,,,,,,,
,,,,,,,,,,,,,,,,,,,,,,,,,,,,,CUSTOMER,HETALLS GLOBAL PRIVATE LIMITED,Individual,Consumer,-,,,,HANDMADE --,FALSE,,,,,,,,,
,,,,,,,,,,,,,,,,,,,,,,,,,,,,,CUSTOMER,HETALLS GLOBAL PRIVATE LIMITED,Individual,Consumer,-,,,,HANDMADE --,FALSE,,,,,,,,,
,,,,,,,,,,,,,,,,,,,,,,,,,,,,,CUSTOMER,HETALLS GLOBAL PRIVATE LIMITED,Individual,Consumer,-,,,,HANDMADE --,FALSE,,,,,,,,,
,,,,,,,,,,,,,,,,,,,,,,,,,,,,,CUSTOMER,HETALLS GLOBAL PRIVATE LIMITED,Individual,Consumer,-,,,,HANDMADE --,FALSE,,,,,,,,,
,,,,,,,,,,,,,,,,,,,,,,,,,,,,,CUSTOMER,HETALLS GLOBAL PRIVATE LIMITED,Individual,Consumer,-,,,,HANDMADE --,FALSE,,,,,,,,,
,,,,,,,,,,,,,,,,,,,,,,,,,,,,,CUSTOMER,HETALLS GLOBAL PRIVATE LIMITED,Individual,Consumer,-,,,,HANDMADE --,FALSE,,,,,,,,,
,,,,,,,,,,,,,,,,,,,,,,,,,,,,,CUSTOMER,HETALLS GLOBAL PRIVATE LIMITED,Individual,Consumer,-,,,,HANDMADE --,FALSE,,,,,,,,,
,,,,,,,,,,,,,,,,,,,,,,,,,,,,,CUSTOMER,HETALLS GLOBAL PRIVATE LIMITED,Individual,Consumer,-,,,,HANDMADE --,FALSE,,,,,,,,,
,,,,,,,,,,,,,,,,,,,,,,,,,,,,,CUSTOMER,HETALLS GLOBAL PRIVATE LIMITED,Individual,Consumer,-,,,,HANDMADE --,FALSE,,,,,,,,,
,,,,,,,,,,,,,,,,,,,,,,,,,,,,,CUSTOMER,HETALLS GLOBAL PRIVATE LIMITED,Individual,Consumer,-,,,,HANDMADE --,FALSE,,,,,,,,,
,,,,,,,,,,,,,,,,,,,,,,,,,,,,,CUSTOMER,HETALLS GLOBAL PRIVATE LIMITED,Individual,Consumer,-,,,,HANDMADE --,FALSE,,,,,,,,,
,,,,,,,,,,,,,,,,,,,,,,,,,,,,,CUSTOMER,HETALLS GLOBAL PRIVATE LIMITED,Individual,Consumer,-,,,,HANDMADE --,FALSE,,,,,,,,,
,,,,,,,,,,,,,,,,,,,,,,,,,,,,,CUSTOMER,HETALLS GLOBAL PRIVATE LIMITED,Individual,Consumer,-,,,,HANDMADE --,FALSE,,,,,,,,,
,,,,,,,,,,,,,,,,,,,,,,,,,,,,,CUSTOMER,HETALLS GLOBAL PRIVATE LIMITED,Individual,Consumer,-,,,,HANDMADE --,FALSE,,,,,,,,,
,,,,,,,,,,,,,,,,,,,,,,,,,,,,,CUSTOMER,HETALLS GLOBAL PRIVATE LIMITED,Individual,Consumer,-,,,,HANDMADE --,FALSE,,,,,,,,,
,,,,,,,,,,,,,,,,,,,,,,,,,,,,,CUSTOMER,HETALLS GLOBAL PRIVATE LIMITED,Individual,Consumer,-,,,,HANDMADE --,FALSE,,,,,,,,,
,,,,,,,,,,,,,,,,,,,,,,,,,,,,,CUSTOMER,HETALLS GLOBAL PRIVATE LIMITED,Individual,Consumer,-,,,,HANDMADE --,FALSE,,,,,,,,,
,,,,,,,,,,,,,,,,,,,,,,,,,,,,,CUSTOMER,HETALLS GLOBAL PRIVATE LIMITED,Individual,Consumer,-,,,,HANDMADE --,FALSE,,,,,,,,,
,,,,,,,,,,,,,,,,,,,,,,,,,,,,,CUSTOMER,HETALLS GLOBAL PRIVATE LIMITED,Individual,Consumer,-,,,,HANDMADE --,FALSE,,,,,,,,,
,,,,,,,,,,,,,,,,,,,,,,,,,,,,,CUSTOMER,HETALLS GLOBAL PRIVATE LIMITED,Individual,Consumer,-,,,,HANDMADE --,FALSE,,,,,,,,,
,,,,,,,,,,,,,,,,,,,,,,,,,,,,,CUSTOMER,HETALLS GLOBAL PRIVATE LIMITED,Individual,Consumer,-,,,,HANDMADE --,FALSE,,,,,,,,,
,,,,,,,,,,,,,,,,,,,,,,,,,,,,,CUSTOMER,HETALLS GLOBAL PRIVATE LIMITED,Individual,Consumer,-,,,,HANDMADE --,FALSE,,,,,,,,,
,,,,,,,,,,,,,,,,,,,,,,,,,,,,,CUSTOMER,HETALLS GLOBAL PRIVATE LIMITED,Individual,Consumer,-,,,,HANDMADE --,FALSE,,,,,,,,,
,,,,,,,,,,,,,,,,,,,,,,,,,,,,,CUSTOMER,HETALLS GLOBAL PRIVATE LIMITED,Individual,Consumer,-,,,,HANDMADE --,FALSE,,,,,,,,,
,,,,,,,,,,,,,,,,,,,,,,,,,,,,,CUSTOMER,HETALLS GLOBAL PRIVATE LIMITED,Individual,Consumer,-,,,,HANDMADE --,FALSE,,,,,,,,,
,,,,,,,,,,,,,,,,,,,,,,,,,,,,,CUSTOMER,HETALLS GLOBAL PRIVATE LIMITED,Individual,Consumer,-,,,,HANDMADE --,FALSE,,,,,,,,,
,,,,,,,,,,,,,,,,,,,,,,,,,,,,,CUSTOMER,HETALLS GLOBAL PRIVATE LIMITED,Individual,Consumer,-,,,,HANDMADE --,FALSE,,,,,,,,,
,,,,,,,,,,,,,,,,,,,,,,,,,,,,,CUSTOMER,HETALLS GLOBAL PRIVATE LIMITED,Individual,Consumer,-,,,,HANDMADE --,FALSE,,,,,,,,,
,,,,,,,,,,,,,,,,,,,,,,,,,,,,,CUSTOMER,HETALLS GLOBAL PRIVATE LIMITED,Individual,Consumer,-,,,,HANDMADE --,FALSE,,,,,,,,,
,,,,,,,,,,,,,,,,,,,,,,,,,,,,,CUSTOMER,HETALLS GLOBAL PRIVATE LIMITED,Individual,Consumer,-,,,,HANDMADE --,FALSE,,,,,,,,,
,,,,,,,,,,,,,,,,,,,,,,,,,,,,,CUSTOMER,HETALLS GLOBAL PRIVATE LIMITED,Individual,Consumer,-,,,,HANDMADE --,FALSE,,,,,,,,,
,,,,,,,,,,,,,,,,,,,,,,,,,,,,,CUSTOMER,HETALLS GLOBAL PRIVATE LIMITED,Individual,Consumer,-,,,,HANDMADE --,FALSE,,,,,,,,,
,,,,,,,,,,,,,,,,,,,,,,,,,,,,,CUSTOMER,HETALLS GLOBAL PRIVATE LIMITED,Individual,Consumer,-,,,,HANDMADE --,FALSE,,,,,,,,,
,,,,,,,,,,,,,,,,,,,,,,,,,,,,,CUSTOMER,HETALLS GLOBAL PRIVATE LIMITED,Individual,Consumer,-,,,,HANDMADE --,FALSE,,,,,,,,,
,,,,,,,,,,,,,,,,,,,,,,,,,,,,,CUSTOMER,HETALLS GLOBAL PRIVATE LIMITED,Individual,Consumer,-,,,,HANDMADE --,FALSE,,,,,,,,,
,,,,,,,,,,,,,,,,,,,,,,,,,,,,,CUSTOMER,HETALLS GLOBAL PRIVATE LIMITED,Individual,Consumer,-,,,,HANDMADE --,FALSE,,,,,,,,,
,,,,,,,,,,,,,,,,,,,,,,,,,,,,,CUSTOMER,HETALLS GLOBAL PRIVATE LIMITED,Individual,Consumer,-,,,,HANDMADE --,FALSE,,,,,,,,,
,,,,,,,,,,,,,,,,,,,,,,,,,,,,,CUSTOMER,HETALLS GLOBAL PRIVATE LIMITED,Individual,Consumer,-,,,,HANDMADE --,FALSE,,,,,,,,,
,,,,,,,,,,,,,,,,,,,,,,,,,,,,,CUSTOMER,HETALLS GLOBAL PRIVATE LIMITED,Individual,Consumer,-,,,,HANDMADE --,FALSE,,,,,,,,,
,,,,,,,,,,,,,,,,,,,,,,,,,,,,,CUSTOMER,HETALLS GLOBAL PRIVATE LIMITED,Individual,Consumer,-,,,,HANDMADE --,FALSE,,,,,,,,,
,,,,,,,,,,,,,,,,,,,,,,,,,,,,,CUSTOMER,HETALLS GLOBAL PRIVATE LIMITED,Individual,Consumer,-,,,,HANDMADE --,FALSE,,,,,,,,,
,,,,,,,,,,,,,,,,,,,,,,,,,,,,,CUSTOMER,HETALLS GLOBAL PRIVATE LIMITED,Individual,Consumer,-,,,,HANDMADE --,FALSE,,,,,,,,,
,,,,,,,,,,,,,,,,,,,,,,,,,,,,,CUSTOMER,HETALLS GLOBAL PRIVATE LIMITED,Individual,Consumer,-,,,,HANDMADE --,FALSE,,,,,,,,,
,,,,,,,,,,,,,,,,,,,,,,,,,,,,,CUSTOMER,HETALLS GLOBAL PRIVATE LIMITED,Individual,Consumer,-,,,,HANDMADE --,FALSE,,,,,,,,,
,,,,,,,,,,,,,,,,,,,,,,,,,,,,,CUSTOMER,HETALLS GLOBAL PRIVATE LIMITED,Individual,Consumer,-,,,,HANDMADE --,FALSE,,,,,,,,,
,,,,,,,,,,,,,,,,,,,,,,,,,,,,,CUSTOMER,HETALLS GLOBAL PRIVATE LIMITED,Individual,Consumer,-,,,,HANDMADE --,FALSE,,,,,,,,,
,,,,,,,,,,,,,,,,,,,,,,,,,,,,,CUSTOMER,HETALLS GLOBAL PRIVATE LIMITED,Individual,Consumer,-,,,,HANDMADE --,FALSE,,,,,,,,,
,,,,,,,,,,,,,,,,,,,,,,,,,,,,,CUSTOMER,HETALLS GLOBAL PRIVATE LIMITED,Individual,Consumer,-,,,,HANDMADE --,FALSE,,,,,,,,,
,,,,,,,,,,,,,,,,,,,,,,,,,,,,,CUSTOMER,HETALLS GLOBAL PRIVATE LIMITED,Individual,Consumer,-,,,,HANDMADE --,FALSE,,,,,,,,,
,,,,,,,,,,,,,,,,,,,,,,,,,,,,,CUSTOMER,HETALLS GLOBAL PRIVATE LIMITED,Individual,Consumer,-,,,,HANDMADE --,FALSE,,,,,,,,,
,,,,,,,,,,,,,,,,,,,,,,,,,,,,,CUSTOMER,HETALLS GLOBAL PRIVATE LIMITED,Individual,Consumer,-,,,,HANDMADE --,FALSE,,,,,,,,,
,,,,,,,,,,,,,,,,,,,,,,,,,,,,,CUSTOMER,HETALLS GLOBAL PRIVATE LIMITED,Individual,Consumer,-,,,,HANDMADE --,FALSE,,,,,,,,,
,,,,,,,,,,,,,,,,,,,,,,,,,,,,,CUSTOMER,HETALLS GLOBAL PRIVATE LIMITED,Individual,Consumer,-,,,,HANDMADE --,FALSE,,,,,,,,,
,,,,,,,,,,,,,,,,,,,,,,,,,,,,,CUSTOMER,HETALLS GLOBAL PRIVATE LIMITED,Individual,Consumer,-,,,,HANDMADE --,FALSE,,,,,,,,,
,,,,,,,,,,,,,,,,,,,,,,,,,,,,,CUSTOMER,HETALLS GLOBAL PRIVATE LIMITED,Individual,Consumer,-,,,,HANDMADE --,FALSE,,,,,,,,,
,,,,,,,,,,,,,,,,,,,,,,,,,,,,,CUSTOMER,HETALLS GLOBAL PRIVATE LIMITED,Individual,Consumer,-,,,,HANDMADE --,FALSE,,,,,,,,,
,,,,,,,,,,,,,,,,,,,,,,,,,,,,,CUSTOMER,HETALLS GLOBAL PRIVATE LIMITED,Individual,Consumer,-,,,,HANDMADE --,FALSE,,,,,,,,,
,,,,,,,,,,,,,,,,,,,,,,,,,,,,,CUSTOMER,HETALLS GLOBAL PRIVATE LIMITED,Individual,Consumer,-,,,,HANDMADE --,FALSE,,,,,,,,,
,,,,,,,,,,,,,,,,,,,,,,,,,,,,,CUSTOMER,HETALLS GLOBAL PRIVATE LIMITED,Individual,Consumer,-,,,,HANDMADE --,FALSE,,,,,,,,,
,,,,,,,,,,,,,,,,,,,,,,,,,,,,,CUSTOMER,HETALLS GLOBAL PRIVATE LIMITED,Individual,Consumer,-,,,,HANDMADE --,FALSE,,,,,,,,,
,,,,,,,,,,,,,,,,,,,,,,,,,,,,,CUSTOMER,HETALLS GLOBAL PRIVATE LIMITED,Individual,Consumer,-,,,,HANDMADE --,FALSE,,,,,,,,,
,,,,,,,,,,,,,,,,,,,,,,,,,,,,,CUSTOMER,HETALLS GLOBAL PRIVATE LIMITED,Individual,Consumer,-,,,,HANDMADE --,FALSE,,,,,,,,,
,,,,,,,,,,,,,,,,,,,,,,,,,,,,,CUSTOMER,HETALLS GLOBAL PRIVATE LIMITED,Individual,Consumer,-,,,,HANDMADE --,FALSE,,,,,,,,,
,,,,,,,,,,,,,,,,,,,,,,,,,,,,,CUSTOMER,HETALLS GLOBAL PRIVATE LIMITED,Individual,Consumer,-,,,,HANDMADE --,FALSE,,,,,,,,,
,,,,,,,,,,,,,,,,,,,,,,,,,,,,,CUSTOMER,HETALLS GLOBAL PRIVATE LIMITED,Individual,Consumer,-,,,,HANDMADE --,FALSE,,,,,,,,,
,,,,,,,,,,,,,,,,,,,,,,,,,,,,,CUSTOMER,HETALLS GLOBAL PRIVATE LIMITED,Individual,Consumer,-,,,,HANDMADE --,FALSE,,,,,,,,,
,,,,,,,,,,,,,,,,,,,,,,,,,,,,,CUSTOMER,HETALLS GLOBAL PRIVATE LIMITED,Individual,Consumer,-,,,,HANDMADE --,FALSE,,,,,,,,,
,,,,,,,,,,,,,,,,,,,,,,,,,,,,,CUSTOMER,HETALLS GLOBAL PRIVATE LIMITED,Individual,Consumer,-,,,,HANDMADE --,FALSE,,,,,,,,,
,,,,,,,,,,,,,,,,,,,,,,,,,,,,,CUSTOMER,HETALLS GLOBAL PRIVATE LIMITED,Individual,Consumer,-,,,,HANDMADE --,FALSE,,,,,,,,,
,,,,,,,,,,,,,,,,,,,,,,,,,,,,,CUSTOMER,HETALLS GLOBAL PRIVATE LIMITED,Individual,Consumer,-,,,,HANDMADE --,FALSE,,,,,,,,,
,,,,,,,,,,,,,,,,,,,,,,,,,,,,,CUSTOMER,HETALLS GLOBAL PRIVATE LIMITED,Individual,Consumer,-,,,,HANDMADE --,FALSE,,,,,,,,,
,,,,,,,,,,,,,,,,,,,,,,,,,,,,,CUSTOMER,HETALLS GLOBAL PRIVATE LIMITED,Individual,Consumer,-,,,,HANDMADE --,FALSE,,,,,,,,,
,,,,,,,,,,,,,,,,,,,,,,,,,,,,,CUSTOMER,HETALLS GLOBAL PRIVATE LIMITED,Individual,Consumer,-,,,,HANDMADE --,FALSE,,,,,,,,,
,,,,,,,,,,,,,,,,,,,,,,,,,,,,,CUSTOMER,HETALLS GLOBAL PRIVATE LIMITED,Individual,Consumer,-,,,,HANDMADE --,FALSE,,,,,,,,,
,,,,,,,,,,,,,,,,,,,,,,,,,,,,,CUSTOMER,HETALLS GLOBAL PRIVATE LIMITED,Individual,Consumer,-,,,,HANDMADE --,FALSE,,,,,,,,,
,,,,,,,,,,,,,,,,,,,,,,,,,,,,,CUSTOMER,HETALLS GLOBAL PRIVATE LIMITED,Individual,Consumer,-,,,,HANDMADE --,FALSE,,,,,,,,,
,,,,,,,,,,,,,,,,,,,,,,,,,,,,,CUSTOMER,HETALLS GLOBAL PRIVATE LIMITED,Individual,Consumer,-,,,,HANDMADE --,FALSE,,,,,,,,,
,,,,,,,,,,,,,,,,,,,,,,,,,,,,,CUSTOMER,HETALLS GLOBAL PRIVATE LIMITED,Individual,Consumer,-,,,,HANDMADE --,FALSE,,,,,,,,,
,,,,,,,,,,,,,,,,,,,,,,,,,,,,,CUSTOMER,HETALLS GLOBAL PRIVATE LIMITED,Individual,Consumer,-,,,,HANDMADE --,FALSE,,,,,,,,,
,,,,,,,,,,,,,,,,,,,,,,,,,,,,,CUSTOMER,HETALLS GLOBAL PRIVATE LIMITED,Individual,Consumer,-,,,,HANDMADE --,FALSE,,,,,,,,,
,,,,,,,,,,,,,,,,,,,,,,,,,,,,,CUSTOMER,HETALLS GLOBAL PRIVATE LIMITED,Individual,Consumer,-,,,,HANDMADE --,FALSE,,,,,,,,,
,,,,,,,,,,,,,,,,,,,,,,,,,,,,,CUSTOMER,HETALLS GLOBAL PRIVATE LIMITED,Individual,Consumer,-,,,,HANDMADE --,FALSE,,,,,,,,,
,,,,,,,,,,,,,,,,,,,,,,,,,,,,,CUSTOMER,HETALLS GLOBAL PRIVATE LIMITED,Individual,Consumer,-,,,,HANDMADE --,FALSE,,,,,,,,,
,,,,,,,,,,,,,,,,,,,,,,,,,,,,,CUSTOMER,HETALLS GLOBAL PRIVATE LIMITED,Individual,Consumer,-,,,,HANDMADE --,FALSE,,,,,,,,,
,,,,,,,,,,,,,,,,,,,,,,,,,,,,,CUSTOMER,HETALLS GLOBAL PRIVATE LIMITED,Individual,Consumer,-,,,,HANDMADE --,FALSE,,,,,,,,,
,,,,,,,,,,,,,,,,,,,,,,,,,,,,,CUSTOMER,HETALLS GLOBAL PRIVATE LIMITED,Individual,Consumer,-,,,,HANDMADE --,FALSE,,,,,,,,,
,,,,,,,,,,,,,,,,,,,,,,,,,,,,,CUSTOMER,HETALLS GLOBAL PRIVATE LIMITED,Individual,Consumer,-,,,,HANDMADE --,FALSE,,,,,,,,,
,,,,,,,,,,,,,,,,,,,,,,,,,,,,,CUSTOMER,HETALLS GLOBAL PRIVATE LIMITED,Individual,Consumer,-,,,,HANDMADE --,FALSE,,,,,,,,,
,,,,,,,,,,,,,,,,,,,,,,,,,,,,,CUSTOMER,HETALLS GLOBAL PRIVATE LIMITED,Individual,Consumer,-,,,,HANDMADE --,FALSE,,,,,,,,,
,,,,,,,,,,,,,,,,,,,,,,,,,,,,,CUSTOMER,HETALLS GLOBAL PRIVATE LIMITED,Individual,Consumer,-,,,,HANDMADE --,FALSE,,,,,,,,,
,,,,,,,,,,,,,,,,,,,,,,,,,,,,,CUSTOMER,HETALLS GLOBAL PRIVATE LIMITED,Individual,Consumer,-,,,,HANDMADE --,FALSE,,,,,,,,,
,,,,,,,,,,,,,,,,,,,,,,,,,,,,,CUSTOMER,HETALLS GLOBAL PRIVATE LIMITED,Individual,Consumer,-,,,,HANDMADE --,FALSE,,,,,,,,,
,,,,,,,,,,,,,,,,,,,,,,,,,,,,,CUSTOMER,HETALLS GLOBAL PRIVATE LIMITED,Individual,Consumer,-,,,,HANDMADE --,FALSE,,,,,,,,,
,,,,,,,,,,,,,,,,,,,,,,,,,,,,,CUSTOMER,HETALLS GLOBAL PRIVATE LIMITED,Individual,Consumer,-,,,,HANDMADE --,FALSE,,,,,,,,,
,,,,,,,,,,,,,,,,,,,,,,,,,,,,,CUSTOMER,HETALLS GLOBAL PRIVATE LIMITED,Individual,Consumer,-,,,,HANDMADE --,FALSE,,,,,,,,,
,,,,,,,,,,,,,,,,,,,,,,,,,,,,,CUSTOMER,HETALLS GLOBAL PRIVATE LIMITED,Individual,Consumer,-,,,,HANDMADE --,FALSE,,,,,,,,,
,,,,,,,,,,,,,,,,,,,,,,,,,,,,,CUSTOMER,HETALLS GLOBAL PRIVATE LIMITED,Individual,Consumer,-,,,,HANDMADE --,FALSE,,,,,,,,,
,,,,,,,,,,,,,,,,,,,,,,,,,,,,,CUSTOMER,HETALLS GLOBAL PRIVATE LIMITED,Individual,Consumer,-,,,,HANDMADE --,FALSE,,,,,,,,,
,,,,,,,,,,,,,,,,,,,,,,,,,,,,,CUSTOMER,HETALLS GLOBAL PRIVATE LIMITED,Individual,Consumer,-,,,,HANDMADE --,FALSE,,,,,,,,,
,,,,,,,,,,,,,,,,,,,,,,,,,,,,,CUSTOMER,HETALLS GLOBAL PRIVATE LIMITED,Individual,Consumer,-,,,,HANDMADE --,FALSE,,,,,,,,,
,,,,,,,,,,,,,,,,,,,,,,,,,,,,,CUSTOMER,HETALLS GLOBAL PRIVATE LIMITED,Individual,Consumer,-,,,,HANDMADE --,FALSE,,,,,,,,,
,,,,,,,,,,,,,,,,,,,,,,,,,,,,,CUSTOMER,HETALLS GLOBAL PRIVATE LIMITED,Individual,Consumer,-,,,,HANDMADE --,FALSE,,,,,,,,,
,,,,,,,,,,,,,,,,,,,,,,,,,,,,,CUSTOMER,HETALLS GLOBAL PRIVATE LIMITED,Individual,Consumer,-,,,,HANDMADE --,FALSE,,,,,,,,,
,,,,,,,,,,,,,,,,,,,,,,,,,,,,,CUSTOMER,HETALLS GLOBAL PRIVATE LIMITED,Individual,Consumer,-,,,,HANDMADE --,FALSE,,,,,,,,,
,,,,,,,,,,,,,,,,,,,,,,,,,,,,,CUSTOMER,HETALLS GLOBAL PRIVATE LIMITED,Individual,Consumer,-,,,,HANDMADE --,FALSE,,,,,,,,,
,,,,,,,,,,,,,,,,,,,,,,,,,,,,,CUSTOMER,HETALLS GLOBAL PRIVATE LIMITED,Individual,Consumer,-,,,,HANDMADE --,FALSE,,,,,,,,,
,,,,,,,,,,,,,,,,,,,,,,,,,,,,,CUSTOMER,HETALLS GLOBAL PRIVATE LIMITED,Individual,Consumer,-,,,,HANDMADE --,FALSE,,,,,,,,,
,,,,,,,,,,,,,,,,,,,,,,,,,,,,,CUSTOMER,HETALLS GLOBAL PRIVATE LIMITED,Individual,Consumer,-,,,,HANDMADE --,FALSE,,,,,,,,,
,,,,,,,,,,,,,,,,,,,,,,,,,,,,,CUSTOMER,HETALLS GLOBAL PRIVATE LIMITED,Individual,Consumer,-,,,,HANDMADE --,FALSE,,,,,,,,,
,,,,,,,,,,,,,,,,,,,,,,,,,,,,,CUSTOMER,HETALLS GLOBAL PRIVATE LIMITED,Individual,Consumer,-,,,,HANDMADE --,FALSE,,,,,,,,,
,,,,,,,,,,,,,,,,,,,,,,,,,,,,,CUSTOMER,HETALLS GLOBAL PRIVATE LIMITED,Individual,Consumer,-,,,,HANDMADE --,FALSE,,,,,,,,,
,,,,,,,,,,,,,,,,,,,,,,,,,,,,,CUSTOMER,HETALLS GLOBAL PRIVATE LIMITED,Individual,Consumer,-,,,,HANDMADE --,FALSE,,,,,,,,,
,,,,,,,,,,,,,,,,,,,,,,,,,,,,,CUSTOMER,HETALLS GLOBAL PRIVATE LIMITED,Individual,Consumer,-,,,,HANDMADE --,FALSE,,,,,,,,,
,,,,,,,,,,,,,,,,,,,,,,,,,,,,,CUSTOMER,HETALLS GLOBAL PRIVATE LIMITED,Individual,Consumer,-,,,,HANDMADE --,FALSE,,,,,,,,,
,,,,,,,,,,,,,,,,,,,,,,,,,,,,,CUSTOMER,HETALLS GLOBAL PRIVATE LIMITED,Individual,Consumer,-,,,,HANDMADE --,FALSE,,,,,,,,,
,,,,,,,,,,,,,,,,,,,,,,,,,,,,,CUSTOMER,HETALLS GLOBAL PRIVATE LIMITED,Individual,Consumer,-,,,,HANDMADE --,FALSE,,,,,,,,,
,,,,,,,,,,,,,,,,,,,,,,,,,,,,,CUSTOMER,HETALLS GLOBAL PRIVATE LIMITED,Individual,Consumer,-,,,,HANDMADE --,FALSE,,,,,,,,,
,,,,,,,,,,,,,,,,,,,,,,,,,,,,,CUSTOMER,HETALLS GLOBAL PRIVATE LIMITED,Individual,Consumer,-,,,,HANDMADE --,FALSE,,,,,,,,,
,,,,,,,,,,,,,,,,,,,,,,,,,,,,,CUSTOMER,HETALLS GLOBAL PRIVATE LIMITED,Individual,Consumer,-,,,,HANDMADE --,FALSE,,,,,,,,,
,,,,,,,,,,,,,,,,,,,,,,,,,,,,,CUSTOMER,HETALLS GLOBAL PRIVATE LIMITED,Individual,Consumer,-,,,,HANDMADE --,FALSE,,,,,,,,,
,,,,,,,,,,,,,,,,,,,,,,,,,,,,,CUSTOMER,HETALLS GLOBAL PRIVATE LIMITED,Individual,Consumer,-,,,,HANDMADE --,FALSE,,,,,,,,,
,,,,,,,,,,,,,,,,,,,,,,,,,,,,,CUSTOMER,HETALLS GLOBAL PRIVATE LIMITED,Individual,Consumer,-,,,,HANDMADE --,FALSE,,,,,,,,,
,,,,,,,,,,,,,,,,,,,,,,,,,,,,,CUSTOMER,HETALLS GLOBAL PRIVATE LIMITED,Individual,Consumer,-,,,,HANDMADE --,FALSE,,,,,,,,,
,,,,,,,,,,,,,,,,,,,,,,,,,,,,,CUSTOMER,HETALLS GLOBAL PRIVATE LIMITED,Individual,Consumer,-,,,,HANDMADE --,FALSE,,,,,,,,,
,,,,,,,,,,,,,,,,,,,,,,,,,,,,,CUSTOMER,HETALLS GLOBAL PRIVATE LIMITED,Individual,Consumer,-,,,,HANDMADE --,FALSE,,,,,,,,,
,,,,,,,,,,,,,,,,,,,,,,,,,,,,,CUSTOMER,HETALLS GLOBAL PRIVATE LIMITED,Individual,Consumer,-,,,,HANDMADE --,FALSE,,,,,,,,,
,,,,,,,,,,,,,,,,,,,,,,,,,,,,,CUSTOMER,HETALLS GLOBAL PRIVATE LIMITED,Individual,Consumer,-,,,,HANDMADE --,FALSE,,,,,,,,,
,,,,,,,,,,,,,,,,,,,,,,,,,,,,,CUSTOMER,HETALLS GLOBAL PRIVATE LIMITED,Individual,Consumer,-,,,,HANDMADE --,FALSE,,,,,,,,,
,,,,,,,,,,,,,,,,,,,,,,,,,,,,,CUSTOMER,HETALLS GLOBAL PRIVATE LIMITED,Individual,Consumer,-,,,,HANDMADE --,FALSE,,,,,,,,,
,,,,,,,,,,,,,,,,,,,,,,,,,,,,,CUSTOMER,HETALLS GLOBAL PRIVATE LIMITED,Individual,Consumer,-,,,,HANDMADE --,FALSE,,,,,,,,,
,,,,,,,,,,,,,,,,,,,,,,,,,,,,,CUSTOMER,HETALLS GLOBAL PRIVATE LIMITED,Individual,Consumer,-,,,,HANDMADE --,FALSE,,,,,,,,,
,,,,,,,,,,,,,,,,,,,,,,,,,,,,,CUSTOMER,HETALLS GLOBAL PRIVATE LIMITED,Individual,Consumer,-,,,,HANDMADE --,FALSE,,,,,,,,,
,,,,,,,,,,,,,,,,,,,,,,,,,,,,,CUSTOMER,HETALLS GLOBAL PRIVATE LIMITED,Individual,Consumer,-,,,,HANDMADE --,FALSE,,,,,,,,,
,,,,,,,,,,,,,,,,,,,,,,,,,,,,,CUSTOMER,HETALLS GLOBAL PRIVATE LIMITED,Individual,Consumer,-,,,,HANDMADE --,FALSE,,,,,,,,,
,,,,,,,,,,,,,,,,,,,,,,,,,,,,,CUSTOMER,HETALLS GLOBAL PRIVATE LIMITED,Individual,Consumer,-,,,,HANDMADE --,FALSE,,,,,,,,,
,,,,,,,,,,,,,,,,,,,,,,,,,,,,,CUSTOMER,HETALLS GLOBAL PRIVATE LIMITED,Individual,Consumer,-,,,,HANDMADE --,FALSE,,,,,,,,,
,,,,,,,,,,,,,,,,,,,,,,,,,,,,,CUSTOMER,HETALLS GLOBAL PRIVATE LIMITED,Individual,Consumer,-,,,,HANDMADE --,FALSE,,,,,,,,,
,,,,,,,,,,,,,,,,,,,,,,,,,,,,,CUSTOMER,HETALLS GLOBAL PRIVATE LIMITED,Individual,Consumer,-,,,,HANDMADE --,FALSE,,,,,,,,,
,,,,,,,,,,,,,,,,,,,,,,,,,,,,,CUSTOMER,HETALLS GLOBAL PRIVATE LIMITED,Individual,Consumer,-,,,,HANDMADE --,FALSE,,,,,,,,,
,,,,,,,,,,,,,,,,,,,,,,,,,,,,,CUSTOMER,HETALLS GLOBAL PRIVATE LIMITED,Individual,Consumer,-,,,,HANDMADE --,FALSE,,,,,,,,,
,,,,,,,,,,,,,,,,,,,,,,,,,,,,,CUSTOMER,HETALLS GLOBAL PRIVATE LIMITED,Individual,Consumer,-,,,,HANDMADE --,FALSE,,,,,,,,,
,,,,,,,,,,,,,,,,,,,,,,,,,,,,,CUSTOMER,HETALLS GLOBAL PRIVATE LIMITED,Individual,Consumer,-,,,,HANDMADE --,FALSE,,,,,,,,,
,,,,,,,,,,,,,,,,,,,,,,,,,,,,,CUSTOMER,HETALLS GLOBAL PRIVATE LIMITED,Individual,Consumer,-,,,,HANDMADE --,FALSE,,,,,,,,,
,,,,,,,,,,,,,,,,,,,,,,,,,,,,,CUSTOMER,HETALLS GLOBAL PRIVATE LIMITED,Individual,Consumer,-,,,,HANDMADE --,FALSE,,,,,,,,,
,,,,,,,,,,,,,,,,,,,,,,,,,,,,,CUSTOMER,HETALLS GLOBAL PRIVATE LIMITED,Individual,Consumer,-,,,,HANDMADE --,FALSE,,,,,,,,,
,,,,,,,,,,,,,,,,,,,,,,,,,,,,,CUSTOMER,HETALLS GLOBAL PRIVATE LIMITED,Individual,Consumer,-,,,,HANDMADE --,FALSE,,,,,,,,,
,,,,,,,,,,,,,,,,,,,,,,,,,,,,,CUSTOMER,HETALLS GLOBAL PRIVATE LIMITED,Individual,Consumer,-,,,,HANDMADE --,FALSE,,,,,,,,,
,,,,,,,,,,,,,,,,,,,,,,,,,,,,,CUSTOMER,HETALLS GLOBAL PRIVATE LIMITED,Individual,Consumer,-,,,,HANDMADE --,FALSE,,,,,,,,,
,,,,,,,,,,,,,,,,,,,,,,,,,,,,,CUSTOMER,HETALLS GLOBAL PRIVATE LIMITED,Individual,Consumer,-,,,,HANDMADE --,FALSE,,,,,,,,,
,,,,,,,,,,,,,,,,,,,,,,,,,,,,,CUSTOMER,HETALLS GLOBAL PRIVATE LIMITED,Individual,Consumer,-,,,,HANDMADE --,FALSE,,,,,,,,,
,,,,,,,,,,,,,,,,,,,,,,,,,,,,,CUSTOMER,HETALLS GLOBAL PRIVATE LIMITED,Individual,Consumer,-,,,,HANDMADE --,FALSE,,,,,,,,,
,,,,,,,,,,,,,,,,,,,,,,,,,,,,,CUSTOMER,HETALLS GLOBAL PRIVATE LIMITED,Individual,Consumer,-,,,,HANDMADE --,FALSE,,,,,,,,,
,,,,,,,,,,,,,,,,,,,,,,,,,,,,,CUSTOMER,HETALLS GLOBAL PRIVATE LIMITED,Individual,Consumer,-,,,,HANDMADE --,FALSE,,,,,,,,,
,,,,,,,,,,,,,,,,,,,,,,,,,,,,,CUSTOMER,HETALLS GLOBAL PRIVATE LIMITED,Individual,Consumer,-,,,,HANDMADE --,FALSE,,,,,,,,,
,,,,,,,,,,,,,,,,,,,,,,,,,,,,,CUSTOMER,HETALLS GLOBAL PRIVATE LIMITED,Individual,Consumer,-,,,,HANDMADE --,FALSE,,,,,,,,,
,,,,,,,,,,,,,,,,,,,,,,,,,,,,,CUSTOMER,HETALLS GLOBAL PRIVATE LIMITED,Individual,Consumer,-,,,,HANDMADE --,FALSE,,,,,,,,,
,,,,,,,,,,,,,,,,,,,,,,,,,,,,,CUSTOMER,HETALLS GLOBAL PRIVATE LIMITED,Individual,Consumer,-,,,,HANDMADE --,FALSE,,,,,,,,,
,,,,,,,,,,,,,,,,,,,,,,,,,,,,,CUSTOMER,HETALLS GLOBAL PRIVATE LIMITED,Individual,Consumer,-,,,,HANDMADE --,FALSE,,,,,,,,,
,,,,,,,,,,,,,,,,,,,,,,,,,,,,,CUSTOMER,HETALLS GLOBAL PRIVATE LIMITED,Individual,Consumer,-,,,,HANDMADE --,FALSE,,,,,,,,,
,,,,,,,,,,,,,,,,,,,,,,,,,,,,,CUSTOMER,HETALLS GLOBAL PRIVATE LIMITED,Individual,Consumer,-,,,,HANDMADE --,FALSE,,,,,,,,,
,,,,,,,,,,,,,,,,,,,,,,,,,,,,,CUSTOMER,HETALLS GLOBAL PRIVATE LIMITED,Individual,Consumer,-,,,,HANDMADE --,FALSE,,,,,,,,,
,,,,,,,,,,,,,,,,,,,,,,,,,,,,,CUSTOMER,HETALLS GLOBAL PRIVATE LIMITED,Individual,Consumer,-,,,,HANDMADE --,FALSE,,,,,,,,,
,,,,,,,,,,,,,,,,,,,,,,,,,,,,,CUSTOMER,HETALLS GLOBAL PRIVATE LIMITED,Individual,Consumer,-,,,,HANDMADE --,FALSE,,,,,,,,,
,,,,,,,,,,,,,,,,,,,,,,,,,,,,,CUSTOMER,HETALLS GLOBAL PRIVATE LIMITED,Individual,Consumer,-,,,,HANDMADE --,FALSE,,,,,,,,,
,,,,,,,,,,,,,,,,,,,,,,,,,,,,,CUSTOMER,HETALLS GLOBAL PRIVATE LIMITED,Individual,Consumer,-,,,,HANDMADE --,FALSE,,,,,,,,,
,,,,,,,,,,,,,,,,,,,,,,,,,,,,,CUSTOMER,HETALLS GLOBAL PRIVATE LIMITED,Individual,Consumer,-,,,,HANDMADE --,FALSE,,,,,,,,,
,,,,,,,,,,,,,,,,,,,,,,,,,,,,,CUSTOMER,HETALLS GLOBAL PRIVATE LIMITED,Individual,Consumer,-,,,,HANDMADE --,FALSE,,,,,,,,,
,,,,,,,,,,,,,,,,,,,,,,,,,,,,,CUSTOMER,HETALLS GLOBAL PRIVATE LIMITED,Individual,Consumer,-,,,,HANDMADE --,FALSE,,,,,,,,,
,,,,,,,,,,,,,,,,,,,,,,,,,,,,,CUSTOMER,HETALLS GLOBAL PRIVATE LIMITED,Individual,Consumer,-,,,,HANDMADE --,FALSE,,,,,,,,,
,,,,,,,,,,,,,,,,,,,,,,,,,,,,,CUSTOMER,HETALLS GLOBAL PRIVATE LIMITED,Individual,Consumer,-,,,,HANDMADE --,FALSE,,,,,,,,,
,,,,,,,,,,,,,,,,,,,,,,,,,,,,,CUSTOMER,HETALLS GLOBAL PRIVATE LIMITED,Individual,Consumer,-,,,,HANDMADE --,FALSE,,,,,,,,,
,,,,,,,,,,,,,,,,,,,,,,,,,,,,,CUSTOMER,HETALLS GLOBAL PRIVATE LIMITED,Individual,Consumer,-,,,,HANDMADE --,FALSE,,,,,,,,,
,,,,,,,,,,,,,,,,,,,,,,,,,,,,,CUSTOMER,HETALLS GLOBAL PRIVATE LIMITED,Individual,Consumer,-,,,,HANDMADE --,FALSE,,,,,,,,,
,,,,,,,,,,,,,,,,,,,,,,,,,,,,,CUSTOMER,HETALLS GLOBAL PRIVATE LIMITED,Individual,Consumer,-,,,,HANDMADE --,FALSE,,,,,,,,,
,,,,,,,,,,,,,,,,,,,,,,,,,,,,,CUSTOMER,HETALLS GLOBAL PRIVATE LIMITED,Individual,Consumer,-,,,,HANDMADE --,FALSE,,,,,,,,,
,,,,,,,,,,,,,,,,,,,,,,,,,,,,,CUSTOMER,HETALLS GLOBAL PRIVATE LIMITED,Individual,Consumer,-,,,,HANDMADE --,FALSE,,,,,,,,,
,,,,,,,,,,,,,,,,,,,,,,,,,,,,,CUSTOMER,HETALLS GLOBAL PRIVATE LIMITED,Individual,Consumer,-,,,,HANDMADE --,FALSE,,,,,,,,,
,,,,,,,,,,,,,,,,,,,,,,,,,,,,,CUSTOMER,HETALLS GLOBAL PRIVATE LIMITED,Individual,Consumer,-,,,,HANDMADE --,FALSE,,,,,,,,,
,,,,,,,,,,,,,,,,,,,,,,,,,,,,,CUSTOMER,HETALLS GLOBAL PRIVATE LIMITED,Individual,Consumer,-,,,,HANDMADE --,FALSE,,,,,,,,,
,,,,,,,,,,,,,,,,,,,,,,,,,,,,,CUSTOMER,HETALLS GLOBAL PRIVATE LIMITED,Individual,Consumer,-,,,,HANDMADE --,FALSE,,,,,,,,,
,,,,,,,,,,,,,,,,,,,,,,,,,,,,,CUSTOMER,HETALLS GLOBAL PRIVATE LIMITED,Individual,Consumer,-,,,,HANDMADE --,FALSE,,,,,,,,,
,,,,,,,,,,,,,,,,,,,,,,,,,,,,,CUSTOMER,HETALLS GLOBAL PRIVATE LIMITED,Individual,Consumer,-,,,,HANDMADE --,FALSE,,,,,,,,,
,,,,,,,,,,,,,,,,,,,,,,,,,,,,,CUSTOMER,HETALLS GLOBAL PRIVATE LIMITED,Individual,Consumer,-,,,,HANDMADE --,FALSE,,,,,,,,,
,,,,,,,,,,,,,,,,,,,,,,,,,,,,,CUSTOMER,HETALLS GLOBAL PRIVATE LIMITED,Individual,Consumer,-,,,,HANDMADE --,FALSE,,,,,,,,,
,,,,,,,,,,,,,,,,,,,,,,,,,,,,,CUSTOMER,HETALLS GLOBAL PRIVATE LIMITED,Individual,Consumer,-,,,,HANDMADE --,FALSE,,,,,,,,,
,,,,,,,,,,,,,,,,,,,,,,,,,,,,,CUSTOMER,HETALLS GLOBAL PRIVATE LIMITED,Individual,Consumer,-,,,,HANDMADE --,FALSE,,,,,,,,,
,,,,,,,,,,,,,,,,,,,,,,,,,,,,,CUSTOMER,HETALLS GLOBAL PRIVATE LIMITED,Individual,Consumer,-,,,,HANDMADE --,FALSE,,,,,,,,,
,,,,,,,,,,,,,,,,,,,,,,,,,,,,,CUSTOMER,HETALLS GLOBAL PRIVATE LIMITED,Individual,Consumer,-,,,,HANDMADE --,FALSE,,,,,,,,,
,,,,,,,,,,,,,,,,,,,,,,,,,,,,,CUSTOMER,HETALLS GLOBAL PRIVATE LIMITED,Individual,Consumer,-,,,,HANDMADE --,FALSE,,,,,,,,,
,,,,,,,,,,,,,,,,,,,,,,,,,,,,,CUSTOMER,HETALLS GLOBAL PRIVATE LIMITED,Individual,Consumer,-,,,,HANDMADE --,FALSE,,,,,,,,,
,,,,,,,,,,,,,,,,,,,,,,,,,,,,,CUSTOMER,HETALLS GLOBAL PRIVATE LIMITED,Individual,Consumer,-,,,,HANDMADE --,FALSE,,,,,,,,,
,,,,,,,,,,,,,,,,,,,,,,,,,,,,,CUSTOMER,HETALLS GLOBAL PRIVATE LIMITED,Individual,Consumer,-,,,,HANDMADE --,FALSE,,,,,,,,,
,,,,,,,,,,,,,,,,,,,,,,,,,,,,,CUSTOMER,HETALLS GLOBAL PRIVATE LIMITED,Individual,Consumer,-,,,,HANDMADE --,FALSE,,,,,,,,,
,,,,,,,,,,,,,,,,,,,,,,,,,,,,,CUSTOMER,HETALLS GLOBAL PRIVATE LIMITED,Individual,Consumer,-,,,,HANDMADE --,FALSE,,,,,,,,,
,,,,,,,,,,,,,,,,,,,,,,,,,,,,,CUSTOMER,HETALLS GLOBAL PRIVATE LIMITED,Individual,Consumer,-,,,,HANDMADE --,FALSE,,,,,,,,,
,,,,,,,,,,,,,,,,,,,,,,,,,,,,,CUSTOMER,HETALLS GLOBAL PRIVATE LIMITED,Individual,Consumer,-,,,,HANDMADE --,FALSE,,,,,,,,,
,,,,,,,,,,,,,,,,,,,,,,,,,,,,,CUSTOMER,HETALLS GLOBAL PRIVATE LIMITED,Individual,Consumer,-,,,,HANDMADE --,FALSE,,,,,,,,,
,,,,,,,,,,,,,,,,,,,,,,,,,,,,,CUSTOMER,HETALLS GLOBAL PRIVATE LIMITED,Individual,Consumer,-,,,,HANDMADE --,FALSE,,,,,,,,,
,,,,,,,,,,,,,,,,,,,,,,,,,,,,,CUSTOMER,HETALLS GLOBAL PRIVATE LIMITED,Individual,Consumer,-,,,,HANDMADE --,FALSE,,,,,,,,,
,,,,,,,,,,,,,,,,,,,,,,,,,,,,,CUSTOMER,HETALLS GLOBAL PRIVATE LIMITED,Individual,Consumer,-,,,,HANDMADE --,FALSE,,,,,,,,,
,,,,,,,,,,,,,,,,,,,,,,,,,,,,,CUSTOMER,HETALLS GLOBAL PRIVATE LIMITED,Individual,Consumer,-,,,,HANDMADE --,FALSE,,,,,,,,,
,,,,,,,,,,,,,,,,,,,,,,,,,,,,,CUSTOMER,HETALLS GLOBAL PRIVATE LIMITED,Individual,Consumer,-,,,,HANDMADE --,FALSE,,,,,,,,,
,,,,,,,,,,,,,,,,,,,,,,,,,,,,,CUSTOMER,HETALLS GLOBAL PRIVATE LIMITED,Individual,Consumer,-,,,,HANDMADE --,FALSE,,,,,,,,,
,,,,,,,,,,,,,,,,,,,,,,,,,,,,,CUSTOMER,HETALLS GLOBAL PRIVATE LIMITED,Individual,Consumer,-,,,,HANDMADE --,FALSE,,,,,,,,,
,,,,,,,,,,,,,,,,,,,,,,,,,,,,,CUSTOMER,HETALLS GLOBAL PRIVATE LIMITED,Individual,Consumer,-,,,,HANDMADE --,FALSE,,,,,,,,,
,,,,,,,,,,,,,,,,,,,,,,,,,,,,,CUSTOMER,HETALLS GLOBAL PRIVATE LIMITED,Individual,Consumer,-,,,,HANDMADE --,FALSE,,,,,,,,,
,,,,,,,,,,,,,,,,,,,,,,,,,,,,,CUSTOMER,HETALLS GLOBAL PRIVATE LIMITED,Individual,Consumer,-,,,,HANDMADE --,FALSE,,,,,,,,,
,,,,,,,,,,,,,,,,,,,,,,,,,,,,,CUSTOMER,HETALLS GLOBAL PRIVATE LIMITED,Individual,Consumer,-,,,,HANDMADE --,FALSE,,,,,,,,,
,,,,,,,,,,,,,,,,,,,,,,,,,,,,,CUSTOMER,HETALLS GLOBAL PRIVATE LIMITED,Individual,Consumer,-,,,,HANDMADE --,FALSE,,,,,,,,,
,,,,,,,,,,,,,,,,,,,,,,,,,,,,,CUSTOMER,HETALLS GLOBAL PRIVATE LIMITED,Individual,Consumer,-,,,,HANDMADE --,FALSE,,,,,,,,,
,,,,,,,,,,,,,,,,,,,,,,,,,,,,,CUSTOMER,HETALLS GLOBAL PRIVATE LIMITED,Individual,Consumer,-,,,,HANDMADE --,FALSE,,,,,,,,,
,,,,,,,,,,,,,,,,,,,,,,,,,,,,,CUSTOMER,HETALLS GLOBAL PRIVATE LIMITED,Individual,Consumer,-,,,,HANDMADE --,FALSE,,,,,,,,,
,,,,,,,,,,,,,,,,,,,,,,,,,,,,,CUSTOMER,HETALLS GLOBAL PRIVATE LIMITED,Individual,Consumer,-,,,,HANDMADE --,FALSE,,,,,,,,,
,,,,,,,,,,,,,,,,,,,,,,,,,,,,,CUSTOMER,HETALLS GLOBAL PRIVATE LIMITED,Individual,Consumer,-,,,,HANDMADE --,FALSE,,,,,,,,,
,,,,,,,,,,,,,,,,,,,,,,,,,,,,,CUSTOMER,HETALLS GLOBAL PRIVATE LIMITED,Individual,Consumer,-,,,,HANDMADE --,FALSE,,,,,,,,,
,,,,,,,,,,,,,,,,,,,,,,,,,,,,,CUSTOMER,HETALLS GLOBAL PRIVATE LIMITED,Individual,Consumer,-,,,,HANDMADE --,FALSE,,,,,,,,,
,,,,,,,,,,,,,,,,,,,,,,,,,,,,,CUSTOMER,HETALLS GLOBAL PRIVATE LIMITED,Individual,Consumer,-,,,,HANDMADE --,FALSE,,,,,,,,,
,,,,,,,,,,,,,,,,,,,,,,,,,,,,,CUSTOMER,HETALLS GLOBAL PRIVATE LIMITED,Individual,Consumer,-,,,,HANDMADE --,FALSE,,,,,,,,,
,,,,,,,,,,,,,,,,,,,,,,,,,,,,,CUSTOMER,HETALLS GLOBAL PRIVATE LIMITED,Individual,Consumer,-,,,,HANDMADE --,FALSE,,,,,,,,,
,,,,,,,,,,,,,,,,,,,,,,,,,,,,,CUSTOMER,HETALLS GLOBAL PRIVATE LIMITED,Individual,Consumer,-,,,,HANDMADE --,FALSE,,,,,,,,,
,,,,,,,,,,,,,,,,,,,,,,,,,,,,,CUSTOMER,HETALLS GLOBAL PRIVATE LIMITED,Individual,Consumer,-,,,,HANDMADE --,FALSE,,,,,,,,,
,,,,,,,,,,,,,,,,,,,,,,,,,,,,,CUSTOMER,HETALLS GLOBAL PRIVATE LIMITED,Individual,Consumer,-,,,,HANDMADE --,FALSE,,,,,,,,,
,,,,,,,,,,,,,,,,,,,,,,,,,,,,,CUSTOMER,HETALLS GLOBAL PRIVATE LIMITED,Individual,Consumer,-,,,,HANDMADE --,FALSE,,,,,,,,,
,,,,,,,,,,,,,,,,,,,,,,,,,,,,,CUSTOMER,HETALLS GLOBAL PRIVATE LIMITED,Individual,Consumer,-,,,,HANDMADE --,FALSE,,,,,,,,,
,,,,,,,,,,,,,,,,,,,,,,,,,,,,,CUSTOMER,HETALLS GLOBAL PRIVATE LIMITED,Individual,Consumer,-,,,,HANDMADE --,FALSE,,,,,,,,,
,,,,,,,,,,,,,,,,,,,,,,,,,,,,,CUSTOMER,HETALLS GLOBAL PRIVATE LIMITED,Individual,Consumer,-,,,,HANDMADE --,FALSE,,,,,,,,,
,,,,,,,,,,,,,,,,,,,,,,,,,,,,,CUSTOMER,HETALLS GLOBAL PRIVATE LIMITED,Individual,Consumer,-,,,,HANDMADE --,FALSE,,,,,,,,,
,,,,,,,,,,,,,,,,,,,,,,,,,,,,,CUSTOMER,HETALLS GLOBAL PRIVATE LIMITED,Individual,Consumer,-,,,,HANDMADE --,FALSE,,,,,,,,,
,,,,,,,,,,,,,,,,,,,,,,,,,,,,,CUSTOMER,HETALLS GLOBAL PRIVATE LIMITED,Individual,Consumer,-,,,,HANDMADE --,FALSE,,,,,,,,,
,,,,,,,,,,,,,,,,,,,,,,,,,,,,,CUSTOMER,HETALLS GLOBAL PRIVATE LIMITED,Individual,Consumer,-,,,,HANDMADE --,FALSE,,,,,,,,,
,,,,,,,,,,,,,,,,,,,,,,,,,,,,,CUSTOMER,HETALLS GLOBAL PRIVATE LIMITED,Individual,Consumer,-,,,,HANDMADE --,FALSE,,,,,,,,,
,,,,,,,,,,,,,,,,,,,,,,,,,,,,,CUSTOMER,HETALLS GLOBAL PRIVATE LIMITED,Individual,Consumer,-,,,,HANDMADE --,FALSE,,,,,,,,,
,,,,,,,,,,,,,,,,,,,,,,,,,,,,,CUSTOMER,HETALLS GLOBAL PRIVATE LIMITED,Individual,Consumer,-,,,,HANDMADE --,FALSE,,,,,,,,,
,,,,,,,,,,,,,,,,,,,,,,,,,,,,,CUSTOMER,HETALLS GLOBAL PRIVATE LIMITED,Individual,Consumer,-,,,,HANDMADE --,FALSE,,,,,,,,,
,,,,,,,,,,,,,,,,,,,,,,,,,,,,,CUSTOMER,HETALLS GLOBAL PRIVATE LIMITED,Individual,Consumer,-,,,,HANDMADE --,FALSE,,,,,,,,,
,,,,,,,,,,,,,,,,,,,,,,,,,,,,,CUSTOMER,HETALLS GLOBAL PRIVATE LIMITED,Individual,Consumer,-,,,,HANDMADE --,FALSE,,,,,,,,,
,,,,,,,,,,,,,,,,,,,,,,,,,,,,,CUSTOMER,HETALLS GLOBAL PRIVATE LIMITED,Individual,Consumer,-,,,,HANDMADE --,FALSE,,,,,,,,,
,,,,,,,,,,,,,,,,,,,,,,,,,,,,,CUSTOMER,HETALLS GLOBAL PRIVATE LIMITED,Individual,Consumer,-,,,,HANDMADE --,FALSE,,,,,,,,,
,,,,,,,,,,,,,,,,,,,,,,,,,,,,,CUSTOMER,HETALLS GLOBAL PRIVATE LIMITED,Individual,Consumer,-,,,,HANDMADE --,FALSE,,,,,,,,,
,,,,,,,,,,,,,,,,,,,,,,,,,,,,,CUSTOMER,HETALLS GLOBAL PRIVATE LIMITED,Individual,Consumer,-,,,,HANDMADE --,FALSE,,,,,,,,,
,,,,,,,,,,,,,,,,,,,,,,,,,,,,,CUSTOMER,HETALLS GLOBAL PRIVATE LIMITED,Individual,Consumer,-,,,,HANDMADE --,FALSE,,,,,,,,,
,,,,,,,,,,,,,,,,,,,,,,,,,,,,,CUSTOMER,HETALLS GLOBAL PRIVATE LIMITED,Individual,Consumer,-,,,,HANDMADE --,FALSE,,,,,,,,,
,,,,,,,,,,,,,,,,,,,,,,,,,,,,,CUSTOMER,HETALLS GLOBAL PRIVATE LIMITED,Individual,Consumer,-,,,,HANDMADE --,FALSE,,,,,,,,,
,,,,,,,,,,,,,,,,,,,,,,,,,,,,,CUSTOMER,HETALLS GLOBAL PRIVATE LIMITED,Individual,Consumer,-,,,,HANDMADE --,FALSE,,,,,,,,,
,,,,,,,,,,,,,,,,,,,,,,,,,,,,,CUSTOMER,HETALLS GLOBAL PRIVATE LIMITED,Individual,Consumer,-,,,,HANDMADE --,FALSE,,,,,,,,,
,,,,,,,,,,,,,,,,,,,,,,,,,,,,,CUSTOMER,HETALLS GLOBAL PRIVATE LIMITED,Individual,Consumer,-,,,,HANDMADE --,FALSE,,,,,,,,,
,,,,,,,,,,,,,,,,,,,,,,,,,,,,,CUSTOMER,HETALLS GLOBAL PRIVATE LIMITED,Individual,Consumer,-,,,,HANDMADE --,FALSE,,,,,,,,,
,,,,,,,,,,,,,,,,,,,,,,,,,,,,,CUSTOMER,HETALLS GLOBAL PRIVATE LIMITED,Individual,Consumer,-,,,,HANDMADE --,FALSE,,,,,,,,,
,,,,,,,,,,,,,,,,,,,,,,,,,,,,,CUSTOMER,HETALLS GLOBAL PRIVATE LIMITED,Individual,Consumer,-,,,,HANDMADE --,FALSE,,,,,,,,,
,,,,,,,,,,,,,,,,,,,,,,,,,,,,,CUSTOMER,HETALLS GLOBAL PRIVATE LIMITED,Individual,Consumer,-,,,,HANDMADE --,FALSE,,,,,,,,,
,,,,,,,,,,,,,,,,,,,,,,,,,,,,,CUSTOMER,HETALLS GLOBAL PRIVATE LIMITED,Individual,Consumer,-,,,,HANDMADE --,FALSE,,,,,,,,,
,,,,,,,,,,,,,,,,,,,,,,,,,,,,,CUSTOMER,HETALLS GLOBAL PRIVATE LIMITED,Individual,Consumer,-,,,,HANDMADE --,FALSE,,,,,,,,,
,,,,,,,,,,,,,,,,,,,,,,,,,,,,,CUSTOMER,HETALLS GLOBAL PRIVATE LIMITED,Individual,Consumer,-,,,,HANDMADE --,FALSE,,,,,,,,,
,,,,,,,,,,,,,,,,,,,,,,,,,,,,,CUSTOMER,HETALLS GLOBAL PRIVATE LIMITED,Individual,Consumer,-,,,,HANDMADE --,FALSE,,,,,,,,,
,,,,,,,,,,,,,,,,,,,,,,,,,,,,,CUSTOMER,HETALLS GLOBAL PRIVATE LIMITED,Individual,Consumer,-,,,,HANDMADE --,FALSE,,,,,,,,,
,,,,,,,,,,,,,,,,,,,,,,,,,,,,,CUSTOMER,HETALLS GLOBAL PRIVATE LIMITED,Individual,Consumer,-,,,,HANDMADE --,FALSE,,,,,,,,,
,,,,,,,,,,,,,,,,,,,,,,,,,,,,,CUSTOMER,HETALLS GLOBAL PRIVATE LIMITED,Individual,Consumer,-,,,,HANDMADE --,FALSE,,,,,,,,,
,,,,,,,,,,,,,,,,,,,,,,,,,,,,,CUSTOMER,HETALLS GLOBAL PRIVATE LIMITED,Individual,Consumer,-,,,,HANDMADE --,FALSE,,,,,,,,,
,,,,,,,,,,,,,,,,,,,,,,,,,,,,,CUSTOMER,HETALLS GLOBAL PRIVATE LIMITED,Individual,Consumer,-,,,,HANDMADE --,FALSE,,,,,,,,,
,,,,,,,,,,,,,,,,,,,,,,,,,,,,,CUSTOMER,HETALLS GLOBAL PRIVATE LIMITED,Individual,Consumer,-,,,,HANDMADE --,FALSE,,,,,,,,,
,,,,,,,,,,,,,,,,,,,,,,,,,,,,,CUSTOMER,HETALLS GLOBAL PRIVATE LIMITED,Individual,Consumer,-,,,,HANDMADE --,FALSE,,,,,,,,,
,,,,,,,,,,,,,,,,,,,,,,,,,,,,,CUSTOMER,HETALLS GLOBAL PRIVATE LIMITED,Individual,Consumer,-,,,,HANDMADE --,FALSE,,,,,,,,,
,,,,,,,,,,,,,,,,,,,,,,,,,,,,,CUSTOMER,HETALLS GLOBAL PRIVATE LIMITED,Individual,Consumer,-,,,,HANDMADE --,FALSE,,,,,,,,,
,,,,,,,,,,,,,,,,,,,,,,,,,,,,,CUSTOMER,HETALLS GLOBAL PRIVATE LIMITED,Individual,Consumer,-,,,,HANDMADE --,FALSE,,,,,,,,,
,,,,,,,,,,,,,,,,,,,,,,,,,,,,,CUSTOMER,HETALLS GLOBAL PRIVATE LIMITED,Individual,Consumer,-,,,,HANDMADE --,FALSE,,,,,,,,,
,,,,,,,,,,,,,,,,,,,,,,,,,,,,,CUSTOMER,HETALLS GLOBAL PRIVATE LIMITED,Individual,Consumer,-,,,,HANDMADE --,FALSE,,,,,,,,,
,,,,,,,,,,,,,,,,,,,,,,,,,,,,,CUSTOMER,HETALLS GLOBAL PRIVATE LIMITED,Individual,Consumer,-,,,,HANDMADE --,FALSE,,,,,,,,,
,,,,,,,,,,,,,,,,,,,,,,,,,,,,,CUSTOMER,HETALLS GLOBAL PRIVATE LIMITED,Individual,Consumer,-,,,,HANDMADE --,FALSE,,,,,,,,,
,,,,,,,,,,,,,,,,,,,,,,,,,,,,,CUSTOMER,HETALLS GLOBAL PRIVATE LIMITED,Individual,Consumer,-,,,,HANDMADE --,FALSE,,,,,,,,,
,,,,,,,,,,,,,,,,,,,,,,,,,,,,,CUSTOMER,HETALLS GLOBAL PRIVATE LIMITED,Individual,Consumer,-,,,,HANDMADE --,FALSE,,,,,,,,,
,,,,,,,,,,,,,,,,,,,,,,,,,,,,,CUSTOMER,HETALLS GLOBAL PRIVATE LIMITED,Individual,Consumer,-,,,,HANDMADE --,FALSE,,,,,,,,,
,,,,,,,,,,,,,,,,,,,,,,,,,,,,,CUSTOMER,HETALLS GLOBAL PRIVATE LIMITED,Individual,Consumer,-,,,,HANDMADE --,FALSE,,,,,,,,,
,,,,,,,,,,,,,,,,,,,,,,,,,,,,,CUSTOMER,HETALLS GLOBAL PRIVATE LIMITED,Individual,Consumer,-,,,,HANDMADE --,FALSE,,,,,,,,,
,,,,,,,,,,,,,,,,,,,,,,,,,,,,,CUSTOMER,HETALLS GLOBAL PRIVATE LIMITED,Individual,Consumer,-,,,,HANDMADE --,FALSE,,,,,,,,,
,,,,,,,,,,,,,,,,,,,,,,,,,,,,,CUSTOMER,HETALLS GLOBAL PRIVATE LIMITED,Individual,Consumer,-,,,,HANDMADE --,FALSE,,,,,,,,,
,,,,,,,,,,,,,,,,,,,,,,,,,,,,,CUSTOMER,HETALLS GLOBAL PRIVATE LIMITED,Individual,Consumer,-,,,,HANDMADE --,FALSE,,,,,,,,,
,,,,,,,,,,,,,,,,,,,,,,,,,,,,,CUSTOMER,HETALLS GLOBAL PRIVATE LIMITED,Individual,Consumer,-,,,,HANDMADE --,FALSE,,,,,,,,,
,,,,,,,,,,,,,,,,,,,,,,,,,,,,,CUSTOMER,HETALLS GLOBAL PRIVATE LIMITED,Individual,Consumer,-,,,,HANDMADE --,FALSE,,,,,,,,,
,,,,,,,,,,,,,,,,,,,,,,,,,,,,,CUSTOMER,HETALLS GLOBAL PRIVATE LIMITED,Individual,Consumer,-,,,,HANDMADE --,FALSE,,,,,,,,,
,,,,,,,,,,,,,,,,,,,,,,,,,,,,,CUSTOMER,HETALLS GLOBAL PRIVATE LIMITED,Individual,Consumer,-,,,,HANDMADE --,FALSE,,,,,,,,,
,,,,,,,,,,,,,,,,,,,,,,,,,,,,,CUSTOMER,HETALLS GLOBAL PRIVATE LIMITED,Individual,Consumer,-,,,,HANDMADE --,FALSE,,,,,,,,,
,,,,,,,,,,,,,,,,,,,,,,,,,,,,,CUSTOMER,HETALLS GLOBAL PRIVATE LIMITED,Individual,Consumer,-,,,,HANDMADE --,FALSE,,,,,,,,,
,,,,,,,,,,,,,,,,,,,,,,,,,,,,,CUSTOMER,HETALLS GLOBAL PRIVATE LIMITED,Individual,Consumer,-,,,,HANDMADE --,FALSE,,,,,,,,,
,,,,,,,,,,,,,,,,,,,,,,,,,,,,,CUSTOMER,HETALLS GLOBAL PRIVATE LIMITED,Individual,Consumer,-,,,,HANDMADE --,FALSE,,,,,,,,,
,,,,,,,,,,,,,,,,,,,,,,,,,,,,,CUSTOMER,HETALLS GLOBAL PRIVATE LIMITED,Individual,Consumer,-,,,,HANDMADE --,FALSE,,,,,,,,,
,,,,,,,,,,,,,,,,,,,,,,,,,,,,,CUSTOMER,HETALLS GLOBAL PRIVATE LIMITED,Individual,Consumer,-,,,,HANDMADE --,FALSE,,,,,,,,,
,,,,,,,,,,,,,,,,,,,,,,,,,,,,,CUSTOMER,HETALLS GLOBAL PRIVATE LIMITED,Individual,Consumer,-,,,,HANDMADE --,FALSE,,,,,,,,,
,,,,,,,,,,,,,,,,,,,,,,,,,,,,,CUSTOMER,HETALLS GLOBAL PRIVATE LIMITED,Individual,Consumer,-,,,,HANDMADE --,FALSE,,,,,,,,,
,,,,,,,,,,,,,,,,,,,,,,,,,,,,,CUSTOMER,HETALLS GLOBAL PRIVATE LIMITED,Individual,Consumer,-,,,,HANDMADE --,FALSE,,,,,,,,,
,,,,,,,,,,,,,,,,,,,,,,,,,,,,,CUSTOMER,HETALLS GLOBAL PRIVATE LIMITED,Individual,Consumer,-,,,,HANDMADE --,FALSE,,,,,,,,,
,,,,,,,,,,,,,,,,,,,,,,,,,,,,,CUSTOMER,HETALLS GLOBAL PRIVATE LIMITED,Individual,Consumer,-,,,,HANDMADE --,FALSE,,,,,,,,,
,,,,,,,,,,,,,,,,,,,,,,,,,,,,,CUSTOMER,HETALLS GLOBAL PRIVATE LIMITED,Individual,Consumer,-,,,,HANDMADE --,FALSE,,,,,,,,,
,,,,,,,,,,,,,,,,,,,,,,,,,,,,,CUSTOMER,HETALLS GLOBAL PRIVATE LIMITED,Individual,Consumer,-,,,,HANDMADE --,FALSE,,,,,,,,,
,,,,,,,,,,,,,,,,,,,,,,,,,,,,,CUSTOMER,HETALLS GLOBAL PRIVATE LIMITED,Individual,Consumer,-,,,,HANDMADE --,FALSE,,,,,,,,,
,,,,,,,,,,,,,,,,,,,,,,,,,,,,,CUSTOMER,HETALLS GLOBAL PRIVATE LIMITED,Individual,Consumer,-,,,,HANDMADE --,FALSE,,,,,,,,,
,,,,,,,,,,,,,,,,,,,,,,,,,,,,,CUSTOMER,HETALLS GLOBAL PRIVATE LIMITED,Individual,Consumer,-,,,,HANDMADE --,FALSE,,,,,,,,,
,,,,,,,,,,,,,,,,,,,,,,,,,,,,,CUSTOMER,HETALLS GLOBAL PRIVATE LIMITED,Individual,Consumer,-,,,,HANDMADE --,FALSE,,,,,,,,,
,,,,,,,,,,,,,,,,,,,,,,,,,,,,,CUSTOMER,HETALLS GLOBAL PRIVATE LIMITED,Individual,Consumer,-,,,,HANDMADE --,FALSE,,,,,,,,,
,,,,,,,,,,,,,,,,,,,,,,,,,,,,,CUSTOMER,HETALLS GLOBAL PRIVATE LIMITED,Individual,Consumer,-,,,,HANDMADE --,FALSE,,,,,,,,,
,,,,,,,,,,,,,,,,,,,,,,,,,,,,,CUSTOMER,HETALLS GLOBAL PRIVATE LIMITED,Individual,Consumer,-,,,,HANDMADE --,FALSE,,,,,,,,,
,,,,,,,,,,,,,,,,,,,,,,,,,,,,,CUSTOMER,HETALLS GLOBAL PRIVATE LIMITED,Individual,Consumer,-,,,,HANDMADE --,FALSE,,,,,,,,,
,,,,,,,,,,,,,,,,,,,,,,,,,,,,,CUSTOMER,HETALLS GLOBAL PRIVATE LIMITED,Individual,Consumer,-,,,,HANDMADE --,FALSE,,,,,,,,,
,,,,,,,,,,,,,,,,,,,,,,,,,,,,,CUSTOMER,HETALLS GLOBAL PRIVATE LIMITED,Individual,Consumer,-,,,,HANDMADE --,FALSE,,,,,,,,,
,,,,,,,,,,,,,,,,,,,,,,,,,,,,,CUSTOMER,HETALLS GLOBAL PRIVATE LIMITED,Individual,Consumer,-,,,,HANDMADE --,FALSE,,,,,,,,,
,,,,,,,,,,,,,,,,,,,,,,,,,,,,,CUSTOMER,HETALLS GLOBAL PRIVATE LIMITED,Individual,Consumer,-,,,,HANDMADE --,FALSE,,,,,,,,,
,,,,,,,,,,,,,,,,,,,,,,,,,,,,,CUSTOMER,HETALLS GLOBAL PRIVATE LIMITED,Individual,Consumer,-,,,,HANDMADE --,FALSE,,,,,,,,,
,,,,,,,,,,,,,,,,,,,,,,,,,,,,,CUSTOMER,HETALLS GLOBAL PRIVATE LIMITED,Individual,Consumer,-,,,,HANDMADE --,FALSE,,,,,,,,,
,,,,,,,,,,,,,,,,,,,,,,,,,,,,,CUSTOMER,HETALLS GLOBAL PRIVATE LIMITED,Individual,Consumer,-,,,,HANDMADE --,FALSE,,,,,,,,,
,,,,,,,,,,,,,,,,,,,,,,,,,,,,,CUSTOMER,HETALLS GLOBAL PRIVATE LIMITED,Individual,Consumer,-,,,,HANDMADE --,FALSE,,,,,,,,,
,,,,,,,,,,,,,,,,,,,,,,,,,,,,,CUSTOMER,HETALLS GLOBAL PRIVATE LIMITED,Individual,Consumer,-,,,,HANDMADE --,FALSE,,,,,,,,,
,,,,,,,,,,,,,,,,,,,,,,,,,,,,,CUSTOMER,HETALLS GLOBAL PRIVATE LIMITED,Individual,Consumer,-,,,,HANDMADE --,FALSE,,,,,,,,,
,,,,,,,,,,,,,,,,,,,,,,,,,,,,,CUSTOMER,HETALLS GLOBAL PRIVATE LIMITED,Individual,Consumer,-,,,,HANDMADE --,FALSE,,,,,,,,,
,,,,,,,,,,,,,,,,,,,,,,,,,,,,,CUSTOMER,HETALLS GLOBAL PRIVATE LIMITED,Individual,Consumer,-,,,,HANDMADE --,FALSE,,,,,,,,,
,,,,,,,,,,,,,,,,,,,,,,,,,,,,,CUSTOMER,HETALLS GLOBAL PRIVATE LIMITED,Individual,Consumer,-,,,,HANDMADE --,FALSE,,,,,,,,,
,,,,,,,,,,,,,,,,,,,,,,,,,,,,,CUSTOMER,HETALLS GLOBAL PRIVATE LIMITED,Individual,Consumer,-,,,,HANDMADE --,FALSE,,,,,,,,,
,,,,,,,,,,,,,,,,,,,,,,,,,,,,,CUSTOMER,HETALLS GLOBAL PRIVATE LIMITED,Individual,Consumer,-,,,,HANDMADE --,FALSE,,,,,,,,,
,,,,,,,,,,,,,,,,,,,,,,,,,,,,,CUSTOMER,HETALLS GLOBAL PRIVATE LIMITED,Individual,Consumer,-,,,,HANDMADE --,FALSE,,,,,,,,,
,,,,,,,,,,,,,,,,,,,,,,,,,,,,,CUSTOMER,HETALLS GLOBAL PRIVATE LIMITED,Individual,Consumer,-,,,,HANDMADE --,FALSE,,,,,,,,,
,,,,,,,,,,,,,,,,,,,,,,,,,,,,,CUSTOMER,HETALLS GLOBAL PRIVATE LIMITED,Individual,Consumer,-,,,,HANDMADE --,FALSE,,,,,,,,,
,,,,,,,,,,,,,,,,,,,,,,,,,,,,,CUSTOMER,HETALLS GLOBAL PRIVATE LIMITED,Individual,Consumer,-,,,,HANDMADE --,FALSE,,,,,,,,,
,,,,,,,,,,,,,,,,,,,,,,,,,,,,,CUSTOMER,HETALLS GLOBAL PRIVATE LIMITED,Individual,Consumer,-,,,,HANDMADE --,FALSE,,,,,,,,,
,,,,,,,,,,,,,,,,,,,,,,,,,,,,,CUSTOMER,HETALLS GLOBAL PRIVATE LIMITED,Individual,Consumer,-,,,,HANDMADE --,FALSE,,,,,,,,,
,,,,,,,,,,,,,,,,,,,,,,,,,,,,,CUSTOMER,HETALLS GLOBAL PRIVATE LIMITED,Individual,Consumer,-,,,,HANDMADE --,FALSE,,,,,,,,,
,,,,,,,,,,,,,,,,,,,,,,,,,,,,,CUSTOMER,HETALLS GLOBAL PRIVATE LIMITED,Individual,Consumer,-,,,,HANDMADE --,FALSE,,,,,,,,,
,,,,,,,,,,,,,,,,,,,,,,,,,,,,,CUSTOMER,HETALLS GLOBAL PRIVATE LIMITED,Individual,Consumer,-,,,,HANDMADE --,FALSE,,,,,,,,,
,,,,,,,,,,,,,,,,,,,,,,,,,,,,,CUSTOMER,HETALLS GLOBAL PRIVATE LIMITED,Individual,Consumer,-,,,,HANDMADE --,FALSE,,,,,,,,,
,,,,,,,,,,,,,,,,,,,,,,,,,,,,,CUSTOMER,HETALLS GLOBAL PRIVATE LIMITED,Individual,Consumer,-,,,,HANDMADE --,FALSE,,,,,,,,,
,,,,,,,,,,,,,,,,,,,,,,,,,,,,,CUSTOMER,HETALLS GLOBAL PRIVATE LIMITED,Individual,Consumer,-,,,,HANDMADE --,FALSE,,,,,,,,,
,,,,,,,,,,,,,,,,,,,,,,,,,,,,,CUSTOMER,HETALLS GLOBAL PRIVATE LIMITED,Individual,Consumer,-,,,,HANDMADE --,FALSE,,,,,,,,,
,,,,,,,,,,,,,,,,,,,,,,,,,,,,,CUSTOMER,HETALLS GLOBAL PRIVATE LIMITED,Individual,Consumer,-,,,,HANDMADE --,FALSE,,,,,,,,,
,,,,,,,,,,,,,,,,,,,,,,,,,,,,,CUSTOMER,HETALLS GLOBAL PRIVATE LIMITED,Individual,Consumer,-,,,,HANDMADE --,FALSE,,,,,,,,,
,,,,,,,,,,,,,,,,,,,,,,,,,,,,,CUSTOMER,HETALLS GLOBAL PRIVATE LIMITED,Individual,Consumer,-,,,,HANDMADE --,FALSE,,,,,,,,,
,,,,,,,,,,,,,,,,,,,,,,,,,,,,,CUSTOMER,HETALLS GLOBAL PRIVATE LIMITED,Individual,Consumer,-,,,,HANDMADE --,FALSE,,,,,,,,,
,,,,,,,,,,,,,,,,,,,,,,,,,,,,,CUSTOMER,HETALLS GLOBAL PRIVATE LIMITED,Individual,Consumer,-,,,,HANDMADE --,FALSE,,,,,,,,,
,,,,,,,,,,,,,,,,,,,,,,,,,,,,,CUSTOMER,HETALLS GLOBAL PRIVATE LIMITED,Individual,Consumer,-,,,,HANDMADE --,FALSE,,,,,,,,,
,,,,,,,,,,,,,,,,,,,,,,,,,,,,,CUSTOMER,HETALLS GLOBAL PRIVATE LIMITED,Individual,Consumer,-,,,,HANDMADE --,FALSE,,,,,,,,,
,,,,,,,,,,,,,,,,,,,,,,,,,,,,,CUSTOMER,HETALLS GLOBAL PRIVATE LIMITED,Individual,Consumer,-,,,,HANDMADE --,FALSE,,,,,,,,,
,,,,,,,,,,,,,,,,,,,,,,,,,,,,,CUSTOMER,HETALLS GLOBAL PRIVATE LIMITED,Individual,Consumer,-,,,,HANDMADE --,FALSE,,,,,,,,,
,,,,,,,,,,,,,,,,,,,,,,,,,,,,,CUSTOMER,HETALLS GLOBAL PRIVATE LIMITED,Individual,Consumer,-,,,,HANDMADE --,FALSE,,,,,,,,,
,,,,,,,,,,,,,,,,,,,,,,,,,,,,,CUSTOMER,HETALLS GLOBAL PRIVATE LIMITED,Individual,Consumer,-,,,,HANDMADE --,FALSE,,,,,,,,,
,,,,,,,,,,,,,,,,,,,,,,,,,,,,,CUSTOMER,HETALLS GLOBAL PRIVATE LIMITED,Individual,Consumer,-,,,,HANDMADE --,FALSE,,,,,,,,,
,,,,,,,,,,,,,,,,,,,,,,,,,,,,,CUSTOMER,HETALLS GLOBAL PRIVATE LIMITED,Individual,Consumer,-,,,,HANDMADE --,FALSE,,,,,,,,,
,,,,,,,,,,,,,,,,,,,,,,,,,,,,,CUSTOMER,HETALLS GLOBAL PRIVATE LIMITED,Individual,Consumer,-,,,,HANDMADE --,FALSE,,,,,,,,,
,,,,,,,,,,,,,,,,,,,,,,,,,,,,,CUSTOMER,HETALLS GLOBAL PRIVATE LIMITED,Individual,Consumer,-,,,,HANDMADE --,FALSE,,,,,,,,,
,,,,,,,,,,,,,,,,,,,,,,,,,,,,,CUSTOMER,HETALLS GLOBAL PRIVATE LIMITED,Individual,Consumer,-,,,,HANDMADE --,FALSE,,,,,,,,,
,,,,,,,,,,,,,,,,,,,,,,,,,,,,,CUSTOMER,HETALLS GLOBAL PRIVATE LIMITED,Individual,Consumer,-,,,,HANDMADE --,FALSE,,,,,,,,,
,,,,,,,,,,,,,,,,,,,,,,,,,,,,,CUSTOMER,HETALLS GLOBAL PRIVATE LIMITED,Individual,Consumer,-,,,,HANDMADE --,FALSE,,,,,,,,,
,,,,,,,,,,,,,,,,,,,,,,,,,,,,,CUSTOMER,HETALLS GLOBAL PRIVATE LIMITED,Individual,Consumer,-,,,,HANDMADE --,FALSE,,,,,,,,,
,,,,,,,,,,,,,,,,,,,,,,,,,,,,,CUSTOMER,HETALLS GLOBAL PRIVATE LIMITED,Individual,Consumer,-,,,,HANDMADE --,FALSE,,,,,,,,,
,,,,,,,,,,,,,,,,,,,,,,,,,,,,,CUSTOMER,HETALLS GLOBAL PRIVATE LIMITED,Individual,Consumer,-,,,,HANDMADE --,FALSE,,,,,,,,,
,,,,,,,,,,,,,,,,,,,,,,,,,,,,,CUSTOMER,HETALLS GLOBAL PRIVATE LIMITED,Individual,Consumer,-,,,,HANDMADE --,FALSE,,,,,,,,,
,,,,,,,,,,,,,,,,,,,,,,,,,,,,,CUSTOMER,HETALLS GLOBAL PRIVATE LIMITED,Individual,Consumer,-,,,,HANDMADE --,FALSE,,,,,,,,,
,,,,,,,,,,,,,,,,,,,,,,,,,,,,,CUSTOMER,HETALLS GLOBAL PRIVATE LIMITED,Individual,Consumer,-,,,,HANDMADE --,FALSE,,,,,,,,,
,,,,,,,,,,,,,,,,,,,,,,,,,,,,,CUSTOMER,HETALLS GLOBAL PRIVATE LIMITED,Individual,Consumer,-,,,,HANDMADE --,FALSE,,,,,,,,,
,,,,,,,,,,,,,,,,,,,,,,,,,,,,,CUSTOMER,HETALLS GLOBAL PRIVATE LIMITED,Individual,Consumer,-,,,,HANDMADE --,FALSE,,,,,,,,,
,,,,,,,,,,,,,,,,,,,,,,,,,,,,,CUSTOMER,HETALLS GLOBAL PRIVATE LIMITED,Individual,Consumer,-,,,,HANDMADE --,FALSE,,,,,,,,,
,,,,,,,,,,,,,,,,,,,,,,,,,,,,,CUSTOMER,HETALLS GLOBAL PRIVATE LIMITED,Individual,Consumer,-,,,,HANDMADE --,FALSE,,,,,,,,,
,,,,,,,,,,,,,,,,,,,,,,,,,,,,,CUSTOMER,HETALLS GLOBAL PRIVATE LIMITED,Individual,Consumer,-,,,,HANDMADE --,FALSE,,,,,,,,,
,,,,,,,,,,,,,,,,,,,,,,,,,,,,,CUSTOMER,HETALLS GLOBAL PRIVATE LIMITED,Individual,Consumer,-,,,,HANDMADE --,FALSE,,,,,,,,,
,,,,,,,,,,,,,,,,,,,,,,,,,,,,,CUSTOMER,HETALLS GLOBAL PRIVATE LIMITED,Individual,Consumer,-,,,,HANDMADE --,FALSE,,,,,,,,,
,,,,,,,,,,,,,,,,,,,,,,,,,,,,,CUSTOMER,HETALLS GLOBAL PRIVATE LIMITED,Individual,Consumer,-,,,,HANDMADE --,FALSE,,,,,,,,,
,,,,,,,,,,,,,,,,,,,,,,,,,,,,,CUSTOMER,HETALLS GLOBAL PRIVATE LIMITED,Individual,Consumer,-,,,,HANDMADE --,FALSE,,,,,,,,,
,,,,,,,,,,,,,,,,,,,,,,,,,,,,,CUSTOMER,HETALLS GLOBAL PRIVATE LIMITED,Individual,Consumer,-,,,,HANDMADE --,FALSE,,,,,,,,,
,,,,,,,,,,,,,,,,,,,,,,,,,,,,,CUSTOMER,HETALLS GLOBAL PRIVATE LIMITED,Individual,Consumer,-,,,,HANDMADE --,FALSE,,,,,,,,,
,,,,,,,,,,,,,,,,,,,,,,,,,,,,,CUSTOMER,HETALLS GLOBAL PRIVATE LIMITED,Individual,Consumer,-,,,,HANDMADE --,FALSE,,,,,,,,,
,,,,,,,,,,,,,,,,,,,,,,,,,,,,,CUSTOMER,HETALLS GLOBAL PRIVATE LIMITED,Individual,Consumer,-,,,,HANDMADE --,FALSE,,,,,,,,,
,,,,,,,,,,,,,,,,,,,,,,,,,,,,,CUSTOMER,HETALLS GLOBAL PRIVATE LIMITED,Individual,Consumer,-,,,,HANDMADE --,FALSE,,,,,,,,,
,,,,,,,,,,,,,,,,,,,,,,,,,,,,,CUSTOMER,HETALLS GLOBAL PRIVATE LIMITED,Individual,Consumer,-,,,,HANDMADE --,FALSE,,,,,,,,,
,,,,,,,,,,,,,,,,,,,,,,,,,,,,,CUSTOMER,HETALLS GLOBAL PRIVATE LIMITED,Individual,Consumer,-,,,,HANDMADE --,FALSE,,,,,,,,,
,,,,,,,,,,,,,,,,,,,,,,,,,,,,,CUSTOMER,HETALLS GLOBAL PRIVATE LIMITED,Individual,Consumer,-,,,,HANDMADE --,FALSE,,,,,,,,,
,,,,,,,,,,,,,,,,,,,,,,,,,,,,,CUSTOMER,HETALLS GLOBAL PRIVATE LIMITED,Individual,Consumer,-,,,,HANDMADE --,FALSE,,,,,,,,,
,,,,,,,,,,,,,,,,,,,,,,,,,,,,,CUSTOMER,HETALLS GLOBAL PRIVATE LIMITED,Individual,Consumer,-,,,,HANDMADE --,FALSE,,,,,,,,,
,,,,,,,,,,,,,,,,,,,,,,,,,,,,,CUSTOMER,HETALLS GLOBAL PRIVATE LIMITED,Individual,Consumer,-,,,,HANDMADE --,FALSE,,,,,,,,,
,,,,,,,,,,,,,,,,,,,,,,,,,,,,,CUSTOMER,HETALLS GLOBAL PRIVATE LIMITED,Individual,Consumer,-,,,,HANDMADE --,FALSE,,,,,,,,,
,,,,,,,,,,,,,,,,,,,,,,,,,,,,,CUSTOMER,HETALLS GLOBAL PRIVATE LIMITED,Individual,Consumer,-,,,,HANDMADE --,FALSE,,,,,,,,,
,,,,,,,,,,,,,,,,,,,,,,,,,,,,,CUSTOMER,HETALLS GLOBAL PRIVATE LIMITED,Individual,Consumer,-,,,,HANDMADE --,FALSE,,,,,,,,,
,,,,,,,,,,,,,,,,,,,,,,,,,,,,,CUSTOMER,HETALLS GLOBAL PRIVATE LIMITED,Individual,Consumer,-,,,,HANDMADE --,FALSE,,,,,,,,,
,,,,,,,,,,,,,,,,,,,,,,,,,,,,,CUSTOMER,HETALLS GLOBAL PRIVATE LIMITED,Individual,Consumer,-,,,,HANDMADE --,FALSE,,,,,,,,,
,,,,,,,,,,,,,,,,,,,,,,,,,,,,,CUSTOMER,HETALLS GLOBAL PRIVATE LIMITED,Individual,Consumer,-,,,,HANDMADE --,FALSE,,,,,,,,,
,,,,,,,,,,,,,,,,,,,,,,,,,,,,,CUSTOMER,HETALLS GLOBAL PRIVATE LIMITED,Individual,Consumer,-,,,,HANDMADE --,FALSE,,,,,,,,,
,,,,,,,,,,,,,,,,,,,,,,,,,,,,,CUSTOMER,HETALLS GLOBAL PRIVATE LIMITED,Individual,Consumer,-,,,,HANDMADE --,FALSE,,,,,,,,,
,,,,,,,,,,,,,,,,,,,,,,,,,,,,,CUSTOMER,HETALLS GLOBAL PRIVATE LIMITED,Individual,Consumer,-,,,,HANDMADE --,FALSE,,,,,,,,,
,,,,,,,,,,,,,,,,,,,,,,,,,,,,,CUSTOMER,HETALLS GLOBAL PRIVATE LIMITED,Individual,Consumer,-,,,,HANDMADE --,FALSE,,,,,,,,,
,,,,,,,,,,,,,,,,,,,,,,,,,,,,,CUSTOMER,HETALLS GLOBAL PRIVATE LIMITED,Individual,Consumer,-,,,,HANDMADE --,FALSE,,,,,,,,,
,,,,,,,,,,,,,,,,,,,,,,,,,,,,,CUSTOMER,HETALLS GLOBAL PRIVATE LIMITED,Individual,Consumer,-,,,,HANDMADE --,FALSE,,,,,,,,,
,,,,,,,,,,,,,,,,,,,,,,,,,,,,,CUSTOMER,HETALLS GLOBAL PRIVATE LIMITED,Individual,Consumer,-,,,,HANDMADE --,FALSE,,,,,,,,,
,,,,,,,,,,,,,,,,,,,,,,,,,,,,,CUSTOMER,HETALLS GLOBAL PRIVATE LIMITED,Individual,Consumer,-,,,,HANDMADE --,FALSE,,,,,,,,,
,,,,,,,,,,,,,,,,,,,,,,,,,,,,,CUSTOMER,HETALLS GLOBAL PRIVATE LIMITED,Individual,Consumer,-,,,,HANDMADE --,FALSE,,,,,,,,,
,,,,,,,,,,,,,,,,,,,,,,,,,,,,,CUSTOMER,HETALLS GLOBAL PRIVATE LIMITED,Individual,Consumer,-,,,,HANDMADE --,FALSE,,,,,,,,,
,,,,,,,,,,,,,,,,,,,,,,,,,,,,,CUSTOMER,HETALLS GLOBAL PRIVATE LIMITED,Individual,Consumer,-,,,,HANDMADE --,FALSE,,,,,,,,,
,,,,,,,,,,,,,,,,,,,,,,,,,,,,,CUSTOMER,HETALLS GLOBAL PRIVATE LIMITED,Individual,Consumer,-,,,,HANDMADE --,FALSE,,,,,,,,,
,,,,,,,,,,,,,,,,,,,,,,,,,,,,,CUSTOMER,HETALLS GLOBAL PRIVATE LIMITED,Individual,Consumer,-,,,,HANDMADE --,FALSE,,,,,,,,,
,,,,,,,,,,,,,,,,,,,,,,,,,,,,,CUSTOMER,HETALLS GLOBAL PRIVATE LIMITED,Individual,Consumer,-,,,,HANDMADE --,FALSE,,,,,,,,,
,,,,,,,,,,,,,,,,,,,,,,,,,,,,,CUSTOMER,HETALLS GLOBAL PRIVATE LIMITED,Individual,Consumer,-,,,,HANDMADE --,FALSE,,,,,,,,,
,,,,,,,,,,,,,,,,,,,,,,,,,,,,,CUSTOMER,HETALLS GLOBAL PRIVATE LIMITED,Individual,Consumer,-,,,,HANDMADE --,FALSE,,,,,,,,,
,,,,,,,,,,,,,,,,,,,,,,,,,,,,,CUSTOMER,HETALLS GLOBAL PRIVATE LIMITED,Individual,Consumer,-,,,,HANDMADE --,FALSE,,,,,,,,,
,,,,,,,,,,,,,,,,,,,,,,,,,,,,,CUSTOMER,HETALLS GLOBAL PRIVATE LIMITED,Individual,Consumer,-,,,,HANDMADE --,FALSE,,,,,,,,,
,,,,,,,,,,,,,,,,,,,,,,,,,,,,,CUSTOMER,HETALLS GLOBAL PRIVATE LIMITED,Individual,Consumer,-,,,,HANDMADE --,FALSE,,,,,,,,,
,,,,,,,,,,,,,,,,,,,,,,,,,,,,,CUSTOMER,HETALLS GLOBAL PRIVATE LIMITED,Individual,Consumer,-,,,,HANDMADE --,FALSE,,,,,,,,,
,,,,,,,,,,,,,,,,,,,,,,,,,,,,,CUSTOMER,HETALLS GLOBAL PRIVATE LIMITED,Individual,Consumer,-,,,,HANDMADE --,FALSE,,,,,,,,,
,,,,,,,,,,,,,,,,,,,,,,,,,,,,,CUSTOMER,HETALLS GLOBAL PRIVATE LIMITED,Individual,Consumer,-,,,,HANDMADE --,FALSE,,,,,,,,,
,,,,,,,,,,,,,,,,,,,,,,,,,,,,,CUSTOMER,HETALLS GLOBAL PRIVATE LIMITED,Individual,Consumer,-,,,,HANDMADE --,FALSE,,,,,,,,,
,,,,,,,,,,,,,,,,,,,,,,,,,,,,,CUSTOMER,HETALLS GLOBAL PRIVATE LIMITED,Individual,Consumer,-,,,,HANDMADE --,FALSE,,,,,,,,,
,,,,,,,,,,,,,,,,,,,,,,,,,,,,,CUSTOMER,HETALLS GLOBAL PRIVATE LIMITED,Individual,Consumer,-,,,,HANDMADE --,FALSE,,,,,,,,,
,,,,,,,,,,,,,,,,,,,,,,,,,,,,,CUSTOMER,HETALLS GLOBAL PRIVATE LIMITED,Individual,Consumer,-,,,,HANDMADE --,FALSE,,,,,,,,,
,,,,,,,,,,,,,,,,,,,,,,,,,,,,,CUSTOMER,HETALLS GLOBAL PRIVATE LIMITED,Individual,Consumer,-,,,,HANDMADE --,FALSE,,,,,,,,,
,,,,,,,,,,,,,,,,,,,,,,,,,,,,,CUSTOMER,HETALLS GLOBAL PRIVATE LIMITED,Individual,Consumer,-,,,,HANDMADE --,FALSE,,,,,,,,,
,,,,,,,,,,,,,,,,,,,,,,,,,,,,,CUSTOMER,HETALLS GLOBAL PRIVATE LIMITED,Individual,Consumer,-,,,,HANDMADE --,FALSE,,,,,,,,,
,,,,,,,,,,,,,,,,,,,,,,,,,,,,,CUSTOMER,HETALLS GLOBAL PRIVATE LIMITED,Individual,Consumer,-,,,,HANDMADE --,FALSE,,,,,,,,,
,,,,,,,,,,,,,,,,,,,,,,,,,,,,,CUSTOMER,HETALLS GLOBAL PRIVATE LIMITED,Individual,Consumer,-,,,,HANDMADE --,FALSE,,,,,,,,,
,,,,,,,,,,,,,,,,,,,,,,,,,,,,,CUSTOMER,HETALLS GLOBAL PRIVATE LIMITED,Individual,Consumer,-,,,,HANDMADE --,FALSE,,,,,,,,,
,,,,,,,,,,,,,,,,,,,,,,,,,,,,,CUSTOMER,HETALLS GLOBAL PRIVATE LIMITED,Individual,Consumer,-,,,,HANDMADE --,FALSE,,,,,,,,,
,,,,,,,,,,,,,,,,,,,,,,,,,,,,,CUSTOMER,HETALLS GLOBAL PRIVATE LIMITED,Individual,Consumer,-,,,,HANDMADE --,FALSE,,,,,,,,,
,,,,,,,,,,,,,,,,,,,,,,,,,,,,,CUSTOMER,HETALLS GLOBAL PRIVATE LIMITED,Individual,Consumer,-,,,,HANDMADE --,FALSE,,,,,,,,,
,,,,,,,,,,,,,,,,,,,,,,,,,,,,,CUSTOMER,HETALLS GLOBAL PRIVATE LIMITED,Individual,Consumer,-,,,,HANDMADE --,FALSE,,,,,,,,,
,,,,,,,,,,,,,,,,,,,,,,,,,,,,,CUSTOMER,HETALLS GLOBAL PRIVATE LIMITED,Individual,Consumer,-,,,,HANDMADE --,FALSE,,,,,,,,,
,,,,,,,,,,,,,,,,,,,,,,,,,,,,,CUSTOMER,HETALLS GLOBAL PRIVATE LIMITED,Individual,Consumer,-,,,,HANDMADE --,FALSE,,,,,,,,,
,,,,,,,,,,,,,,,,,,,,,,,,,,,,,CUSTOMER,HETALLS GLOBAL PRIVATE LIMITED,Individual,Consumer,-,,,,HANDMADE --,FALSE,,,,,,,,,
,,,,,,,,,,,,,,,,,,,,,,,,,,,,,CUSTOMER,HETALLS GLOBAL PRIVATE LIMITED,Individual,Consumer,-,,,,HANDMADE --,FALSE,,,,,,,,,
,,,,,,,,,,,,,,,,,,,,,,,,,,,,,CUSTOMER,HETALLS GLOBAL PRIVATE LIMITED,Individual,Consumer,-,,,,HANDMADE --,FALSE,,,,,,,,,
,,,,,,,,,,,,,,,,,,,,,,,,,,,,,CUSTOMER,HETALLS GLOBAL PRIVATE LIMITED,Individual,Consumer,-,,,,HANDMADE --,FALSE,,,,,,,,,
,,,,,,,,,,,,,,,,,,,,,,,,,,,,,CUSTOMER,HETALLS GLOBAL PRIVATE LIMITED,Individual,Consumer,-,,,,HANDMADE --,FALSE,,,,,,,,,
,,,,,,,,,,,,,,,,,,,,,,,,,,,,,CUSTOMER,HETALLS GLOBAL PRIVATE LIMITED,Individual,Consumer,-,,,,HANDMADE --,FALSE,,,,,,,,,
,,,,,,,,,,,,,,,,,,,,,,,,,,,,,CUSTOMER,HETALLS GLOBAL PRIVATE LIMITED,Individual,Consumer,-,,,,HANDMADE --,FALSE,,,,,,,,,
,,,,,,,,,,,,,,,,,,,,,,,,,,,,,CUSTOMER,HETALLS GLOBAL PRIVATE LIMITED,Individual,Consumer,-,,,,HANDMADE --,FALSE,,,,,,,,,
,,,,,,,,,,,,,,,,,,,,,,,,,,,,,CUSTOMER,HETALLS GLOBAL PRIVATE LIMITED,Individual,Consumer,-,,,,HANDMADE --,FALSE,,,,,,,,,
,,,,,,,,,,,,,,,,,,,,,,,,,,,,,CUSTOMER,HETALLS GLOBAL PRIVATE LIMITED,Individual,Consumer,-,,,,HANDMADE --,FALSE,,,,,,,,,
,,,,,,,,,,,,,,,,,,,,,,,,,,,,,CUSTOMER,HETALLS GLOBAL PRIVATE LIMITED,Individual,Consumer,-,,,,HANDMADE --,FALSE,,,,,,,,,
,,,,,,,,,,,,,,,,,,,,,,,,,,,,,CUSTOMER,HETALLS GLOBAL PRIVATE LIMITED,Individual,Consumer,-,,,,HANDMADE --,FALSE,,,,,,,,,
,,,,,,,,,,,,,,,,,,,,,,,,,,,,,CUSTOMER,HETALLS GLOBAL PRIVATE LIMITED,Individual,Consumer,-,,,,HANDMADE --,FALSE,,,,,,,,,
,,,,,,,,,,,,,,,,,,,,,,,,,,,,,CUSTOMER,HETALLS GLOBAL PRIVATE LIMITED,Individual,Consumer,-,,,,HANDMADE --,FALSE,,,,,,,,,
,,,,,,,,,,,,,,,,,,,,,,,,,,,,,CUSTOMER,HETALLS GLOBAL PRIVATE LIMITED,Individual,Consumer,-,,,,HANDMADE --,FALSE,,,,,,,,,
,,,,,,,,,,,,,,,,,,,,,,,,,,,,,CUSTOMER,HETALLS GLOBAL PRIVATE LIMITED,Individual,Consumer,-,,,,HANDMADE --,FALSE,,,,,,,,,
,,,,,,,,,,,,,,,,,,,,,,,,,,,,,CUSTOMER,HETALLS GLOBAL PRIVATE LIMITED,Individual,Consumer,-,,,,HANDMADE --,FALSE,,,,,,,,,
,,,,,,,,,,,,,,,,,,,,,,,,,,,,,CUSTOMER,HETALLS GLOBAL PRIVATE LIMITED,Individual,Consumer,-,,,,HANDMADE --,FALSE,,,,,,,,,
,,,,,,,,,,,,,,,,,,,,,,,,,,,,,CUSTOMER,HETALLS GLOBAL PRIVATE LIMITED,Individual,Consumer,-,,,,HANDMADE --,FALSE,,,,,,,,,
,,,,,,,,,,,,,,,,,,,,,,,,,,,,,CUSTOMER,HETALLS GLOBAL PRIVATE LIMITED,Individual,Consumer,-,,,,HANDMADE --,FALSE,,,,,,,,,
,,,,,,,,,,,,,,,,,,,,,,,,,,,,,CUSTOMER,HETALLS GLOBAL PRIVATE LIMITED,Individual,Consumer,-,,,,,,,,,,,,,,
,,,,,,,,,,,,,,,,,,,,,,,,,,,,,CUSTOMER,HETALLS GLOBAL PRIVATE LIMITED,Individual,Consumer,-,,,,,,,,,,,,,,
,,,,,,,,,,,,,,,,,,,,,,,,,,,,,CUSTOMER,HETALLS GLOBAL PRIVATE LIMITED,Individual,Consumer,-,,,,,,,,,,,,,,
,,,,,,,,,,,,,,,,,,,,,,,,,,,,,CUSTOMER,HETALLS GLOBAL PRIVATE LIMITED,Individual,Consumer,-,,,,,,,,,,,,,,
,,,,,,,,,,,,,,,,,,,,,,,,,,,,,CUSTOMER,HETALLS GLOBAL PRIVATE LIMITED,Individual,Consumer,-,,,,,,,,,,,,,,
,,,,,,,,,,,,,,,,,,,,,,,,,,,,,CUSTOMER,HETALLS GLOBAL PRIVATE LIMITED,Individual,Consumer,-,,,,,,,,,,,,,,
,,,,,,,,,,,,,,,,,,,,,,,,,,,,,CUSTOMER,HETALLS GLOBAL PRIVATE LIMITED,Individual,Consumer,-,,,,,,,,,,,,,,
,,,,,,,,,,,,,,,,,,,,,,,,,,,,,CUSTOMER,HETALLS GLOBAL PRIVATE LIMITED,Individual,Consumer,-,,,,,,,,,,,,,,
,,,,,,,,,,,,,,,,,,,,,,,,,,,,,CUSTOMER,HETALLS GLOBAL PRIVATE LIMITED,Individual,Consumer,-,,,,,,,,,,,,,,
,,,,,,,,,,,,,,,,,,,,,,,,,,,,,CUSTOMER,HETALLS GLOBAL PRIVATE LIMITED,Individual,Consumer,-,,,,,,,,,,,,,,
,,,,,,,,,,,,,,,,,,,,,,,,,,,,,CUSTOMER,HETALLS GLOBAL PRIVATE LIMITED,Individual,Consumer,-,,,,,,,,,,,,,,
,,,,,,,,,,,,,,,,,,,,,,,,,,,,,CUSTOMER,HETALLS GLOBAL PRIVATE LIMITED,Individual,Consumer,-,,,,,,,,,,,,,,
,,,,,,,,,,,,,,,,,,,,,,,,,,,,,CUSTOMER,HETALLS GLOBAL PRIVATE LIMITED,Individual,Consumer,-,,,,,,,,,,,,,,
,,,,,,,,,,,,,,,,,,,,,,,,,,,,,CUSTOMER,HETALLS GLOBAL PRIVATE LIMITED,Individual,Consumer,-,,,,,,,,,,,,,,
,,,,,,,,,,,,,,,,,,,,,,,,,,,,,CUSTOMER,HETALLS GLOBAL PRIVATE LIMITED,Individual,Consumer,-,,,,,,,,,,,,,,
,,,,,,,,,,,,,,,,,,,,,,,,,,,,,CUSTOMER,HETALLS GLOBAL PRIVATE LIMITED,Individual,Consumer,-,,,,,,,,,,,,,,
,,,,,,,,,,,,,,,,,,,,,,,,,,,,,CUSTOMER,HETALLS GLOBAL PRIVATE LIMITED,Individual,Consumer,-,,,,,,,,,,,,,,
,,,,,,,,,,,,,,,,,,,,,,,,,,,,,CUSTOMER,HETALLS GLOBAL PRIVATE LIMITED,Individual,Consumer,-,,,,,,,,,,,,,,
,,,,,,,,,,,,,,,,,,,,,,,,,,,,,CUSTOMER,HETALLS GLOBAL PRIVATE LIMITED,Individual,Consumer,-,,,,,,,,,,,,,,
,,,,,,,,,,,,,,,,,,,,,,,,,,,,,CUSTOMER,HETALLS GLOBAL PRIVATE LIMITED,Individual,Consumer,-,,,,,,,,,,,,,,
,,,,,,,,,,,,,,,,,,,,,,,,,,,,,CUSTOMER,HETALLS GLOBAL PRIVATE LIMITED,Individual,Consumer,-,,,,,,,,,,,,,,
,,,,,,,,,,,,,,,,,,,,,,,,,,,,,CUSTOMER,HETALLS GLOBAL PRIVATE LIMITED,Individual,Consumer,-,,,,,,,,,,,,,,
,,,,,,,,,,,,,,,,,,,,,,,,,,,,,CUSTOMER,HETALLS GLOBAL PRIVATE LIMITED,Individual,Consumer,-,,,,,,,,,,,,,,
,,,,,,,,,,,,,,,,,,,,,,,,,,,,,CUSTOMER,HETALLS GLOBAL PRIVATE LIMITED,Individual,Consumer,-,,,,,,,,,,,,,,
,,,,,,,,,,,,,,,,,,,,,,,,,,,,,CUSTOMER,HETALLS GLOBAL PRIVATE LIMITED,Individual,Consumer,-,,,,,,,,,,,,,,
,,,,,,,,,,,,,,,,,,,,,,,,,,,,,CUSTOMER,HETALLS GLOBAL PRIVATE LIMITED,Individual,Consumer,-,,,,,,,,,,,,,,
,,,,,,,,,,,,,,,,,,,,,,,,,,,,,CUSTOMER,HETALLS GLOBAL PRIVATE LIMITED,Individual,Consumer,-,,,,,,,,,,,,,,
,,,,,,,,,,,,,,,,,,,,,,,,,,,,,CUSTOMER,HETALLS GLOBAL PRIVATE LIMITED,Individual,Consumer,-,,,,,,,,,,,,,,
,,,,,,,,,,,,,,,,,,,,,,,,,,,,,CUSTOMER,HETALLS GLOBAL PRIVATE LIMITED,Individual,Consumer,-,,,,,,,,,,,,,,
,,,,,,,,,,,,,,,,,,,,,,,,,,,,,CUSTOMER,HETALLS GLOBAL PRIVATE LIMITED,Individual,Consumer,-,,,,,,,,,,,,,,
,,,,,,,,,,,,,,,,,,,,,,,,,,,,,CUSTOMER,HETALLS GLOBAL PRIVATE LIMITED,Individual,Consumer,-,,,,,,,,,,,,,,
,,,,,,,,,,,,,,,,,,,,,,,,,,,,,CUSTOMER,HETALLS GLOBAL PRIVATE LIMITED,Individual,Consumer,-,,,,,,,,,,,,,,
,,,,,,,,,,,,,,,,,,,,,,,,,,,,,CUSTOMER,HETALLS GLOBAL PRIVATE LIMITED,Individual,Consumer,-,,,,,,,,,,,,,,
,,,,,,,,,,,,,,,,,,,,,,,,,,,,,CUSTOMER,HETALLS GLOBAL PRIVATE LIMITED,Individual,Consumer,-,,,,,,,,,,,,,,
,,,,,,,,,,,,,,,,,,,,,,,,,,,,,CUSTOMER,HETALLS GLOBAL PRIVATE LIMITED,Individual,Consumer,-,,,,,,,,,,,,,,
,,,,,,,,,,,,,,,,,,,,,,,,,,,,,CUSTOMER,HETALLS GLOBAL PRIVATE LIMITED,Individual,Consumer,-,,,,,,,,,,,,,,
,,,,,,,,,,,,,,,,,,,,,,,,,,,,,CUSTOMER,HETALLS GLOBAL PRIVATE LIMITED,Individual,Consumer,-,,,,,,,,,,,,,,
,,,,,,,,,,,,,,,,,,,,,,,,,,,,,CUSTOMER,HETALLS GLOBAL PRIVATE LIMITED,Individual,Consumer,-,,,,,,,,,,,,,,
,,,,,,,,,,,,,,,,,,,,,,,,,,,,,CUSTOMER,HETALLS GLOBAL PRIVATE LIMITED,Individual,Consumer,-,,,,,,,,,,,,,,
,,,,,,,,,,,,,,,,,,,,,,,,,,,,,CUSTOMER,HETALLS GLOBAL PRIVATE LIMITED,Individual,Consumer,-,,,,,,,,,,,,,,
,,,,,,,,,,,,,,,,,,,,,,,,,,,,,CUSTOMER,HETALLS GLOBAL PRIVATE LIMITED,Individual,Consumer,-,,,,,,,,,,,,,,
,,,,,,,,,,,,,,,,,,,,,,,,,,,,,CUSTOMER,HETALLS GLOBAL PRIVATE LIMITED,Individual,Consumer,-,,,,,,,,,,,,,,
,,,,,,,,,,,,,,,,,,,,,,,,,,,,,CUSTOMER,HETALLS GLOBAL PRIVATE LIMITED,Individual,Consumer,-,,,,,,,,,,,,,,
,,,,,,,,,,,,,,,,,,,,,,,,,,,,,CUSTOMER,HETALLS GLOBAL PRIVATE LIMITED,Individual,Consumer,-,,,,,,,,,,,,,,
,,,,,,,,,,,,,,,,,,,,,,,,,,,,,CUSTOMER,HETALLS GLOBAL PRIVATE LIMITED,Individual,Consumer,-,,,,,,,,,,,,,,
,,,,,,,,,,,,,,,,,,,,,,,,,,,,,CUSTOMER,HETALLS GLOBAL PRIVATE LIMITED,Individual,Consumer,-,,,,,,,,,,,,,,
,,,,,,,,,,,,,,,,,,,,,,,,,,,,,CUSTOMER,HETALLS GLOBAL PRIVATE LIMITED,Individual,Consumer,-,,,,,,,,,,,,,,
,,,,,,,,,,,,,,,,,,,,,,,,,,,,,CUSTOMER,HETALLS GLOBAL PRIVATE LIMITED,Individual,Consumer,-,,,,,,,,,,,,,,
,,,,,,,,,,,,,,,,,,,,,,,,,,,,,CUSTOMER,HETALLS GLOBAL PRIVATE LIMITED,Individual,Consumer,-,,,,,,,,,,,,,,
,,,,,,,,,,,,,,,,,,,,,,,,,,,,,CUSTOMER,HETALLS GLOBAL PRIVATE LIMITED,Individual,Consumer,-,,,,,,,,,,,,,,
,,,,,,,,,,,,,,,,,,,,,,,,,,,,,CUSTOMER,HETALLS GLOBAL PRIVATE LIMITED,Individual,Consumer,-,,,,,,,,,,,,,,
,,,,,,,,,,,,,,,,,,,,,,,,,,,,,CUSTOMER,HETALLS GLOBAL PRIVATE LIMITED,Individual,Consumer,-,,,,,,,,,,,,,,
,,,,,,,,,,,,,,,,,,,,,,,,,,,,,CUSTOMER,HETALLS GLOBAL PRIVATE LIMITED,Individual,Consumer,-,,,,,,,,,,,,,,
,,,,,,,,,,,,,,,,,,,,,,,,,,,,,CUSTOMER,HETALLS GLOBAL PRIVATE LIMITED,Individual,Consumer,-,,,,,,,,,,,,,,
,,,,,,,,,,,,,,,,,,,,,,,,,,,,,CUSTOMER,HETALLS GLOBAL PRIVATE LIMITED,Individual,Consumer,-,,,,,,,,,,,,,,
,,,,,,,,,,,,,,,,,,,,,,,,,,,,,CUSTOMER,HETALLS GLOBAL PRIVATE LIMITED,Individual,Consumer,-,,,,,,,,,,,,,,
,,,,,,,,,,,,,,,,,,,,,,,,,,,,,CUSTOMER,HETALLS GLOBAL PRIVATE LIMITED,Individual,Consumer,-,,,,,,,,,,,,,,
,,,,,,,,,,,,,,,,,,,,,,,,,,,,,CUSTOMER,HETALLS GLOBAL PRIVATE LIMITED,Individual,Consumer,-,,,,,,,,,,,,,,
,,,,,,,,,,,,,,,,,,,,,,,,,,,,,CUSTOMER,HETALLS GLOBAL PRIVATE LIMITED,Individual,Consumer,-,,,,,,,,,,,,,,
,,,,,,,,,,,,,,,,,,,,,,,,,,,,,CUSTOMER,HETALLS GLOBAL PRIVATE LIMITED,Individual,Consumer,-,,,,,,,,,,,,,,
,,,,,,,,,,,,,,,,,,,,,,,,,,,,,CUSTOMER,HETALLS GLOBAL PRIVATE LIMITED,Individual,Consumer,-,,,,,,,,,,,,,,
,,,,,,,,,,,,,,,,,,,,,,,,,,,,,CUSTOMER,HETALLS GLOBAL PRIVATE LIMITED,Individual,Consumer,-,,,,,,,,,,,,,,
,,,,,,,,,,,,,,,,,,,,,,,,,,,,,CUSTOMER,HETALLS GLOBAL PRIVATE LIMITED,Individual,Consumer,-,,,,,,,,,,,,,,
,,,,,,,,,,,,,,,,,,,,,,,,,,,,,CUSTOMER,HETALLS GLOBAL PRIVATE LIMITED,Individual,Consumer,-,,,,,,,,,,,,,,
,,,,,,,,,,,,,,,,,,,,,,,,,,,,,CUSTOMER,HETALLS GLOBAL PRIVATE LIMITED,Individual,Consumer,-,,,,,,,,,,,,,,
,,,,,,,,,,,,,,,,,,,,,,,,,,,,,CUSTOMER,HETALLS GLOBAL PRIVATE LIMITED,Individual,Consumer,-,,,,,,,,,,,,,,
,,,,,,,,,,,,,,,,,,,,,,,,,,,,,CUSTOMER,HETALLS GLOBAL PRIVATE LIMITED,Individual,Consumer,-,,,,,,,,,,,,,,
,,,,,,,,,,,,,,,,,,,,,,,,,,,,,CUSTOMER,HETALLS GLOBAL PRIVATE LIMITED,Individual,Consumer,-,,,,,,,,,,,,,,
,,,,,,,,,,,,,,,,,,,,,,,,,,,,,CUSTOMER,HETALLS GLOBAL PRIVATE LIMITED,Individual,Consumer,-,,,,,,,,,,,,,,
,,,,,,,,,,,,,,,,,,,,,,,,,,,,,CUSTOMER,HETALLS GLOBAL PRIVATE LIMITED,Individual,Consumer,-,,,,,,,,,,,,,,
,,,,,,,,,,,,,,,,,,,,,,,,,,,,,CUSTOMER,HETALLS GLOBAL PRIVATE LIMITED,Individual,Consumer,-,,,,,,,,,,,,,,
,,,,,,,,,,,,,,,,,,,,,,,,,,,,,CUSTOMER,HETALLS GLOBAL PRIVATE LIMITED,Individual,Consumer,-,,,,,,,,,,,,,,
,,,,,,,,,,,,,,,,,,,,,,,,,,,,,CUSTOMER,HETALLS GLOBAL PRIVATE LIMITED,Individual,Consumer,-,,,,,,,,,,,,,,
,,,,,,,,,,,,,,,,,,,,,,,,,,,,,CUSTOMER,HETALLS GLOBAL PRIVATE LIMITED,Individual,Consumer,-,,,,,,,,,,,,,,
,,,,,,,,,,,,,,,,,,,,,,,,,,,,,CUSTOMER,HETALLS GLOBAL PRIVATE LIMITED,Individual,Consumer,-,,,,,,,,,,,,,,
,,,,,,,,,,,,,,,,,,,,,,,,,,,,,CUSTOMER,HETALLS GLOBAL PRIVATE LIMITED,Individual,Consumer,-,,,,,,,,,,,,,,
,,,,,,,,,,,,,,,,,,,,,,,,,,,,,CUSTOMER,HETALLS GLOBAL PRIVATE LIMITED,Individual,Consumer,-,,,,,,,,,,,,,,
,,,,,,,,,,,,,,,,,,,,,,,,,,,,,CUSTOMER,HETALLS GLOBAL PRIVATE LIMITED,Individual,Consumer,-,,,,,,,,,,,,,,
,,,,,,,,,,,,,,,,,,,,,,,,,,,,,CUSTOMER,HETALLS GLOBAL PRIVATE LIMITED,Individual,Consumer,-,,,,,,,,,,,,,,
,,,,,,,,,,,,,,,,,,,,,,,,,,,,,CUSTOMER,HETALLS GLOBAL PRIVATE LIMITED,Individual,Consumer,-,,,,,,,,,,,,,,
,,,,,,,,,,,,,,,,,,,,,,,,,,,,,CUSTOMER,HETALLS GLOBAL PRIVATE LIMITED,Individual,Consumer,-,,,,,,,,,,,,,,
,,,,,,,,,,,,,,,,,,,,,,,,,,,,,CUSTOMER,HETALLS GLOBAL PRIVATE LIMITED,Individual,Consumer,-,,,,,,,,,,,,,,
,,,,,,,,,,,,,,,,,,,,,,,,,,,,,CUSTOMER,HETALLS GLOBAL PRIVATE LIMITED,Individual,Consumer,-,,,,,,,,,,,,,,
,,,,,,,,,,,,,,,,,,,,,,,,,,,,,CUSTOMER,HETALLS GLOBAL PRIVATE LIMITED,Individual,Consumer,-,,,,,,,,,,,,,,
,,,,,,,,,,,,,,,,,,,,,,,,,,,,,CUSTOMER,HETALLS GLOBAL PRIVATE LIMITED,Individual,Consumer,-,,,,,,,,,,,,,,
,,,,,,,,,,,,,,,,,,,,,,,,,,,,,CUSTOMER,HETALLS GLOBAL PRIVATE LIMITED,Individual,Consumer,-,,,,,,,,,,,,,,
,,,,,,,,,,,,,,,,,,,,,,,,,,,,,CUSTOMER,HETALLS GLOBAL PRIVATE LIMITED,Individual,Consumer,-,,,,,,,,,,,,,,
,,,,,,,,,,,,,,,,,,,,,,,,,,,,,CUSTOMER,HETALLS GLOBAL PRIVATE LIMITED,Individual,Consumer,-,,,,,,,,,,,,,,
,,,,,,,,,,,,,,,,,,,,,,,,,,,,,CUSTOMER,HETALLS GLOBAL PRIVATE LIMITED,Individual,Consumer,-,,,,,,,,,,,,,,
,,,,,,,,,,,,,,,,,,,,,,,,,,,,,CUSTOMER,HETALLS GLOBAL PRIVATE LIMITED,Individual,Consumer,-,,,,,,,,,,,,,,
,,,,,,,,,,,,,,,,,,,,,,,,,,,,,CUSTOMER,HETALLS GLOBAL PRIVATE LIMITED,Individual,Consumer,-,,,,,,,,,,,,,,
,,,,,,,,,,,,,,,,,,,,,,,,,,,,,CUSTOMER,HETALLS GLOBAL PRIVATE LIMITED,Individual,Consumer,-,,,,,,,,,,,,,,
,,,,,,,,,,,,,,,,,,,,,,,,,,,,,CUSTOMER,HETALLS GLOBAL PRIVATE LIMITED,Individual,Consumer,-,,,,,,,,,,,,,,
,,,,,,,,,,,,,,,,,,,,,,,,,,,,,CUSTOMER,HETALLS GLOBAL PRIVATE LIMITED,Individual,Consumer,-,,,,,,,,,,,,,,
,,,,,,,,,,,,,,,,,,,,,,,,,,,,,CUSTOMER,HETALLS GLOBAL PRIVATE LIMITED,Individual,Consumer,-,,,,,,,,,,,,,,
,,,,,,,,,,,,,,,,,,,,,,,,,,,,,CUSTOMER,HETALLS GLOBAL PRIVATE LIMITED,Individual,Consumer,-,,,,,,,,,,,,,,
,,,,,,,,,,,,,,,,,,,,,,,,,,,,,CUSTOMER,HETALLS GLOBAL PRIVATE LIMITED,Individual,Consumer,-,,,,,,,,,,,,,,
,,,,,,,,,,,,,,,,,,,,,,,,,,,,,CUSTOMER,HETALLS GLOBAL PRIVATE LIMITED,Individual,Consumer,-,,,,,,,,,,,,,,
,,,,,,,,,,,,,,,,,,,,,,,,,,,,,CUSTOMER,HETALLS GLOBAL PRIVATE LIMITED,Individual,Consumer,-,,,,,,,,,,,,,,
,,,,,,,,,,,,,,,,,,,,,,,,,,,,,CUSTOMER,HETALLS GLOBAL PRIVATE LIMITED,Individual,Consumer,-,,,,,,,,,,,,,,
,,,,,,,,,,,,,,,,,,,,,,,,,,,,,CUSTOMER,HETALLS GLOBAL PRIVATE LIMITED,Individual,Consumer,-,,,,,,,,,,,,,,
,,,,,,,,,,,,,,,,,,,,,,,,,,,,,CUSTOMER,HETALLS GLOBAL PRIVATE LIMITED,Individual,Consumer,-,,,,,,,,,,,,,,
,,,,,,,,,,,,,,,,,,,,,,,,,,,,,CUSTOMER,HETALLS GLOBAL PRIVATE LIMITED,Individual,Consumer,-,,,,,,,,,,,,,,
,,,,,,,,,,,,,,,,,,,,,,,,,,,,,CUSTOMER,HETALLS GLOBAL PRIVATE LIMITED,Individual,Consumer,-,,,,,,,,,,,,,,
,,,,,,,,,,,,,,,,,,,,,,,,,,,,,CUSTOMER,HETALLS GLOBAL PRIVATE LIMITED,Individual,Consumer,-,,,,,,,,,,,,,,
,,,,,,,,,,,,,,,,,,,,,,,,,,,,,CUSTOMER,HETALLS GLOBAL PRIVATE LIMITED,Individual,Consumer,-,,,,,,,,,,,,,,
,,,,,,,,,,,,,,,,,,,,,,,,,,,,,CUSTOMER,HETALLS GLOBAL PRIVATE LIMITED,Individual,Consumer,-,,,,,,,,,,,,,,
,,,,,,,,,,,,,,,,,,,,,,,,,,,,,CUSTOMER,HETALLS GLOBAL PRIVATE LIMITED,Individual,Consumer,-,,,,,,,,,,,,,,
,,,,,,,,,,,,,,,,,,,,,,,,,,,,,CUSTOMER,HETALLS GLOBAL PRIVATE LIMITED,Individual,Consumer,-,,,,,,,,,,,,,,
,,,,,,,,,,,,,,,,,,,,,,,,,,,,,CUSTOMER,HETALLS GLOBAL PRIVATE LIMITED,Individual,Consumer,-,,,,,,,,,,,,,,
,,,,,,,,,,,,,,,,,,,,,,,,,,,,,CUSTOMER,HETALLS GLOBAL PRIVATE LIMITED,Individual,Consumer,-,,,,,,,,,,,,,,
,,,,,,,,,,,,,,,,,,,,,,,,,,,,,CUSTOMER,HETALLS GLOBAL PRIVATE LIMITED,Individual,Consumer,-,,,,,,,,,,,,,,
,,,,,,,,,,,,,,,,,,,,,,,,,,,,,CUSTOMER,HETALLS GLOBAL PRIVATE LIMITED,Individual,Consumer,-,,,,,,,,,,,,,,
,,,,,,,,,,,,,,,,,,,,,,,,,,,,,CUSTOMER,HETALLS GLOBAL PRIVATE LIMITED,Individual,Consumer,-,,,,,,,,,,,,,,
,,,,,,,,,,,,,,,,,,,,,,,,,,,,,CUSTOMER,HETALLS GLOBAL PRIVATE LIMITED,Individual,Consumer,-,,,,,,,,,,,,,,
,,,,,,,,,,,,,,,,,,,,,,,,,,,,,CUSTOMER,HETALLS GLOBAL PRIVATE LIMITED,Individual,Consumer,-,,,,,,,,,,,,,,
,,,,,,,,,,,,,,,,,,,,,,,,,,,,,CUSTOMER,HETALLS GLOBAL PRIVATE LIMITED,Individual,Consumer,-,,,,,,,,,,,,,,
,,,,,,,,,,,,,,,,,,,,,,,,,,,,,CUSTOMER,HETALLS GLOBAL PRIVATE LIMITED,Individual,Consumer,-,,,,,,,,,,,,,,
,,,,,,,,,,,,,,,,,,,,,,,,,,,,,CUSTOMER,HETALLS GLOBAL PRIVATE LIMITED,Individual,Consumer,-,,,,,,,,,,,,,,
,,,,,,,,,,,,,,,,,,,,,,,,,,,,,CUSTOMER,HETALLS GLOBAL PRIVATE LIMITED,Individual,Consumer,-,,,,,,,,,,,,,,
,,,,,,,,,,,,,,,,,,,,,,,,,,,,,CUSTOMER,HETALLS GLOBAL PRIVATE LIMITED,Individual,Consumer,-,,,,,,,,,,,,,,
,,,,,,,,,,,,,,,,,,,,,,,,,,,,,CUSTOMER,HETALLS GLOBAL PRIVATE LIMITED,Individual,Consumer,-,,,,,,,,,,,,,,
,,,,,,,,,,,,,,,,,,,,,,,,,,,,,CUSTOMER,HETALLS GLOBAL PRIVATE LIMITED,Individual,Consumer,-,,,,,,,,,,,,,,
,,,,,,,,,,,,,,,,,,,,,,,,,,,,,CUSTOMER,HETALLS GLOBAL PRIVATE LIMITED,Individual,Consumer,-,,,,,,,,,,,,,,
,,,,,,,,,,,,,,,,,,,,,,,,,,,,,CUSTOMER,HETALLS GLOBAL PRIVATE LIMITED,Individual,Consumer,-,,,,,,,,,,,,,,
,,,,,,,,,,,,,,,,,,,,,,,,,,,,,CUSTOMER,HETALLS GLOBAL PRIVATE LIMITED,Individual,Consumer,-,,,,,,,,,,,,,,
,,,,,,,,,,,,,,,,,,,,,,,,,,,,,CUSTOMER,HETALLS GLOBAL PRIVATE LIMITED,Individual,Consumer,-,,,,,,,,,,,,,,
,,,,,,,,,,,,,,,,,,,,,,,,,,,,,CUSTOMER,HETALLS GLOBAL PRIVATE LIMITED,Individual,Consumer,-,,,,,,,,,,,,,,
,,,,,,,,,,,,,,,,,,,,,,,,,,,,,CUSTOMER,HETALLS GLOBAL PRIVATE LIMITED,Individual,Consumer,-,,,,,,,,,,,,,,
,,,,,,,,,,,,,,,,,,,,,,,,,,,,,CUSTOMER,HETALLS GLOBAL PRIVATE LIMITED,Individual,Consumer,-,,,,,,,,,,,,,,
,,,,,,,,,,,,,,,,,,,,,,,,,,,,,CUSTOMER,HETALLS GLOBAL PRIVATE LIMITED,Individual,Consumer,-,,,,,,,,,,,,,,
,,,,,,,,,,,,,,,,,,,,,,,,,,,,,CUSTOMER,HETALLS GLOBAL PRIVATE LIMITED,Individual,Consumer,-,,,,,,,,,,,,,,
,,,,,,,,,,,,,,,,,,,,,,,,,,,,,CUSTOMER,HETALLS GLOBAL PRIVATE LIMITED,Individual,Consumer,-,,,,,,,,,,,,,,
,,,,,,,,,,,,,,,,,,,,,,,,,,,,,CUSTOMER,HETALLS GLOBAL PRIVATE LIMITED,Individual,Consumer,-,,,,,,,,,,,,,,
,,,,,,,,,,,,,,,,,,,,,,,,,,,,,CUSTOMER,HETALLS GLOBAL PRIVATE LIMITED,Individual,Consumer,-,,,,,,,,,,,,,,
,,,,,,,,,,,,,,,,,,,,,,,,,,,,,CUSTOMER,HETALLS GLOBAL PRIVATE LIMITED,Individual,Consumer,-,,,,,,,,,,,,,,
,,,,,,,,,,,,,,,,,,,,,,,,,,,,,CUSTOMER,HETALLS GLOBAL PRIVATE LIMITED,Individual,Consumer,-,,,,,,,,,,,,,,
,,,,,,,,,,,,,,,,,,,,,,,,,,,,,CUSTOMER,HETALLS GLOBAL PRIVATE LIMITED,Individual,Consumer,-,,,,,,,,,,,,,,
,,,,,,,,,,,,,,,,,,,,,,,,,,,,,CUSTOMER,HETALLS GLOBAL PRIVATE LIMITED,Individual,Consumer,-,,,,,,,,,,,,,,
,,,,,,,,,,,,,,,,,,,,,,,,,,,,,CUSTOMER,HETALLS GLOBAL PRIVATE LIMITED,Individual,Consumer,-,,,,,,,,,,,,,,
,,,,,,,,,,,,,,,,,,,,,,,,,,,,,CUSTOMER,HETALLS GLOBAL PRIVATE LIMITED,Individual,Consumer,-,,,,,,,,,,,,,,
,,,,,,,,,,,,,,,,,,,,,,,,,,,,,CUSTOMER,HETALLS GLOBAL PRIVATE LIMITED,Individual,Consumer,-,,,,,,,,,,,,,,
,,,,,,,,,,,,,,,,,,,,,,,,,,,,,CUSTOMER,HETALLS GLOBAL PRIVATE LIMITED,Individual,Consumer,-,,,,,,,,,,,,,,
,,,,,,,,,,,,,,,,,,,,,,,,,,,,,CUSTOMER,HETALLS GLOBAL PRIVATE LIMITED,Individual,Consumer,-,,,,,,,,,,,,,,
,,,,,,,,,,,,,,,,,,,,,,,,,,,,,CUSTOMER,HETALLS GLOBAL PRIVATE LIMITED,Individual,Consumer,-,,,,,,,,,,,,,,
,,,,,,,,,,,,,,,,,,,,,,,,,,,,,CUSTOMER,HETALLS GLOBAL PRIVATE LIMITED,Individual,Consumer,-,,,,,,,,,,,,,,
,,,,,,,,,,,,,,,,,,,,,,,,,,,,,CUSTOMER,HETALLS GLOBAL PRIVATE LIMITED,Individual,Consumer,-,,,,,,,,,,,,,,
,,,,,,,,,,,,,,,,,,,,,,,,,,,,,CUSTOMER,HETALLS GLOBAL PRIVATE LIMITED,Individual,Consumer,-,,,,,,,,,,,,,,
,,,,,,,,,,,,,,,,,,,,,,,,,,,,,CUSTOMER,HETALLS GLOBAL PRIVATE LIMITED,Individual,Consumer,-,,,,,,,,,,,,,,
,,,,,,,,,,,,,,,,,,,,,,,,,,,,,CUSTOMER,HETALLS GLOBAL PRIVATE LIMITED,Individual,Consumer,-,,,,,,,,,,,,,,
,,,,,,,,,,,,,,,,,,,,,,,,,,,,,CUSTOMER,HETALLS GLOBAL PRIVATE LIMITED,Individual,Consumer,-,,,,,,,,,,,,,,
,,,,,,,,,,,,,,,,,,,,,,,,,,,,,CUSTOMER,HETALLS GLOBAL PRIVATE LIMITED,Individual,Consumer,-,,,,,,,,,,,,,,
,,,,,,,,,,,,,,,,,,,,,,,,,,,,,CUSTOMER,HETALLS GLOBAL PRIVATE LIMITED,Individual,Consumer,-,,,,,,,,,,,,,,
,,,,,,,,,,,,,,,,,,,,,,,,,,,,,CUSTOMER,HETALLS GLOBAL PRIVATE LIMITED,Individual,Consumer,-,,,,,,,,,,,,,,
,,,,,,,,,,,,,,,,,,,,,,,,,,,,,CUSTOMER,HETALLS GLOBAL PRIVATE LIMITED,Individual,Consumer,-,,,,,,,,,,,,,,
,,,,,,,,,,,,,,,,,,,,,,,,,,,,,CUSTOMER,HETALLS GLOBAL PRIVATE LIMITED,Individual,Consumer,-,,,,,,,,,,,,,,
,,,,,,,,,,,,,,,,,,,,,,,,,,,,,CUSTOMER,HETALLS GLOBAL PRIVATE LIMITED,Individual,Consumer,-,,,,,,,,,,,,,,
,,,,,,,,,,,,,,,,,,,,,,,,,,,,,CUSTOMER,HETALLS GLOBAL PRIVATE LIMITED,Individual,Consumer,-,,,,,,,,,,,,,,
,,,,,,,,,,,,,,,,,,,,,,,,,,,,,CUSTOMER,HETALLS GLOBAL PRIVATE LIMITED,Individual,Consumer,-,,,,,,,,,,,,,,
,,,,,,,,,,,,,,,,,,,,,,,,,,,,,CUSTOMER,HETALLS GLOBAL PRIVATE LIMITED,Individual,Consumer,-,,,,,,,,,,,,,,
,,,,,,,,,,,,,,,,,,,,,,,,,,,,,CUSTOMER,HETALLS GLOBAL PRIVATE LIMITED,Individual,Consumer,-,,,,,,,,,,,,,,
,,,,,,,,,,,,,,,,,,,,,,,,,,,,,CUSTOMER,HETALLS GLOBAL PRIVATE LIMITED,Individual,Consumer,-,,,,,,,,,,,,,,
,,,,,,,,,,,,,,,,,,,,,,,,,,,,,CUSTOMER,HETALLS GLOBAL PRIVATE LIMITED,Individual,Consumer,-,,,,,,,,,,,,,,
,,,,,,,,,,,,,,,,,,,,,,,,,,,,,CUSTOMER,HETALLS GLOBAL PRIVATE LIMITED,Individual,Consumer,-,,,,,,,,,,,,,,
,,,,,,,,,,,,,,,,,,,,,,,,,,,,,CUSTOMER,HETALLS GLOBAL PRIVATE LIMITED,Individual,Consumer,-,,,,,,,,,,,,,,
,,,,,,,,,,,,,,,,,,,,,,,,,,,,,CUSTOMER,HETALLS GLOBAL PRIVATE LIMITED,Individual,Consumer,-,,,,,,,,,,,,,,
,,,,,,,,,,,,,,,,,,,,,,,,,,,,,CUSTOMER,HETALLS GLOBAL PRIVATE LIMITED,Individual,Consumer,-,,,,,,,,,,,,,,
,,,,,,,,,,,,,,,,,,,,,,,,,,,,,CUSTOMER,HETALLS GLOBAL PRIVATE LIMITED,Individual,Consumer,-,,,,,,,,,,,,,,
,,,,,,,,,,,,,,,,,,,,,,,,,,,,,CUSTOMER,HETALLS GLOBAL PRIVATE LIMITED,Individual,Consumer,-,,,,,,,,,,,,,,
,,,,,,,,,,,,,,,,,,,,,,,,,,,,,CUSTOMER,HETALLS GLOBAL PRIVATE LIMITED,Individual,Consumer,-,,,,,,,,,,,,,,
,,,,,,,,,,,,,,,,,,,,,,,,,,,,,CUSTOMER,HETALLS GLOBAL PRIVATE LIMITED,Individual,Consumer,-,,,,,,,,,,,,,,
,,,,,,,,,,,,,,,,,,,,,,,,,,,,,CUSTOMER,HETALLS GLOBAL PRIVATE LIMITED,Individual,Consumer,-,,,,,,,,,,,,,,
,,,,,,,,,,,,,,,,,,,,,,,,,,,,,CUSTOMER,HETALLS GLOBAL PRIVATE LIMITED,Individual,Consumer,-,,,,,,,,,,,,,,
,,,,,,,,,,,,,,,,,,,,,,,,,,,,,CUSTOMER,HETALLS GLOBAL PRIVATE LIMITED,Individual,Consumer,-,,,,,,,,,,,,,,
,,,,,,,,,,,,,,,,,,,,,,,,,,,,,CUSTOMER,HETALLS GLOBAL PRIVATE LIMITED,Individual,Consumer,-,,,,,,,,,,,,,,
,,,,,,,,,,,,,,,,,,,,,,,,,,,,,CUSTOMER,HETALLS GLOBAL PRIVATE LIMITED,Individual,Consumer,-,,,,,,,,,,,,,,
,,,,,,,,,,,,,,,,,,,,,,,,,,,,,CUSTOMER,HETALLS GLOBAL PRIVATE LIMITED,Individual,Consumer,-,,,,,,,,,,,,,,
,,,,,,,,,,,,,,,,,,,,,,,,,,,,,CUSTOMER,HETALLS GLOBAL PRIVATE LIMITED,Individual,Consumer,-,,,,,,,,,,,,,,
,,,,,,,,,,,,,,,,,,,,,,,,,,,,,CUSTOMER,HETALLS GLOBAL PRIVATE LIMITED,Individual,Consumer,-,,,,,,,,,,,,,,
,,,,,,,,,,,,,,,,,,,,,,,,,,,,,CUSTOMER,HETALLS GLOBAL PRIVATE LIMITED,Individual,Consumer,-,,,,,,,,,,,,,,
,,,,,,,,,,,,,,,,,,,,,,,,,,,,,CUSTOMER,HETALLS GLOBAL PRIVATE LIMITED,Individual,Consumer,-,,,,,,,,,,,,,,
,,,,,,,,,,,,,,,,,,,,,,,,,,,,,CUSTOMER,HETALLS GLOBAL PRIVATE LIMITED,Individual,Consumer,-,,,,,,,,,,,,,,
,,,,,,,,,,,,,,,,,,,,,,,,,,,,,CUSTOMER,HETALLS GLOBAL PRIVATE LIMITED,Individual,Consumer,-,,,,,,,,,,,,,,
,,,,,,,,,,,,,,,,,,,,,,,,,,,,,CUSTOMER,HETALLS GLOBAL PRIVATE LIMITED,Individual,Consumer,-,,,,,,,,,,,,,,
,,,,,,,,,,,,,,,,,,,,,,,,,,,,,CUSTOMER,HETALLS GLOBAL PRIVATE LIMITED,Individual,Consumer,-,,,,,,,,,,,,,,
,,,,,,,,,,,,,,,,,,,,,,,,,,,,,CUSTOMER,HETALLS GLOBAL PRIVATE LIMITED,Individual,Consumer,-,,,,,,,,,,,,,,
,,,,,,,,,,,,,,,,,,,,,,,,,,,,,CUSTOMER,HETALLS GLOBAL PRIVATE LIMITED,Individual,Consumer,-,,,,,,,,,,,,,,
,,,,,,,,,,,,,,,,,,,,,,,,,,,,,CUSTOMER,HETALLS GLOBAL PRIVATE LIMITED,Individual,Consumer,-,,,,,,,,,,,,,,
,,,,,,,,,,,,,,,,,,,,,,,,,,,,,CUSTOMER,HETALLS GLOBAL PRIVATE LIMITED,Individual,Consumer,-,,,,,,,,,,,,,,
,,,,,,,,,,,,,,,,,,,,,,,,,,,,,CUSTOMER,HETALLS GLOBAL PRIVATE LIMITED,Individual,Consumer,-,,,,,,,,,,,,,,
,,,,,,,,,,,,,,,,,,,,,,,,,,,,,CUSTOMER,HETALLS GLOBAL PRIVATE LIMITED,Individual,Consumer,-,,,,,,,,,,,,,,
,,,,,,,,,,,,,,,,,,,,,,,,,,,,,CUSTOMER,HETALLS GLOBAL PRIVATE LIMITED,Individual,Consumer,-,,,,,,,,,,,,,,
,,,,,,,,,,,,,,,,,,,,,,,,,,,,,CUSTOMER,HETALLS GLOBAL PRIVATE LIMITED,Individual,Consumer,-,,,,,,,,,,,,,,
,,,,,,,,,,,,,,,,,,,,,,,,,,,,,CUSTOMER,HETALLS GLOBAL PRIVATE LIMITED,Individual,Consumer,-,,,,,,,,,,,,,,
,,,,,,,,,,,,,,,,,,,,,,,,,,,,,CUSTOMER,HETALLS GLOBAL PRIVATE LIMITED,Individual,Consumer,-,,,,,,,,,,,,,,
,,,,,,,,,,,,,,,,,,,,,,,,,,,,,CUSTOMER,HETALLS GLOBAL PRIVATE LIMITED,Individual,Consumer,-,,,,,,,,,,,,,,
,,,,,,,,,,,,,,,,,,,,,,,,,,,,,CUSTOMER,HETALLS GLOBAL PRIVATE LIMITED,Individual,Consumer,-,,,,,,,,,,,,,,
,,,,,,,,,,,,,,,,,,,,,,,,,,,,,CUSTOMER,HETALLS GLOBAL PRIVATE LIMITED,Individual,Consumer,-,,,,,,,,,,,,,,
,,,,,,,,,,,,,,,,,,,,,,,,,,,,,CUSTOMER,HETALLS GLOBAL PRIVATE LIMITED,Individual,Consumer,-,,,,,,,,,,,,,,
,,,,,,,,,,,,,,,,,,,,,,,,,,,,,CUSTOMER,HETALLS GLOBAL PRIVATE LIMITED,Individual,Consumer,-,,,,,,,,,,,,,,
,,,,,,,,,,,,,,,,,,,,,,,,,,,,,CUSTOMER,HETALLS GLOBAL PRIVATE LIMITED,Individual,Consumer,-,,,,,,,,,,,,,,
,,,,,,,,,,,,,,,,,,,,,,,,,,,,,CUSTOMER,HETALLS GLOBAL PRIVATE LIMITED,Individual,Consumer,-,,,,,,,,,,,,,,
,,,,,,,,,,,,,,,,,,,,,,,,,,,,,CUSTOMER,HETALLS GLOBAL PRIVATE LIMITED,Individual,Consumer,-,,,,,,,,,,,,,,
,,,,,,,,,,,,,,,,,,,,,,,,,,,,,CUSTOMER,HETALLS GLOBAL PRIVATE LIMITED,Individual,Consumer,-,,,,,,,,,,,,,,
,,,,,,,,,,,,,,,,,,,,,,,,,,,,,CUSTOMER,HETALLS GLOBAL PRIVATE LIMITED,Individual,Consumer,-,,,,,,,,,,,,,,
,,,,,,,,,,,,,,,,,,,,,,,,,,,,,CUSTOMER,HETALLS GLOBAL PRIVATE LIMITED,Individual,Consumer,-,,,,,,,,,,,,,,
,,,,,,,,,,,,,,,,,,,,,,,,,,,,,CUSTOMER,HETALLS GLOBAL PRIVATE LIMITED,Individual,Consumer,-,,,,,,,,,,,,,,
,,,,,,,,,,,,,,,,,,,,,,,,,,,,,CUSTOMER,HETALLS GLOBAL PRIVATE LIMITED,Individual,Consumer,-,,,,,,,,,,,,,,
,,,,,,,,,,,,,,,,,,,,,,,,,,,,,CUSTOMER,HETALLS GLOBAL PRIVATE LIMITED,Individual,Consumer,-,,,,,,,,,,,,,,
,,,,,,,,,,,,,,,,,,,,,,,,,,,,,CUSTOMER,HETALLS GLOBAL PRIVATE LIMITED,Individual,Consumer,-,,,,,,,,,,,,,,
,,,,,,,,,,,,,,,,,,,,,,,,,,,,,CUSTOMER,HETALLS GLOBAL PRIVATE LIMITED,Individual,Consumer,-,,,,,,,,,,,,,,
,,,,,,,,,,,,,,,,,,,,,,,,,,,,,CUSTOMER,HETALLS GLOBAL PRIVATE LIMITED,Individual,Consumer,-,,,,,,,,,,,,,,
,,,,,,,,,,,,,,,,,,,,,,,,,,,,,CUSTOMER,HETALLS GLOBAL PRIVATE LIMITED,Individual,Consumer,-,,,,,,,,,,,,,,
,,,,,,,,,,,,,,,,,,,,,,,,,,,,,CUSTOMER,HETALLS GLOBAL PRIVATE LIMITED,Individual,Consumer,-,,,,,,,,,,,,,,
,,,,,,,,,,,,,,,,,,,,,,,,,,,,,CUSTOMER,HETALLS GLOBAL PRIVATE LIMITED,Individual,Consumer,-,,,,,,,,,,,,,,
,,,,,,,,,,,,,,,,,,,,,,,,,,,,,CUSTOMER,HETALLS GLOBAL PRIVATE LIMITED,Individual,Consumer,-,,,,,,,,,,,,,,
,,,,,,,,,,,,,,,,,,,,,,,,,,,,,CUSTOMER,HETALLS GLOBAL PRIVATE LIMITED,Individual,Consumer,-,,,,,,,,,,,,,,
,,,,,,,,,,,,,,,,,,,,,,,,,,,,,CUSTOMER,HETALLS GLOBAL PRIVATE LIMITED,Individual,Consumer,-,,,,,,,,,,,,,,
,,,,,,,,,,,,,,,,,,,,,,,,,,,,,CUSTOMER,HETALLS GLOBAL PRIVATE LIMITED,Individual,Consumer,-,,,,,,,,,,,,,,
,,,,,,,,,,,,,,,,,,,,,,,,,,,,,CUSTOMER,HETALLS GLOBAL PRIVATE LIMITED,Individual,Consumer,-,,,,,,,,,,,,,,
,,,,,,,,,,,,,,,,,,,,,,,,,,,,,CUSTOMER,HETALLS GLOBAL PRIVATE LIMITED,Individual,Consumer,-,,,,,,,,,,,,,,
,,,,,,,,,,,,,,,,,,,,,,,,,,,,,CUSTOMER,HETALLS GLOBAL PRIVATE LIMITED,Individual,Consumer,-,,,,,,,,,,,,,,
,,,,,,,,,,,,,,,,,,,,,,,,,,,,,CUSTOMER,HETALLS GLOBAL PRIVATE LIMITED,Individual,Consumer,-,,,,,,,,,,,,,,
,,,,,,,,,,,,,,,,,,,,,,,,,,,,,CUSTOMER,HETALLS GLOBAL PRIVATE LIMITED,Individual,Consumer,-,,,,,,,,,,,,,,
,,,,,,,,,,,,,,,,,,,,,,,,,,,,,CUSTOMER,HETALLS GLOBAL PRIVATE LIMITED,Individual,Consumer,-,,,,,,,,,,,,,,
,,,,,,,,,,,,,,,,,,,,,,,,,,,,,CUSTOMER,HETALLS GLOBAL PRIVATE LIMITED,Individual,Consumer,-,,,,,,,,,,,,,,
,,,,,,,,,,,,,,,,,,,,,,,,,,,,,CUSTOMER,HETALLS GLOBAL PRIVATE LIMITED,Individual,Consumer,-,,,,,,,,,,,,,,
,,,,,,,,,,,,,,,,,,,,,,,,,,,,,CUSTOMER,HETALLS GLOBAL PRIVATE LIMITED,Individual,Consumer,-,,,,,,,,,,,,,,
,,,,,,,,,,,,,,,,,,,,,,,,,,,,,CUSTOMER,HETALLS GLOBAL PRIVATE LIMITED,Individual,Consumer,-,,,,,,,,,,,,,,
,,,,,,,,,,,,,,,,,,,,,,,,,,,,,CUSTOMER,HETALLS GLOBAL PRIVATE LIMITED,Individual,Consumer,-,,,,,,,,,,,,,,
,,,,,,,,,,,,,,,,,,,,,,,,,,,,,CUSTOMER,HETALLS GLOBAL PRIVATE LIMITED,Individual,Consumer,-,,,,,,,,,,,,,,
,,,,,,,,,,,,,,,,,,,,,,,,,,,,,CUSTOMER,HETALLS GLOBAL PRIVATE LIMITED,Individual,Consumer,-,,,,,,,,,,,,,,
,,,,,,,,,,,,,,,,,,,,,,,,,,,,,CUSTOMER,HETALLS GLOBAL PRIVATE LIMITED,Individual,Consumer,-,,,,,,,,,,,,,,
,,,,,,,,,,,,,,,,,,,,,,,,,,,,,CUSTOMER,HETALLS GLOBAL PRIVATE LIMITED,Individual,Consumer,-,,,,,,,,,,,,,,
,,,,,,,,,,,,,,,,,,,,,,,,,,,,,CUSTOMER,HETALLS GLOBAL PRIVATE LIMITED,Individual,Consumer,-,,,,,,,,,,,,,,
,,,,,,,,,,,,,,,,,,,,,,,,,,,,,CUSTOMER,HETALLS GLOBAL PRIVATE LIMITED,Individual,Consumer,-,,,,,,,,,,,,,,
,,,,,,,,,,,,,,,,,,,,,,,,,,,,,CUSTOMER,HETALLS GLOBAL PRIVATE LIMITED,Individual,Consumer,-,,,,,,,,,,,,,,
,,,,,,,,,,,,,,,,,,,,,,,,,,,,,CUSTOMER,HETALLS GLOBAL PRIVATE LIMITED,Individual,Consumer,-,,,,,,,,,,,,,,
,,,,,,,,,,,,,,,,,,,,,,,,,,,,,CUSTOMER,HETALLS GLOBAL PRIVATE LIMITED,Individual,Consumer,-,,,,,,,,,,,,,,
,,,,,,,,,,,,,,,,,,,,,,,,,,,,,CUSTOMER,HETALLS GLOBAL PRIVATE LIMITED,Individual,Consumer,-,,,,,,,,,,,,,,
,,,,,,,,,,,,,,,,,,,,,,,,,,,,,CUSTOMER,HETALLS GLOBAL PRIVATE LIMITED,Individual,Consumer,-,,,,,,,,,,,,,,
,,,,,,,,,,,,,,,,,,,,,,,,,,,,,CUSTOMER,HETALLS GLOBAL PRIVATE LIMITED,Individual,Consumer,-,,,,,,,,,,,,,,
,,,,,,,,,,,,,,,,,,,,,,,,,,,,,CUSTOMER,HETALLS GLOBAL PRIVATE LIMITED,Individual,Consumer,-,,,,,,,,,,,,,,
,,,,,,,,,,,,,,,,,,,,,,,,,,,,,CUSTOMER,HETALLS GLOBAL PRIVATE LIMITED,Individual,Consumer,-,,,,,,,,,,,,,,
,,,,,,,,,,,,,,,,,,,,,,,,,,,,,CUSTOMER,HETALLS GLOBAL PRIVATE LIMITED,Individual,Consumer,-,,,,,,,,,,,,,,
,,,,,,,,,,,,,,,,,,,,,,,,,,,,,CUSTOMER,HETALLS GLOBAL PRIVATE LIMITED,Individual,Consumer,-,,,,,,,,,,,,,,
,,,,,,,,,,,,,,,,,,,,,,,,,,,,,CUSTOMER,HETALLS GLOBAL PRIVATE LIMITED,Individual,Consumer,-,,,,,,,,,,,,,,
,,,,,,,,,,,,,,,,,,,,,,,,,,,,,CUSTOMER,HETALLS GLOBAL PRIVATE LIMITED,Individual,Consumer,-,,,,,,,,,,,,,,
,,,,,,,,,,,,,,,,,,,,,,,,,,,,,CUSTOMER,HETALLS GLOBAL PRIVATE LIMITED,Individual,Consumer,-,,,,,,,,,,,,,,
,,,,,,,,,,,,,,,,,,,,,,,,,,,,,CUSTOMER,HETALLS GLOBAL PRIVATE LIMITED,Individual,Consumer,-,,,,,,,,,,,,,,
,,,,,,,,,,,,,,,,,,,,,,,,,,,,,CUSTOMER,HETALLS GLOBAL PRIVATE LIMITED,Individual,Consumer,-,,,,,,,,,,,,,,
,,,,,,,,,,,,,,,,,,,,,,,,,,,,,CUSTOMER,HETALLS GLOBAL PRIVATE LIMITED,Individual,Consumer,-,,,,,,,,,,,,,,
,,,,,,,,,,,,,,,,,,,,,,,,,,,,,CUSTOMER,HETALLS GLOBAL PRIVATE LIMITED,Individual,Consumer,-,,,,,,,,,,,,,,
,,,,,,,,,,,,,,,,,,,,,,,,,,,,,CUSTOMER,HETALLS GLOBAL PRIVATE LIMITED,Individual,Consumer,-,,,,,,,,,,,,,,
,,,,,,,,,,,,,,,,,,,,,,,,,,,,,CUSTOMER,HETALLS GLOBAL PRIVATE LIMITED,Individual,Consumer,-,,,,,,,,,,,,,,
,,,,,,,,,,,,,,,,,,,,,,,,,,,,,CUSTOMER,HETALLS GLOBAL PRIVATE LIMITED,Individual,Consumer,-,,,,,,,,,,,,,,
,,,,,,,,,,,,,,,,,,,,,,,,,,,,,CUSTOMER,HETALLS GLOBAL PRIVATE LIMITED,Individual,Consumer,-,,,,,,,,,,,,,,
,,,,,,,,,,,,,,,,,,,,,,,,,,,,,CUSTOMER,HETALLS GLOBAL PRIVATE LIMITED,Individual,Consumer,-,,,,,,,,,,,,,,
,,,,,,,,,,,,,,,,,,,,,,,,,,,,,CUSTOMER,HETALLS GLOBAL PRIVATE LIMITED,Individual,Consumer,-,,,,,,,,,,,,,,
,,,,,,,,,,,,,,,,,,,,,,,,,,,,,CUSTOMER,HETALLS GLOBAL PRIVATE LIMITED,Individual,Consumer,-,,,,,,,,,,,,,,
,,,,,,,,,,,,,,,,,,,,,,,,,,,,,CUSTOMER,HETALLS GLOBAL PRIVATE LIMITED,Individual,Consumer,-,,,,,,,,,,,,,,
,,,,,,,,,,,,,,,,,,,,,,,,,,,,,CUSTOMER,HETALLS GLOBAL PRIVATE LIMITED,Individual,Consumer,-,,,,,,,,,,,,,,
,,,,,,,,,,,,,,,,,,,,,,,,,,,,,CUSTOMER,HETALLS GLOBAL PRIVATE LIMITED,Individual,Consumer,-,,,,,,,,,,,,,,
,,,,,,,,,,,,,,,,,,,,,,,,,,,,,CUSTOMER,HETALLS GLOBAL PRIVATE LIMITED,Individual,Consumer,-,,,,,,,,,,,,,,
,,,,,,,,,,,,,,,,,,,,,,,,,,,,,CUSTOMER,HETALLS GLOBAL PRIVATE LIMITED,Individual,Consumer,-,,,,,,,,,,,,,,
,,,,,,,,,,,,,,,,,,,,,,,,,,,,,CUSTOMER,HETALLS GLOBAL PRIVATE LIMITED,Individual,Consumer,-,,,,,,,,,,,,,,
,,,,,,,,,,,,,,,,,,,,,,,,,,,,,CUSTOMER,HETALLS GLOBAL PRIVATE LIMITED,Individual,Consumer,-,,,,,,,,,,,,,,
,,,,,,,,,,,,,,,,,,,,,,,,,,,,,CUSTOMER,HETALLS GLOBAL PRIVATE LIMITED,Individual,Consumer,-,,,,,,,,,,,,,,
,,,,,,,,,,,,,,,,,,,,,,,,,,,,,CUSTOMER,HETALLS GLOBAL PRIVATE LIMITED,Individual,Consumer,-,,,,,,,,,,,,,,
,,,,,,,,,,,,,,,,,,,,,,,,,,,,,CUSTOMER,HETALLS GLOBAL PRIVATE LIMITED,Individual,Consumer,-,,,,,,,,,,,,,,
,,,,,,,,,,,,,,,,,,,,,,,,,,,,,CUSTOMER,HETALLS GLOBAL PRIVATE LIMITED,Individual,Consumer,-,,,,,,,,,,,,,,
,,,,,,,,,,,,,,,,,,,,,,,,,,,,,CUSTOMER,HETALLS GLOBAL PRIVATE LIMITED,Individual,Consumer,-,,,,,,,,,,,,,,
,,,,,,,,,,,,,,,,,,,,,,,,,,,,,CUSTOMER,HETALLS GLOBAL PRIVATE LIMITED,Individual,Consumer,-,,,,,,,,,,,,,,
,,,,,,,,,,,,,,,,,,,,,,,,,,,,,CUSTOMER,HETALLS GLOBAL PRIVATE LIMITED,Individual,Consumer,-,,,,,,,,,,,,,,
,,,,,,,,,,,,,,,,,,,,,,,,,,,,,CUSTOMER,HETALLS GLOBAL PRIVATE LIMITED,Individual,Consumer,-,,,,,,,,,,,,,,
,,,,,,,,,,,,,,,,,,,,,,,,,,,,,CUSTOMER,HETALLS GLOBAL PRIVATE LIMITED,Individual,Consumer,-,,,,,,,,,,,,,,
,,,,,,,,,,,,,,,,,,,,,,,,,,,,,CUSTOMER,HETALLS GLOBAL PRIVATE LIMITED,Individual,Consumer,-,,,,,,,,,,,,,,
,,,,,,,,,,,,,,,,,,,,,,,,,,,,,CUSTOMER,HETALLS GLOBAL PRIVATE LIMITED,Individual,Consumer,-,,,,,,,,,,,,,,
,,,,,,,,,,,,,,,,,,,,,,,,,,,,,CUSTOMER,HETALLS GLOBAL PRIVATE LIMITED,Individual,Consumer,-,,,,,,,,,,,,,,
,,,,,,,,,,,,,,,,,,,,,,,,,,,,,CUSTOMER,HETALLS GLOBAL PRIVATE LIMITED,Individual,Consumer,-,,,,,,,,,,,,,,
,,,,,,,,,,,,,,,,,,,,,,,,,,,,,CUSTOMER,HETALLS GLOBAL PRIVATE LIMITED,Individual,Consumer,-,,,,,,,,,,,,,,
,,,,,,,,,,,,,,,,,,,,,,,,,,,,,CUSTOMER,HETALLS GLOBAL PRIVATE LIMITED,Individual,Consumer,-,,,,,,,,,,,,,,
,,,,,,,,,,,,,,,,,,,,,,,,,,,,,CUSTOMER,HETALLS GLOBAL PRIVATE LIMITED,Individual,Consumer,-,,,,,,,,,,,,,,
,,,,,,,,,,,,,,,,,,,,,,,,,,,,,CUSTOMER,HETALLS GLOBAL PRIVATE LIMITED,Individual,Consumer,-,,,,,,,,,,,,,,
,,,,,,,,,,,,,,,,,,,,,,,,,,,,,CUSTOMER,HETALLS GLOBAL PRIVATE LIMITED,Individual,Consumer,-,,,,,,,,,,,,,,
,,,,,,,,,,,,,,,,,,,,,,,,,,,,,CUSTOMER,HETALLS GLOBAL PRIVATE LIMITED,Individual,Consumer,-,,,,,,,,,,,,,,
,,,,,,,,,,,,,,,,,,,,,,,,,,,,,CUSTOMER,HETALLS GLOBAL PRIVATE LIMITED,Individual,Consumer,-,,,,,,,,,,,,,,
,,,,,,,,,,,,,,,,,,,,,,,,,,,,,CUSTOMER,HETALLS GLOBAL PRIVATE LIMITED,Individual,Consumer,-,,,,,,,,,,,,,,
,,,,,,,,,,,,,,,,,,,,,,,,,,,,,CUSTOMER,HETALLS GLOBAL PRIVATE LIMITED,Individual,Consumer,-,,,,,,,,,,,,,,
,,,,,,,,,,,,,,,,,,,,,,,,,,,,,CUSTOMER,HETALLS GLOBAL PRIVATE LIMITED,Individual,Consumer,-,,,,,,,,,,,,,,
,,,,,,,,,,,,,,,,,,,,,,,,,,,,,CUSTOMER,HETALLS GLOBAL PRIVATE LIMITED,Individual,Consumer,-,,,,,,,,,,,,,,
,,,,,,,,,,,,,,,,,,,,,,,,,,,,,CUSTOMER,HETALLS GLOBAL PRIVATE LIMITED,Individual,Consumer,-,,,,,,,,,,,,,,
,,,,,,,,,,,,,,,,,,,,,,,,,,,,,CUSTOMER,HETALLS GLOBAL PRIVATE LIMITED,Individual,Consumer,-,,,,,,,,,,,,,,
,,,,,,,,,,,,,,,,,,,,,,,,,,,,,CUSTOMER,HETALLS GLOBAL PRIVATE LIMITED,Individual,Consumer,-,,,,,,,,,,,,,,
,,,,,,,,,,,,,,,,,,,,,,,,,,,,,CUSTOMER,HETALLS GLOBAL PRIVATE LIMITED,Individual,Consumer,-,,,,,,,,,,,,,,
,,,,,,,,,,,,,,,,,,,,,,,,,,,,,CUSTOMER,HETALLS GLOBAL PRIVATE LIMITED,Individual,Consumer,-,,,,,,,,,,,,,,
,,,,,,,,,,,,,,,,,,,,,,,,,,,,,CUSTOMER,HETALLS GLOBAL PRIVATE LIMITED,Individual,Consumer,-,,,,,,,,,,,,,,
,,,,,,,,,,,,,,,,,,,,,,,,,,,,,CUSTOMER,HETALLS GLOBAL PRIVATE LIMITED,Individual,Consumer,-,,,,,,,,,,,,,,
,,,,,,,,,,,,,,,,,,,,,,,,,,,,,CUSTOMER,HETALLS GLOBAL PRIVATE LIMITED,Individual,Consumer,-,,,,,,,,,,,,,,
,,,,,,,,,,,,,,,,,,,,,,,,,,,,,CUSTOMER,HETALLS GLOBAL PRIVATE LIMITED,Individual,Consumer,-,,,,,,,,,,,,,,
,,,,,,,,,,,,,,,,,,,,,,,,,,,,,CUSTOMER,HETALLS GLOBAL PRIVATE LIMITED,Individual,Consumer,-,,,,,,,,,,,,,,
,,,,,,,,,,,,,,,,,,,,,,,,,,,,,CUSTOMER,HETALLS GLOBAL PRIVATE LIMITED,Individual,Consumer,-,,,,,,,,,,,,,,
,,,,,,,,,,,,,,,,,,,,,,,,,,,,,CUSTOMER,HETALLS GLOBAL PRIVATE LIMITED,Individual,Consumer,-,,,,,,,,,,,,,,
,,,,,,,,,,,,,,,,,,,,,,,,,,,,,CUSTOMER,HETALLS GLOBAL PRIVATE LIMITED,Individual,Consumer,-,,,,,,,,,,,,,,
,,,,,,,,,,,,,,,,,,,,,,,,,,,,,CUSTOMER,HETALLS GLOBAL PRIVATE LIMITED,Individual,Consumer,-,,,,,,,,,,,,,,
,,,,,,,,,,,,,,,,,,,,,,,,,,,,,CUSTOMER,HETALLS GLOBAL PRIVATE LIMITED,Individual,Consumer,-,,,,,,,,,,,,,,
,,,,,,,,,,,,,,,,,,,,,,,,,,,,,CUSTOMER,HETALLS GLOBAL PRIVATE LIMITED,Individual,Consumer,-,,,,,,,,,,,,,,
,,,,,,,,,,,,,,,,,,,,,,,,,,,,,CUSTOMER,HETALLS GLOBAL PRIVATE LIMITED,Individual,Consumer,-,,,,,,,,,,,,,,
,,,,,,,,,,,,,,,,,,,,,,,,,,,,,CUSTOMER,HETALLS GLOBAL PRIVATE LIMITED,Individual,Consumer,-,,,,,,,,,,,,,,
,,,,,,,,,,,,,,,,,,,,,,,,,,,,,CUSTOMER,HETALLS GLOBAL PRIVATE LIMITED,Individual,Consumer,-,,,,,,,,,,,,,,
,,,,,,,,,,,,,,,,,,,,,,,,,,,,,CUSTOMER,HETALLS GLOBAL PRIVATE LIMITED,Individual,Consumer,-,,,,,,,,,,,,,,
,,,,,,,,,,,,,,,,,,,,,,,,,,,,,CUSTOMER,HETALLS GLOBAL PRIVATE LIMITED,Individual,Consumer,-,,,,,,,,,,,,,,
,,,,,,,,,,,,,,,,,,,,,,,,,,,,,CUSTOMER,HETALLS GLOBAL PRIVATE LIMITED,Individual,Consumer,-,,,,,,,,,,,,,,
,,,,,,,,,,,,,,,,,,,,,,,,,,,,,CUSTOMER,HETALLS GLOBAL PRIVATE LIMITED,Individual,Consumer,-,,,,,,,,,,,,,,
,,,,,,,,,,,,,,,,,,,,,,,,,,,,,CUSTOMER,HETALLS GLOBAL PRIVATE LIMITED,Individual,Consumer,-,,,,,,,,,,,,,,
,,,,,,,,,,,,,,,,,,,,,,,,,,,,,CUSTOMER,HETALLS GLOBAL PRIVATE LIMITED,Individual,Consumer,-,,,,,,,,,,,,,,
,,,,,,,,,,,,,,,,,,,,,,,,,,,,,CUSTOMER,HETALLS GLOBAL PRIVATE LIMITED,Individual,Consumer,-,,,,,,,,,,,,,,
,,,,,,,,,,,,,,,,,,,,,,,,,,,,,CUSTOMER,HETALLS GLOBAL PRIVATE LIMITED,Individual,Consumer,-,,,,,,,,,,,,,,
,,,,,,,,,,,,,,,,,,,,,,,,,,,,,CUSTOMER,HETALLS GLOBAL PRIVATE LIMITED,Individual,Consumer,-,,,,,,,,,,,,,,
,,,,,,,,,,,,,,,,,,,,,,,,,,,,,CUSTOMER,HETALLS GLOBAL PRIVATE LIMITED,Individual,Consumer,-,,,,,,,,,,,,,,
,,,,,,,,,,,,,,,,,,,,,,,,,,,,,CUSTOMER,HETALLS GLOBAL PRIVATE LIMITED,Individual,Consumer,-,,,,,,,,,,,,,,
,,,,,,,,,,,,,,,,,,,,,,,,,,,,,CUSTOMER,HETALLS GLOBAL PRIVATE LIMITED,Individual,Consumer,-,,,,,,,,,,,,,,
,,,,,,,,,,,,,,,,,,,,,,,,,,,,,CUSTOMER,HETALLS GLOBAL PRIVATE LIMITED,Individual,Consumer,-,,,,,,,,,,,,,,
,,,,,,,,,,,,,,,,,,,,,,,,,,,,,CUSTOMER,HETALLS GLOBAL PRIVATE LIMITED,Individual,Consumer,-,,,,,,,,,,,,,,
,,,,,,,,,,,,,,,,,,,,,,,,,,,,,CUSTOMER,HETALLS GLOBAL PRIVATE LIMITED,Individual,Consumer,-,,,,,,,,,,,,,,
,,,,,,,,,,,,,,,,,,,,,,,,,,,,,CUSTOMER,HETALLS GLOBAL PRIVATE LIMITED,Individual,Consumer,-,,,,,,,,,,,,,,
,,,,,,,,,,,,,,,,,,,,,,,,,,,,,CUSTOMER,HETALLS GLOBAL PRIVATE LIMITED,Individual,Consumer,-,,,,,,,,,,,,,,
,,,,,,,,,,,,,,,,,,,,,,,,,,,,,CUSTOMER,HETALLS GLOBAL PRIVATE LIMITED,Individual,Consumer,-,,,,,,,,,,,,,,
,,,,,,,,,,,,,,,,,,,,,,,,,,,,,CUSTOMER,HETALLS GLOBAL PRIVATE LIMITED,Individual,Consumer,-,,,,,,,,,,,,,,
,,,,,,,,,,,,,,,,,,,,,,,,,,,,,CUSTOMER,HETALLS GLOBAL PRIVATE LIMITED,Individual,Consumer,-,,,,,,,,,,,,,,
,,,,,,,,,,,,,,,,,,,,,,,,,,,,,CUSTOMER,HETALLS GLOBAL PRIVATE LIMITED,Individual,Consumer,-,,,,,,,,,,,,,,
,,,,,,,,,,,,,,,,,,,,,,,,,,,,,CUSTOMER,HETALLS GLOBAL PRIVATE LIMITED,Individual,Consumer,-,,,,,,,,,,,,,,
,,,,,,,,,,,,,,,,,,,,,,,,,,,,,CUSTOMER,HETALLS GLOBAL PRIVATE LIMITED,Individual,Consumer,-,,,,,,,,,,,,,,
,,,,,,,,,,,,,,,,,,,,,,,,,,,,,CUSTOMER,HETALLS GLOBAL PRIVATE LIMITED,Individual,Consumer,-,,,,,,,,,,,,,,
,,,,,,,,,,,,,,,,,,,,,,,,,,,,,CUSTOMER,HETALLS GLOBAL PRIVATE LIMITED,Individual,Consumer,-,,,,,,,,,,,,,,
,,,,,,,,,,,,,,,,,,,,,,,,,,,,,CUSTOMER,HETALLS GLOBAL PRIVATE LIMITED,Individual,Consumer,-,,,,,,,,,,,,,,
,,,,,,,,,,,,,,,,,,,,,,,,,,,,,CUSTOMER,HETALLS GLOBAL PRIVATE LIMITED,Individual,Consumer,-,,,,,,,,,,,,,,
,,,,,,,,,,,,,,,,,,,,,,,,,,,,,CUSTOMER,HETALLS GLOBAL PRIVATE LIMITED,Individual,Consumer,-,,,,,,,,,,,,,,
,,,,,,,,,,,,,,,,,,,,,,,,,,,,,CUSTOMER,HETALLS GLOBAL PRIVATE LIMITED,Individual,Consumer,-,,,,,,,,,,,,,,
,,,,,,,,,,,,,,,,,,,,,,,,,,,,,CUSTOMER,HETALLS GLOBAL PRIVATE LIMITED,Individual,Consumer,-,,,,,,,,,,,,,,
,,,,,,,,,,,,,,,,,,,,,,,,,,,,,CUSTOMER,HETALLS GLOBAL PRIVATE LIMITED,Individual,Consumer,-,,,,,,,,,,,,,,
,,,,,,,,,,,,,,,,,,,,,,,,,,,,,CUSTOMER,HETALLS GLOBAL PRIVATE LIMITED,Individual,Consumer,-,,,,,,,,,,,,,,
,,,,,,,,,,,,,,,,,,,,,,,,,,,,,CUSTOMER,HETALLS GLOBAL PRIVATE LIMITED,Individual,Consumer,-,,,,,,,,,,,,,,
,,,,,,,,,,,,,,,,,,,,,,,,,,,,,CUSTOMER,HETALLS GLOBAL PRIVATE LIMITED,Individual,Consumer,-,,,,,,,,,,,,,,
,,,,,,,,,,,,,,,,,,,,,,,,,,,,,CUSTOMER,HETALLS GLOBAL PRIVATE LIMITED,Individual,Consumer,-,,,,,,,,,,,,,,
,,,,,,,,,,,,,,,,,,,,,,,,,,,,,CUSTOMER,HETALLS GLOBAL PRIVATE LIMITED,Individual,Consumer,-,,,,,,,,,,,,,,
,,,,,,,,,,,,,,,,,,,,,,,,,,,,,CUSTOMER,HETALLS GLOBAL PRIVATE LIMITED,Individual,Consumer,-,,,,,,,,,,,,,,
,,,,,,,,,,,,,,,,,,,,,,,,,,,,,CUSTOMER,HETALLS GLOBAL PRIVATE LIMITED,Individual,Consumer,-,,,,,,,,,,,,,,
,,,,,,,,,,,,,,,,,,,,,,,,,,,,,CUSTOMER,HETALLS GLOBAL PRIVATE LIMITED,Individual,Consumer,-,,,,,,,,,,,,,,
,,,,,,,,,,,,,,,,,,,,,,,,,,,,,CUSTOMER,HETALLS GLOBAL PRIVATE LIMITED,Individual,Consumer,-,,,,,,,,,,,,,,
,,,,,,,,,,,,,,,,,,,,,,,,,,,,,CUSTOMER,HETALLS GLOBAL PRIVATE LIMITED,Individual,Consumer,-,,,,,,,,,,,,,,
,,,,,,,,,,,,,,,,,,,,,,,,,,,,,CUSTOMER,HETALLS GLOBAL PRIVATE LIMITED,Individual,Consumer,-,,,,,,,,,,,,,,
,,,,,,,,,,,,,,,,,,,,,,,,,,,,,CUSTOMER,HETALLS GLOBAL PRIVATE LIMITED,Individual,Consumer,-,,,,,,,,,,,,,,
,,,,,,,,,,,,,,,,,,,,,,,,,,,,,CUSTOMER,HETALLS GLOBAL PRIVATE LIMITED,Individual,Consumer,-,,,,,,,,,,,,,,
,,,,,,,,,,,,,,,,,,,,,,,,,,,,,CUSTOMER,HETALLS GLOBAL PRIVATE LIMITED,Individual,Consumer,-,,,,,,,,,,,,,,
,,,,,,,,,,,,,,,,,,,,,,,,,,,,,CUSTOMER,HETALLS GLOBAL PRIVATE LIMITED,Individual,Consumer,-,,,,,,,,,,,,,,
,,,,,,,,,,,,,,,,,,,,,,,,,,,,,CUSTOMER,HETALLS GLOBAL PRIVATE LIMITED,Individual,Consumer,-,,,,,,,,,,,,,,
,,,,,,,,,,,,,,,,,,,,,,,,,,,,,CUSTOMER,HETALLS GLOBAL PRIVATE LIMITED,Individual,Consumer,-,,,,,,,,,,,,,,
,,,,,,,,,,,,,,,,,,,,,,,,,,,,,CUSTOMER,HETALLS GLOBAL PRIVATE LIMITED,Individual,Consumer,-,,,,,,,,,,,,,,
,,,,,,,,,,,,,,,,,,,,,,,,,,,,,CUSTOMER,HETALLS GLOBAL PRIVATE LIMITED,Individual,Consumer,-,,,,,,,,,,,,,,
,,,,,,,,,,,,,,,,,,,,,,,,,,,,,CUSTOMER,HETALLS GLOBAL PRIVATE LIMITED,Individual,Consumer,-,,,,,,,,,,,,,,
,,,,,,,,,,,,,,,,,,,,,,,,,,,,,CUSTOMER,HETALLS GLOBAL PRIVATE LIMITED,Individual,Consumer,-,,,,,,,,,,,,,,
,,,,,,,,,,,,,,,,,,,,,,,,,,,,,CUSTOMER,HETALLS GLOBAL PRIVATE LIMITED,Individual,Consumer,-,,,,,,,,,,,,,,
,,,,,,,,,,,,,,,,,,,,,,,,,,,,,CUSTOMER,HETALLS GLOBAL PRIVATE LIMITED,Individual,Consumer,-,,,,,,,,,,,,,,
,,,,,,,,,,,,,,,,,,,,,,,,,,,,,CUSTOMER,HETALLS GLOBAL PRIVATE LIMITED,Individual,Consumer,-,,,,,,,,,,,,,,
,,,,,,,,,,,,,,,,,,,,,,,,,,,,,CUSTOMER,HETALLS GLOBAL PRIVATE LIMITED,Individual,Consumer,-,,,,,,,,,,,,,,
,,,,,,,,,,,,,,,,,,,,,,,,,,,,,CUSTOMER,HETALLS GLOBAL PRIVATE LIMITED,Individual,Consumer,-,,,,,,,,,,,,,,
,,,,,,,,,,,,,,,,,,,,,,,,,,,,,CUSTOMER,HETALLS GLOBAL PRIVATE LIMITED,Individual,Consumer,-,,,,,,,,,,,,,,
,,,,,,,,,,,,,,,,,,,,,,,,,,,,,CUSTOMER,HETALLS GLOBAL PRIVATE LIMITED,Individual,Consumer,-,,,,,,,,,,,,,,
,,,,,,,,,,,,,,,,,,,,,,,,,,,,,CUSTOMER,HETALLS GLOBAL PRIVATE LIMITED,Individual,Consumer,-,,,,,,,,,,,,,,
,,,,,,,,,,,,,,,,,,,,,,,,,,,,,CUSTOMER,HETALLS GLOBAL PRIVATE LIMITED,Individual,Consumer,-,,,,,,,,,,,,,,
,,,,,,,,,,,,,,,,,,,,,,,,,,,,,CUSTOMER,HETALLS GLOBAL PRIVATE LIMITED,Individual,Consumer,-,,,,,,,,,,,,,,
,,,,,,,,,,,,,,,,,,,,,,,,,,,,,CUSTOMER,HETALLS GLOBAL PRIVATE LIMITED,Individual,Consumer,-,,,,,,,,,,,,,,
,,,,,,,,,,,,,,,,,,,,,,,,,,,,,CUSTOMER,HETALLS GLOBAL PRIVATE LIMITED,Individual,Consumer,-,,,,,,,,,,,,,,
,,,,,,,,,,,,,,,,,,,,,,,,,,,,,CUSTOMER,HETALLS GLOBAL PRIVATE LIMITED,Individual,Consumer,-,,,,,,,,,,,,,,
,,,,,,,,,,,,,,,,,,,,,,,,,,,,,CUSTOMER,HETALLS GLOBAL PRIVATE LIMITED,Individual,Consumer,-,,,,,,,,,,,,,,
,,,,,,,,,,,,,,,,,,,,,,,,,,,,,CUSTOMER,HETALLS GLOBAL PRIVATE LIMITED,Individual,Consumer,-,,,,,,,,,,,,,,
,,,,,,,,,,,,,,,,,,,,,,,,,,,,,CUSTOMER,HETALLS GLOBAL PRIVATE LIMITED,Individual,Consumer,-,,,,,,,,,,,,,,
,,,,,,,,,,,,,,,,,,,,,,,,,,,,,CUSTOMER,HETALLS GLOBAL PRIVATE LIMITED,Individual,Consumer,-,,,,,,,,,,,,,,
,,,,,,,,,,,,,,,,,,,,,,,,,,,,,CUSTOMER,HETALLS GLOBAL PRIVATE LIMITED,Individual,Consumer,-,,,,,,,,,,,,,,
,,,,,,,,,,,,,,,,,,,,,,,,,,,,,CUSTOMER,HETALLS GLOBAL PRIVATE LIMITED,Individual,Consumer,-,,,,,,,,,,,,,,
,,,,,,,,,,,,,,,,,,,,,,,,,,,,,CUSTOMER,HETALLS GLOBAL PRIVATE LIMITED,Individual,Consumer,-,,,,,,,,,,,,,,
,,,,,,,,,,,,,,,,,,,,,,,,,,,,,CUSTOMER,HETALLS GLOBAL PRIVATE LIMITED,Individual,Consumer,-,,,,,,,,,,,,,,
,,,,,,,,,,,,,,,,,,,,,,,,,,,,,CUSTOMER,HETALLS GLOBAL PRIVATE LIMITED,Individual,Consumer,-,,,,,,,,,,,,,,
,,,,,,,,,,,,,,,,,,,,,,,,,,,,,CUSTOMER,HETALLS GLOBAL PRIVATE LIMITED,Individual,Consumer,-,,,,,,,,,,,,,,
,,,,,,,,,,,,,,,,,,,,,,,,,,,,,CUSTOMER,HETALLS GLOBAL PRIVATE LIMITED,Individual,Consumer,-,,,,,,,,,,,,,,
,,,,,,,,,,,,,,,,,,,,,,,,,,,,,CUSTOMER,HETALLS GLOBAL PRIVATE LIMITED,Individual,Consumer,-,,,,,,,,,,,,,,
,,,,,,,,,,,,,,,,,,,,,,,,,,,,,CUSTOMER,HETALLS GLOBAL PRIVATE LIMITED,Individual,Consumer,-,,,,,,,,,,,,,,
,,,,,,,,,,,,,,,,,,,,,,,,,,,,,CUSTOMER,HETALLS GLOBAL PRIVATE LIMITED,Individual,Consumer,-,,,,,,,,,,,,,,
,,,,,,,,,,,,,,,,,,,,,,,,,,,,,CUSTOMER,HETALLS GLOBAL PRIVATE LIMITED,Individual,Consumer,-,,,,,,,,,,,,,,
,,,,,,,,,,,,,,,,,,,,,,,,,,,,,CUSTOMER,HETALLS GLOBAL PRIVATE LIMITED,Individual,Consumer,-,,,,,,,,,,,,,,
,,,,,,,,,,,,,,,,,,,,,,,,,,,,,CUSTOMER,HETALLS GLOBAL PRIVATE LIMITED,Individual,Consumer,-,,,,,,,,,,,,,,
,,,,,,,,,,,,,,,,,,,,,,,,,,,,,CUSTOMER,HETALLS GLOBAL PRIVATE LIMITED,Individual,Consumer,-,,,,,,,,,,,,,,
,,,,,,,,,,,,,,,,,,,,,,,,,,,,,CUSTOMER,HETALLS GLOBAL PRIVATE LIMITED,Individual,Consumer,-,,,,,,,,,,,,,,
,,,,,,,,,,,,,,,,,,,,,,,,,,,,,CUSTOMER,HETALLS GLOBAL PRIVATE LIMITED,Individual,Consumer,-,,,,,,,,,,,,,,
,,,,,,,,,,,,,,,,,,,,,,,,,,,,,CUSTOMER,HETALLS GLOBAL PRIVATE LIMITED,Individual,Consumer,-,,,,,,,,,,,,,,
,,,,,,,,,,,,,,,,,,,,,,,,,,,,,CUSTOMER,HETALLS GLOBAL PRIVATE LIMITED,Individual,Consumer,-,,,,,,,,,,,,,,
,,,,,,,,,,,,,,,,,,,,,,,,,,,,,CUSTOMER,HETALLS GLOBAL PRIVATE LIMITED,Individual,Consumer,-,,,,,,,,,,,,,,
,,,,,,,,,,,,,,,,,,,,,,,,,,,,,CUSTOMER,HETALLS GLOBAL PRIVATE LIMITED,Individual,Consumer,-,,,,,,,,,,,,,,
,,,,,,,,,,,,,,,,,,,,,,,,,,,,,CUSTOMER,HETALLS GLOBAL PRIVATE LIMITED,Individual,Consumer,-,,,,,,,,,,,,,,
,,,,,,,,,,,,,,,,,,,,,,,,,,,,,CUSTOMER,HETALLS GLOBAL PRIVATE LIMITED,Individual,Consumer,-,,,,,,,,,,,,,,
,,,,,,,,,,,,,,,,,,,,,,,,,,,,,CUSTOMER,HETALLS GLOBAL PRIVATE LIMITED,Individual,Consumer,-,,,,,,,,,,,,,,
,,,,,,,,,,,,,,,,,,,,,,,,,,,,,CUSTOMER,HETALLS GLOBAL PRIVATE LIMITED,Individual,Consumer,-,,,,,,,,,,,,,,
,,,,,,,,,,,,,,,,,,,,,,,,,,,,,CUSTOMER,HETALLS GLOBAL PRIVATE LIMITED,Individual,Consumer,-,,,,,,,,,,,,,,
,,,,,,,,,,,,,,,,,,,,,,,,,,,,,CUSTOMER,HETALLS GLOBAL PRIVATE LIMITED,Individual,Consumer,-,,,,,,,,,,,,,,
,,,,,,,,,,,,,,,,,,,,,,,,,,,,,CUSTOMER,HETALLS GLOBAL PRIVATE LIMITED,Individual,Consumer,-,,,,,,,,,,,,,,
,,,,,,,,,,,,,,,,,,,,,,,,,,,,,CUSTOMER,HETALLS GLOBAL PRIVATE LIMITED,Individual,Consumer,-,,,,,,,,,,,,,,
,,,,,,,,,,,,,,,,,,,,,,,,,,,,,CUSTOMER,HETALLS GLOBAL PRIVATE LIMITED,Individual,Consumer,-,,,,,,,,,,,,,,
,,,,,,,,,,,,,,,,,,,,,,,,,,,,,CUSTOMER,HETALLS GLOBAL PRIVATE LIMITED,Individual,Consumer,-,,,,,,,,,,,,,,
,,,,,,,,,,,,,,,,,,,,,,,,,,,,,CUSTOMER,HETALLS GLOBAL PRIVATE LIMITED,Individual,Consumer,-,,,,,,,,,,,,,,
,,,,,,,,,,,,,,,,,,,,,,,,,,,,,CUSTOMER,HETALLS GLOBAL PRIVATE LIMITED,Individual,Consumer,-,,,,,,,,,,,,,,
,,,,,,,,,,,,,,,,,,,,,,,,,,,,,CUSTOMER,HETALLS GLOBAL PRIVATE LIMITED,Individual,Consumer,-,,,,,,,,,,,,,,
,,,,,,,,,,,,,,,,,,,,,,,,,,,,,CUSTOMER,HETALLS GLOBAL PRIVATE LIMITED,Individual,Consumer,-,,,,,,,,,,,,,,
,,,,,,,,,,,,,,,,,,,,,,,,,,,,,CUSTOMER,HETALLS GLOBAL PRIVATE LIMITED,Individual,Consumer,-,,,,,,,,,,,,,,
,,,,,,,,,,,,,,,,,,,,,,,,,,,,,CUSTOMER,HETALLS GLOBAL PRIVATE LIMITED,Individual,Consumer,-,,,,,,,,,,,,,,
,,,,,,,,,,,,,,,,,,,,,,,,,,,,,CUSTOMER,HETALLS GLOBAL PRIVATE LIMITED,Individual,Consumer,-,,,,,,,,,,,,,,
,,,,,,,,,,,,,,,,,,,,,,,,,,,,,CUSTOMER,HETALLS GLOBAL PRIVATE LIMITED,Individual,Consumer,-,,,,,,,,,,,,,,
,,,,,,,,,,,,,,,,,,,,,,,,,,,,,CUSTOMER,HETALLS GLOBAL PRIVATE LIMITED,Individual,Consumer,-,,,,,,,,,,,,,,
,,,,,,,,,,,,,,,,,,,,,,,,,,,,,CUSTOMER,HETALLS GLOBAL PRIVATE LIMITED,Individual,Consumer,-,,,,,,,,,,,,,,
,,,,,,,,,,,,,,,,,,,,,,,,,,,,,CUSTOMER,HETALLS GLOBAL PRIVATE LIMITED,Individual,Consumer,-,,,,,,,,,,,,,,
,,,,,,,,,,,,,,,,,,,,,,,,,,,,,CUSTOMER,HETALLS GLOBAL PRIVATE LIMITED,Individual,Consumer,-,,,,,,,,,,,,,,
,,,,,,,,,,,,,,,,,,,,,,,,,,,,,CUSTOMER,HETALLS GLOBAL PRIVATE LIMITED,Individual,Consumer,-,,,,,,,,,,,,,,
,,,,,,,,,,,,,,,,,,,,,,,,,,,,,CUSTOMER,HETALLS GLOBAL PRIVATE LIMITED,Individual,Consumer,-,,,,,,,,,,,,,,
,,,,,,,,,,,,,,,,,,,,,,,,,,,,,CUSTOMER,HETALLS GLOBAL PRIVATE LIMITED,Individual,Consumer,-,,,,,,,,,,,,,,
,,,,,,,,,,,,,,,,,,,,,,,,,,,,,CUSTOMER,HETALLS GLOBAL PRIVATE LIMITED,Individual,Consumer,-,,,,,,,,,,,,,,
,,,,,,,,,,,,,,,,,,,,,,,,,,,,,CUSTOMER,HETALLS GLOBAL PRIVATE LIMITED,Individual,Consumer,-,,,,,,,,,,,,,,
,,,,,,,,,,,,,,,,,,,,,,,,,,,,,CUSTOMER,HETALLS GLOBAL PRIVATE LIMITED,Individual,Consumer,-,,,,,,,,,,,,,,
,,,,,,,,,,,,,,,,,,,,,,,,,,,,,CUSTOMER,HETALLS GLOBAL PRIVATE LIMITED,Individual,Consumer,-,,,,,,,,,,,,,,
,,,,,,,,,,,,,,,,,,,,,,,,,,,,,CUSTOMER,HETALLS GLOBAL PRIVATE LIMITED,Individual,Consumer,-,,,,,,,,,,,,,,
,,,,,,,,,,,,,,,,,,,,,,,,,,,,,CUSTOMER,HETALLS GLOBAL PRIVATE LIMITED,Individual,Consumer,-,,,,,,,,,,,,,,
,,,,,,,,,,,,,,,,,,,,,,,,,,,,,CUSTOMER,HETALLS GLOBAL PRIVATE LIMITED,Individual,Consumer,-,,,,,,,,,,,,,,
,,,,,,,,,,,,,,,,,,,,,,,,,,,,,CUSTOMER,HETALLS GLOBAL PRIVATE LIMITED,Individual,Consumer,-,,,,,,,,,,,,,,
,,,,,,,,,,,,,,,,,,,,,,,,,,,,,CUSTOMER,HETALLS GLOBAL PRIVATE LIMITED,Individual,Consumer,-,,,,,,,,,,,,,,
,,,,,,,,,,,,,,,,,,,,,,,,,,,,,CUSTOMER,HETALLS GLOBAL PRIVATE LIMITED,Individual,Consumer,-,,,,,,,,,,,,,,
,,,,,,,,,,,,,,,,,,,,,,,,,,,,,CUSTOMER,HETALLS GLOBAL PRIVATE LIMITED,Individual,Consumer,-,,,,,,,,,,,,,,
,,,,,,,,,,,,,,,,,,,,,,,,,,,,,CUSTOMER,HETALLS GLOBAL PRIVATE LIMITED,Individual,Consumer,-,,,,,,,,,,,,,,
,,,,,,,,,,,,,,,,,,,,,,,,,,,,,CUSTOMER,HETALLS GLOBAL PRIVATE LIMITED,Individual,Consumer,-,,,,,,,,,,,,,,
,,,,,,,,,,,,,,,,,,,,,,,,,,,,,CUSTOMER,HETALLS GLOBAL PRIVATE LIMITED,Individual,Consumer,-,,,,,,,,,,,,,,
,,,,,,,,,,,,,,,,,,,,,,,,,,,,,CUSTOMER,HETALLS GLOBAL PRIVATE LIMITED,Individual,Consumer,-,,,,,,,,,,,,,,
,,,,,,,,,,,,,,,,,,,,,,,,,,,,,CUSTOMER,HETALLS GLOBAL PRIVATE LIMITED,Individual,Consumer,-,,,,,,,,,,,,,,
,,,,,,,,,,,,,,,,,,,,,,,,,,,,,CUSTOMER,HETALLS GLOBAL PRIVATE LIMITED,Individual,Consumer,-,,,,,,,,,,,,,,
,,,,,,,,,,,,,,,,,,,,,,,,,,,,,CUSTOMER,HETALLS GLOBAL PRIVATE LIMITED,Individual,Consumer,-,,,,,,,,,,,,,,
,,,,,,,,,,,,,,,,,,,,,,,,,,,,,CUSTOMER,HETALLS GLOBAL PRIVATE LIMITED,Individual,Consumer,-,,,,,,,,,,,,,,
,,,,,,,,,,,,,,,,,,,,,,,,,,,,,CUSTOMER,HETALLS GLOBAL PRIVATE LIMITED,Individual,Consumer,-,,,,,,,,,,,,,,
,,,,,,,,,,,,,,,,,,,,,,,,,,,,,CUSTOMER,HETALLS GLOBAL PRIVATE LIMITED,Individual,Consumer,-,,,,,,,,,,,,,,
,,,,,,,,,,,,,,,,,,,,,,,,,,,,,CUSTOMER,HETALLS GLOBAL PRIVATE LIMITED,Individual,Consumer,-,,,,,,,,,,,,,,
,,,,,,,,,,,,,,,,,,,,,,,,,,,,,CUSTOMER,HETALLS GLOBAL PRIVATE LIMITED,Individual,Consumer,-,,,,,,,,,,,,,,
,,,,,,,,,,,,,,,,,,,,,,,,,,,,,CUSTOMER,HETALLS GLOBAL PRIVATE LIMITED,Individual,Consumer,-,,,,,,,,,,,,,,
,,,,,,,,,,,,,,,,,,,,,,,,,,,,,CUSTOMER,HETALLS GLOBAL PRIVATE LIMITED,Individual,Consumer,-,,,,,,,,,,,,,,
,,,,,,,,,,,,,,,,,,,,,,,,,,,,,CUSTOMER,HETALLS GLOBAL PRIVATE LIMITED,Individual,Consumer,-,,,,,,,,,,,,,,
,,,,,,,,,,,,,,,,,,,,,,,,,,,,,CUSTOMER,HETALLS GLOBAL PRIVATE LIMITED,Individual,Consumer,-,,,,,,,,,,,,,,
,,,,,,,,,,,,,,,,,,,,,,,,,,,,,CUSTOMER,HETALLS GLOBAL PRIVATE LIMITED,Individual,Consumer,-,,,,,,,,,,,,,,
,,,,,,,,,,,,,,,,,,,,,,,,,,,,,CUSTOMER,HETALLS GLOBAL PRIVATE LIMITED,Individual,Consumer,-,,,,,,,,,,,,,,
,,,,,,,,,,,,,,,,,,,,,,,,,,,,,CUSTOMER,HETALLS GLOBAL PRIVATE LIMITED,Individual,Consumer,-,,,,,,,,,,,,,,
,,,,,,,,,,,,,,,,,,,,,,,,,,,,,CUSTOMER,HETALLS GLOBAL PRIVATE LIMITED,Individual,Consumer,-,,,,,,,,,,,,,,
,,,,,,,,,,,,,,,,,,,,,,,,,,,,,CUSTOMER,HETALLS GLOBAL PRIVATE LIMITED,Individual,Consumer,-,,,,,,,,,,,,,,
,,,,,,,,,,,,,,,,,,,,,,,,,,,,,CUSTOMER,HETALLS GLOBAL PRIVATE LIMITED,Individual,Consumer,-,,,,,,,,,,,,,,
,,,,,,,,,,,,,,,,,,,,,,,,,,,,,CUSTOMER,HETALLS GLOBAL PRIVATE LIMITED,Individual,Consumer,-,,,,,,,,,,,,,,
,,,,,,,,,,,,,,,,,,,,,,,,,,,,,CUSTOMER,HETALLS GLOBAL PRIVATE LIMITED,Individual,Consumer,-,,,,,,,,,,,,,,
,,,,,,,,,,,,,,,,,,,,,,,,,,,,,CUSTOMER,HETALLS GLOBAL PRIVATE LIMITED,Individual,Consumer,-,,,,,,,,,,,,,,
,,,,,,,,,,,,,,,,,,,,,,,,,,,,,CUSTOMER,HETALLS GLOBAL PRIVATE LIMITED,Individual,Consumer,-,,,,,,,,,,,,,,
,,,,,,,,,,,,,,,,,,,,,,,,,,,,,CUSTOMER,HETALLS GLOBAL PRIVATE LIMITED,Individual,Consumer,-,,,,,,,,,,,,,,
,,,,,,,,,,,,,,,,,,,,,,,,,,,,,CUSTOMER,HETALLS GLOBAL PRIVATE LIMITED,Individual,Consumer,-,,,,,,,,,,,,,,
,,,,,,,,,,,,,,,,,,,,,,,,,,,,,CUSTOMER,HETALLS GLOBAL PRIVATE LIMITED,Individual,Consumer,-,,,,,,,,,,,,,,
,,,,,,,,,,,,,,,,,,,,,,,,,,,,,CUSTOMER,HETALLS GLOBAL PRIVATE LIMITED,Individual,Consumer,-,,,,,,,,,,,,,,
,,,,,,,,,,,,,,,,,,,,,,,,,,,,,CUSTOMER,HETALLS GLOBAL PRIVATE LIMITED,Individual,Consumer,-,,,,,,,,,,,,,,
,,,,,,,,,,,,,,,,,,,,,,,,,,,,,CUSTOMER,HETALLS GLOBAL PRIVATE LIMITED,Individual,Consumer,-,,,,,,,,,,,,,,
,,,,,,,,,,,,,,,,,,,,,,,,,,,,,CUSTOMER,HETALLS GLOBAL PRIVATE LIMITED,Individual,Consumer,-,,,,,,,,,,,,,,
,,,,,,,,,,,,,,,,,,,,,,,,,,,,,CUSTOMER,HETALLS GLOBAL PRIVATE LIMITED,Individual,Consumer,-,,,,,,,,,,,,,,
,,,,,,,,,,,,,,,,,,,,,,,,,,,,,CUSTOMER,HETALLS GLOBAL PRIVATE LIMITED,Individual,Consumer,-,,,,,,,,,,,,,,
,,,,,,,,,,,,,,,,,,,,,,,,,,,,,CUSTOMER,HETALLS GLOBAL PRIVATE LIMITED,Individual,Consumer,-,,,,,,,,,,,,,,
,,,,,,,,,,,,,,,,,,,,,,,,,,,,,CUSTOMER,HETALLS GLOBAL PRIVATE LIMITED,Individual,Consumer,-,,,,,,,,,,,,,,
,,,,,,,,,,,,,,,,,,,,,,,,,,,,,CUSTOMER,HETALLS GLOBAL PRIVATE LIMITED,Individual,Consumer,-,,,,,,,,,,,,,,
,,,,,,,,,,,,,,,,,,,,,,,,,,,,,CUSTOMER,HETALLS GLOBAL PRIVATE LIMITED,Individual,Consumer,-,,,,,,,,,,,,,,
,,,,,,,,,,,,,,,,,,,,,,,,,,,,,CUSTOMER,HETALLS GLOBAL PRIVATE LIMITED,Individual,Consumer,-,,,,,,,,,,,,,,
,,,,,,,,,,,,,,,,,,,,,,,,,,,,,CUSTOMER,HETALLS GLOBAL PRIVATE LIMITED,Individual,Consumer,-,,,,,,,,,,,,,,
,,,,,,,,,,,,,,,,,,,,,,,,,,,,,CUSTOMER,HETALLS GLOBAL PRIVATE LIMITED,Individual,Consumer,-,,,,,,,,,,,,,,
,,,,,,,,,,,,,,,,,,,,,,,,,,,,,CUSTOMER,HETALLS GLOBAL PRIVATE LIMITED,Individual,Consumer,-,,,,,,,,,,,,,,
,,,,,,,,,,,,,,,,,,,,,,,,,,,,,CUSTOMER,HETALLS GLOBAL PRIVATE LIMITED,Individual,Consumer,-,,,,,,,,,,,,,,
,,,,,,,,,,,,,,,,,,,,,,,,,,,,,CUSTOMER,HETALLS GLOBAL PRIVATE LIMITED,Individual,Consumer,-,,,,,,,,,,,,,,
,,,,,,,,,,,,,,,,,,,,,,,,,,,,,CUSTOMER,HETALLS GLOBAL PRIVATE LIMITED,Individual,Consumer,-,,,,,,,,,,,,,,
,,,,,,,,,,,,,,,,,,,,,,,,,,,,,CUSTOMER,HETALLS GLOBAL PRIVATE LIMITED,Individual,Consumer,-,,,,,,,,,,,,,,
,,,,,,,,,,,,,,,,,,,,,,,,,,,,,CUSTOMER,HETALLS GLOBAL PRIVATE LIMITED,Individual,Consumer,-,,,,,,,,,,,,,,
,,,,,,,,,,,,,,,,,,,,,,,,,,,,,CUSTOMER,HETALLS GLOBAL PRIVATE LIMITED,Individual,Consumer,-,,,,,,,,,,,,,,
,,,,,,,,,,,,,,,,,,,,,,,,,,,,,CUSTOMER,HETALLS GLOBAL PRIVATE LIMITED,Individual,Consumer,-,,,,,,,,,,,,,,
,,,,,,,,,,,,,,,,,,,,,,,,,,,,,CUSTOMER,HETALLS GLOBAL PRIVATE LIMITED,Individual,Consumer,-,,,,,,,,,,,,,,
,,,,,,,,,,,,,,,,,,,,,,,,,,,,,CUSTOMER,HETALLS GLOBAL PRIVATE LIMITED,Individual,Consumer,-,,,,,,,,,,,,,,
,,,,,,,,,,,,,,,,,,,,,,,,,,,,,CUSTOMER,HETALLS GLOBAL PRIVATE LIMITED,Individual,Consumer,-,,,,,,,,,,,,,,
,,,,,,,,,,,,,,,,,,,,,,,,,,,,,CUSTOMER,HETALLS GLOBAL PRIVATE LIMITED,Individual,Consumer,-,,,,,,,,,,,,,,
,,,,,,,,,,,,,,,,,,,,,,,,,,,,,CUSTOMER,HETALLS GLOBAL PRIVATE LIMITED,Individual,Consumer,-,,,,,,,,,,,,,,
,,,,,,,,,,,,,,,,,,,,,,,,,,,,,CUSTOMER,HETALLS GLOBAL PRIVATE LIMITED,Individual,Consumer,-,,,,,,,,,,,,,,
,,,,,,,,,,,,,,,,,,,,,,,,,,,,,CUSTOMER,HETALLS GLOBAL PRIVATE LIMITED,Individual,Consumer,-,,,,,,,,,,,,,,
,,,,,,,,,,,,,,,,,,,,,,,,,,,,,CUSTOMER,HETALLS GLOBAL PRIVATE LIMITED,Individual,Consumer,-,,,,,,,,,,,,,,
,,,,,,,,,,,,,,,,,,,,,,,,,,,,,CUSTOMER,HETALLS GLOBAL PRIVATE LIMITED,Individual,Consumer,-,,,,,,,,,,,,,,
,,,,,,,,,,,,,,,,,,,,,,,,,,,,,CUSTOMER,HETALLS GLOBAL PRIVATE LIMITED,Individual,Consumer,-,,,,,,,,,,,,,,
,,,,,,,,,,,,,,,,,,,,,,,,,,,,,CUSTOMER,HETALLS GLOBAL PRIVATE LIMITED,Individual,Consumer,-,,,,,,,,,,,,,,
,,,,,,,,,,,,,,,,,,,,,,,,,,,,,CUSTOMER,HETALLS GLOBAL PRIVATE LIMITED,Individual,Consumer,-,,,,,,,,,,,,,,
,,,,,,,,,,,,,,,,,,,,,,,,,,,,,CUSTOMER,HETALLS GLOBAL PRIVATE LIMITED,Individual,Consumer,-,,,,,,,,,,,,,,
,,,,,,,,,,,,,,,,,,,,,,,,,,,,,CUSTOMER,HETALLS GLOBAL PRIVATE LIMITED,Individual,Consumer,-,,,,,,,,,,,,,,
,,,,,,,,,,,,,,,,,,,,,,,,,,,,,CUSTOMER,HETALLS GLOBAL PRIVATE LIMITED,Individual,Consumer,-,,,,,,,,,,,,,,
,,,,,,,,,,,,,,,,,,,,,,,,,,,,,CUSTOMER,HETALLS GLOBAL PRIVATE LIMITED,Individual,Consumer,-,,,,,,,,,,,,,,
,,,,,,,,,,,,,,,,,,,,,,,,,,,,,CUSTOMER,HETALLS GLOBAL PRIVATE LIMITED,Individual,Consumer,-,,,,,,,,,,,,,,
,,,,,,,,,,,,,,,,,,,,,,,,,,,,,CUSTOMER,HETALLS GLOBAL PRIVATE LIMITED,Individual,Consumer,-,,,,,,,,,,,,,,
,,,,,,,,,,,,,,,,,,,,,,,,,,,,,CUSTOMER,HETALLS GLOBAL PRIVATE LIMITED,Individual,Consumer,-,,,,,,,,,,,,,,
,,,,,,,,,,,,,,,,,,,,,,,,,,,,,CUSTOMER,HETALLS GLOBAL PRIVATE LIMITED,Individual,Consumer,-,,,,,,,,,,,,,,
,,,,,,,,,,,,,,,,,,,,,,,,,,,,,CUSTOMER,HETALLS GLOBAL PRIVATE LIMITED,Individual,Consumer,-,,,,,,,,,,,,,,
,,,,,,,,,,,,,,,,,,,,,,,,,,,,,CUSTOMER,HETALLS GLOBAL PRIVATE LIMITED,Individual,Consumer,-,,,,,,,,,,,,,,
,,,,,,,,,,,,,,,,,,,,,,,,,,,,,CUSTOMER,HETALLS GLOBAL PRIVATE LIMITED,Individual,Consumer,-,,,,,,,,,,,,,,
,,,,,,,,,,,,,,,,,,,,,,,,,,,,,CUSTOMER,HETALLS GLOBAL PRIVATE LIMITED,Individual,Consumer,-,,,,,,,,,,,,,,
,,,,,,,,,,,,,,,,,,,,,,,,,,,,,CUSTOMER,HETALLS GLOBAL PRIVATE LIMITED,Individual,Consumer,-,,,,,,,,,,,,,,
,,,,,,,,,,,,,,,,,,,,,,,,,,,,,CUSTOMER,HETALLS GLOBAL PRIVATE LIMITED,Individual,Consumer,-,,,,,,,,,,,,,,
,,,,,,,,,,,,,,,,,,,,,,,,,,,,,CUSTOMER,HETALLS GLOBAL PRIVATE LIMITED,Individual,Consumer,-,,,,,,,,,,,,,,
,,,,,,,,,,,,,,,,,,,,,,,,,,,,,CUSTOMER,HETALLS GLOBAL PRIVATE LIMITED,Individual,Consumer,-,,,,,,,,,,,,,,
,,,,,,,,,,,,,,,,,,,,,,,,,,,,,CUSTOMER,HETALLS GLOBAL PRIVATE LIMITED,Individual,Consumer,-,,,,,,,,,,,,,,
,,,,,,,,,,,,,,,,,,,,,,,,,,,,,CUSTOMER,HETALLS GLOBAL PRIVATE LIMITED,Individual,Consumer,-,,,,,,,,,,,,,,
,,,,,,,,,,,,,,,,,,,,,,,,,,,,,CUSTOMER,HETALLS GLOBAL PRIVATE LIMITED,Individual,Consumer,-,,,,,,,,,,,,,,
,,,,,,,,,,,,,,,,,,,,,,,,,,,,,CUSTOMER,HETALLS GLOBAL PRIVATE LIMITED,Individual,Consumer,-,,,,,,,,,,,,,,
,,,,,,,,,,,,,,,,,,,,,,,,,,,,,CUSTOMER,HETALLS GLOBAL PRIVATE LIMITED,Individual,Consumer,-,,,,,,,,,,,,,,
,,,,,,,,,,,,,,,,,,,,,,,,,,,,,CUSTOMER,HETALLS GLOBAL PRIVATE LIMITED,Individual,Consumer,-,,,,,,,,,,,,,,
,,,,,,,,,,,,,,,,,,,,,,,,,,,,,CUSTOMER,HETALLS GLOBAL PRIVATE LIMITED,Individual,Consumer,-,,,,,,,,,,,,,,
,,,,,,,,,,,,,,,,,,,,,,,,,,,,,CUSTOMER,HETALLS GLOBAL PRIVATE LIMITED,Individual,Consumer,-,,,,,,,,,,,,,,
,,,,,,,,,,,,,,,,,,,,,,,,,,,,,CUSTOMER,HETALLS GLOBAL PRIVATE LIMITED,Individual,Consumer,-,,,,,,,,,,,,,,
,,,,,,,,,,,,,,,,,,,,,,,,,,,,,CUSTOMER,HETALLS GLOBAL PRIVATE LIMITED,Individual,Consumer,-,,,,,,,,,,,,,,
,,,,,,,,,,,,,,,,,,,,,,,,,,,,,CUSTOMER,HETALLS GLOBAL PRIVATE LIMITED,Individual,Consumer,-,,,,,,,,,,,,,,
,,,,,,,,,,,,,,,,,,,,,,,,,,,,,CUSTOMER,HETALLS GLOBAL PRIVATE LIMITED,Individual,Consumer,-,,,,,,,,,,,,,,
,,,,,,,,,,,,,,,,,,,,,,,,,,,,,CUSTOMER,HETALLS GLOBAL PRIVATE LIMITED,Individual,Consumer,-,,,,,,,,,,,,,,
,,,,,,,,,,,,,,,,,,,,,,,,,,,,,CUSTOMER,HETALLS GLOBAL PRIVATE LIMITED,Individual,Consumer,-,,,,,,,,,,,,,,
,,,,,,,,,,,,,,,,,,,,,,,,,,,,,CUSTOMER,HETALLS GLOBAL PRIVATE LIMITED,Individual,Consumer,-,,,,,,,,,,,,,,
,,,,,,,,,,,,,,,,,,,,,,,,,,,,,CUSTOMER,HETALLS GLOBAL PRIVATE LIMITED,Individual,Consumer,-,,,,,,,,,,,,,,
,,,,,,,,,,,,,,,,,,,,,,,,,,,,,CUSTOMER,HETALLS GLOBAL PRIVATE LIMITED,Individual,Consumer,-,,,,,,,,,,,,,,
,,,,,,,,,,,,,,,,,,,,,,,,,,,,,CUSTOMER,HETALLS GLOBAL PRIVATE LIMITED,Individual,Consumer,-,,,,,,,,,,,,,,
,,,,,,,,,,,,,,,,,,,,,,,,,,,,,CUSTOMER,HETALLS GLOBAL PRIVATE LIMITED,Individual,Consumer,-,,,,,,,,,,,,,,
,,,,,,,,,,,,,,,,,,,,,,,,,,,,,CUSTOMER,HETALLS GLOBAL PRIVATE LIMITED,Individual,Consumer,-,,,,,,,,,,,,,,
,,,,,,,,,,,,,,,,,,,,,,,,,,,,,CUSTOMER,HETALLS GLOBAL PRIVATE LIMITED,Individual,Consumer,-,,,,,,,,,,,,,,
,,,,,,,,,,,,,,,,,,,,,,,,,,,,,CUSTOMER,HETALLS GLOBAL PRIVATE LIMITED,Individual,Consumer,-,,,,,,,,,,,,,,
,,,,,,,,,,,,,,,,,,,,,,,,,,,,,CUSTOMER,HETALLS GLOBAL PRIVATE LIMITED,Individual,Consumer,-,,,,,,,,,,,,,,
,,,,,,,,,,,,,,,,,,,,,,,,,,,,,CUSTOMER,HETALLS GLOBAL PRIVATE LIMITED,Individual,Consumer,-,,,,,,,,,,,,,,
,,,,,,,,,,,,,,,,,,,,,,,,,,,,,CUSTOMER,HETALLS GLOBAL PRIVATE LIMITED,Individual,Consumer,-,,,,,,,,,,,,,,
,,,,,,,,,,,,,,,,,,,,,,,,,,,,,CUSTOMER,HETALLS GLOBAL PRIVATE LIMITED,Individual,Consumer,-,,,,,,,,,,,,,,
,,,,,,,,,,,,,,,,,,,,,,,,,,,,,CUSTOMER,HETALLS GLOBAL PRIVATE LIMITED,Individual,Consumer,-,,,,,,,,,,,,,,
,,,,,,,,,,,,,,,,,,,,,,,,,,,,,CUSTOMER,HETALLS GLOBAL PRIVATE LIMITED,Individual,Consumer,-,,,,,,,,,,,,,,
,,,,,,,,,,,,,,,,,,,,,,,,,,,,,CUSTOMER,HETALLS GLOBAL PRIVATE LIMITED,Individual,Consumer,-,,,,,,,,,,,,,,
,,,,,,,,,,,,,,,,,,,,,,,,,,,,,CUSTOMER,HETALLS GLOBAL PRIVATE LIMITED,Individual,Consumer,-,,,,,,,,,,,,,,
,,,,,,,,,,,,,,,,,,,,,,,,,,,,,CUSTOMER,HETALLS GLOBAL PRIVATE LIMITED,Individual,Consumer,-,,,,,,,,,,,,,,
,,,,,,,,,,,,,,,,,,,,,,,,,,,,,CUSTOMER,HETALLS GLOBAL PRIVATE LIMITED,Individual,Consumer,-,,,,,,,,,,,,,,
,,,,,,,,,,,,,,,,,,,,,,,,,,,,,CUSTOMER,HETALLS GLOBAL PRIVATE LIMITED,Individual,Consumer,-,,,,,,,,,,,,,,
,,,,,,,,,,,,,,,,,,,,,,,,,,,,,CUSTOMER,HETALLS GLOBAL PRIVATE LIMITED,Individual,Consumer,-,,,,,,,,,,,,,,
,,,,,,,,,,,,,,,,,,,,,,,,,,,,,CUSTOMER,HETALLS GLOBAL PRIVATE LIMITED,Individual,Consumer,-,,,,,,,,,,,,,,
,,,,,,,,,,,,,,,,,,,,,,,,,,,,,CUSTOMER,HETALLS GLOBAL PRIVATE LIMITED,Individual,Consumer,-,,,,,,,,,,,,,,
,,,,,,,,,,,,,,,,,,,,,,,,,,,,,CUSTOMER,HETALLS GLOBAL PRIVATE LIMITED,Individual,Consumer,-,,,,,,,,,,,,,,
,,,,,,,,,,,,,,,,,,,,,,,,,,,,,CUSTOMER,HETALLS GLOBAL PRIVATE LIMITED,Individual,Consumer,-,,,,,,,,,,,,,,
,,,,,,,,,,,,,,,,,,,,,,,,,,,,,CUSTOMER,HETALLS GLOBAL PRIVATE LIMITED,Individual,Consumer,-,,,,,,,,,,,,,,
,,,,,,,,,,,,,,,,,,,,,,,,,,,,,CUSTOMER,HETALLS GLOBAL PRIVATE LIMITED,Individual,Consumer,-,,,,,,,,,,,,,,
,,,,,,,,,,,,,,,,,,,,,,,,,,,,,CUSTOMER,HETALLS GLOBAL PRIVATE LIMITED,Individual,Consumer,-,,,,,,,,,,,,,,
,,,,,,,,,,,,,,,,,,,,,,,,,,,,,CUSTOMER,HETALLS GLOBAL PRIVATE LIMITED,Individual,Consumer,-,,,,,,,,,,,,,,
,,,,,,,,,,,,,,,,,,,,,,,,,,,,,CUSTOMER,HETALLS GLOBAL PRIVATE LIMITED,Individual,Consumer,-,,,,,,,,,,,,,,
,,,,,,,,,,,,,,,,,,,,,,,,,,,,,CUSTOMER,HETALLS GLOBAL PRIVATE LIMITED,Individual,Consumer,-,,,,,,,,,,,,,,
,,,,,,,,,,,,,,,,,,,,,,,,,,,,,CUSTOMER,HETALLS GLOBAL PRIVATE LIMITED,Individual,Consumer,-,,,,,,,,,,,,,,
,,,,,,,,,,,,,,,,,,,,,,,,,,,,,CUSTOMER,HETALLS GLOBAL PRIVATE LIMITED,Individual,Consumer,-,,,,,,,,,,,,,,
,,,,,,,,,,,,,,,,,,,,,,,,,,,,,CUSTOMER,HETALLS GLOBAL PRIVATE LIMITED,Individual,Consumer,-,,,,,,,,,,,,,,
,,,,,,,,,,,,,,,,,,,,,,,,,,,,,CUSTOMER,HETALLS GLOBAL PRIVATE LIMITED,Individual,Consumer,-,,,,,,,,,,,,,,
,,,,,,,,,,,,,,,,,,,,,,,,,,,,,CUSTOMER,HETALLS GLOBAL PRIVATE LIMITED,Individual,Consumer,-,,,,,,,,,,,,,,
,,,,,,,,,,,,,,,,,,,,,,,,,,,,,CUSTOMER,HETALLS GLOBAL PRIVATE LIMITED,Individual,Consumer,-,,,,,,,,,,,,,,
,,,,,,,,,,,,,,,,,,,,,,,,,,,,,CUSTOMER,HETALLS GLOBAL PRIVATE LIMITED,Individual,Consumer,-,,,,,,,,,,,,,,
,,,,,,,,,,,,,,,,,,,,,,,,,,,,,CUSTOMER,HETALLS GLOBAL PRIVATE LIMITED,Individual,Consumer,-,,,,,,,,,,,,,,
,,,,,,,,,,,,,,,,,,,,,,,,,,,,,CUSTOMER,HETALLS GLOBAL PRIVATE LIMITED,Individual,Consumer,-,,,,,,,,,,,,,,
,,,,,,,,,,,,,,,,,,,,,,,,,,,,,CUSTOMER,HETALLS GLOBAL PRIVATE LIMITED,Individual,Consumer,-,,,,,,,,,,,,,,
,,,,,,,,,,,,,,,,,,,,,,,,,,,,,CUSTOMER,HETALLS GLOBAL PRIVATE LIMITED,Individual,Consumer,-,,,,,,,,,,,,,,
,,,,,,,,,,,,,,,,,,,,,,,,,,,,,CUSTOMER,HETALLS GLOBAL PRIVATE LIMITED,Individual,Consumer,-,,,,,,,,,,,,,,
,,,,,,,,,,,,,,,,,,,,,,,,,,,,,CUSTOMER,HETALLS GLOBAL PRIVATE LIMITED,Individual,Consumer,-,,,,,,,,,,,,,,
,,,,,,,,,,,,,,,,,,,,,,,,,,,,,CUSTOMER,HETALLS GLOBAL PRIVATE LIMITED,Individual,Consumer,-,,,,,,,,,,,,,,
,,,,,,,,,,,,,,,,,,,,,,,,,,,,,CUSTOMER,HETALLS GLOBAL PRIVATE LIMITED,Individual,Consumer,-,,,,,,,,,,,,,,
,,,,,,,,,,,,,,,,,,,,,,,,,,,,,CUSTOMER,HETALLS GLOBAL PRIVATE LIMITED,Individual,Consumer,-,,,,,,,,,,,,,,
,,,,,,,,,,,,,,,,,,,,,,,,,,,,,CUSTOMER,HETALLS GLOBAL PRIVATE LIMITED,Individual,Consumer,-,,,,,,,,,,,,,,
,,,,,,,,,,,,,,,,,,,,,,,,,,,,,CUSTOMER,HETALLS GLOBAL PRIVATE LIMITED,Individual,Consumer,-,,,,,,,,,,,,,,
,,,,,,,,,,,,,,,,,,,,,,,,,,,,,CUSTOMER,HETALLS GLOBAL PRIVATE LIMITED,Individual,Consumer,-,,,,,,,,,,,,,,
,,,,,,,,,,,,,,,,,,,,,,,,,,,,,CUSTOMER,HETALLS GLOBAL PRIVATE LIMITED,Individual,Consumer,-,,,,,,,,,,,,,,
,,,,,,,,,,,,,,,,,,,,,,,,,,,,,CUSTOMER,HETALLS GLOBAL PRIVATE LIMITED,Individual,Consumer,-,,,,,,,,,,,,,,
,,,,,,,,,,,,,,,,,,,,,,,,,,,,,CUSTOMER,HETALLS GLOBAL PRIVATE LIMITED,Individual,Consumer,-,,,,,,,,,,,,,,
,,,,,,,,,,,,,,,,,,,,,,,,,,,,,CUSTOMER,HETALLS GLOBAL PRIVATE LIMITED,Individual,Consumer,-,,,,,,,,,,,,,,
,,,,,,,,,,,,,,,,,,,,,,,,,,,,,CUSTOMER,HETALLS GLOBAL PRIVATE LIMITED,Individual,Consumer,-,,,,,,,,,,,,,,
,,,,,,,,,,,,,,,,,,,,,,,,,,,,,CUSTOMER,HETALLS GLOBAL PRIVATE LIMITED,Individual,Consumer,-,,,,,,,,,,,,,,
,,,,,,,,,,,,,,,,,,,,,,,,,,,,,CUSTOMER,HETALLS GLOBAL PRIVATE LIMITED,Individual,Consumer,-,,,,,,,,,,,,,,
,,,,,,,,,,,,,,,,,,,,,,,,,,,,,CUSTOMER,HETALLS GLOBAL PRIVATE LIMITED,Individual,Consumer,-,,,,,,,,,,,,,,
,,,,,,,,,,,,,,,,,,,,,,,,,,,,,CUSTOMER,HETALLS GLOBAL PRIVATE LIMITED,Individual,Consumer,-,,,,,,,,,,,,,,
,,,,,,,,,,,,,,,,,,,,,,,,,,,,,CUSTOMER,HETALLS GLOBAL PRIVATE LIMITED,Individual,Consumer,-,,,,,,,,,,,,,,
,,,,,,,,,,,,,,,,,,,,,,,,,,,,,CUSTOMER,HETALLS GLOBAL PRIVATE LIMITED,Individual,Consumer,-,,,,,,,,,,,,,,
,,,,,,,,,,,,,,,,,,,,,,,,,,,,,CUSTOMER,HETALLS GLOBAL PRIVATE LIMITED,Individual,Consumer,-,,,,,,,,,,,,,,
,,,,,,,,,,,,,,,,,,,,,,,,,,,,,CUSTOMER,HETALLS GLOBAL PRIVATE LIMITED,Individual,Consumer,-,,,,,,,,,,,,,,
,,,,,,,,,,,,,,,,,,,,,,,,,,,,,CUSTOMER,HETALLS GLOBAL PRIVATE LIMITED,Individual,Consumer,-,,,,,,,,,,,,,,
,,,,,,,,,,,,,,,,,,,,,,,,,,,,,CUSTOMER,HETALLS GLOBAL PRIVATE LIMITED,Individual,Consumer,-,,,,,,,,,,,,,,
,,,,,,,,,,,,,,,,,,,,,,,,,,,,,CUSTOMER,HETALLS GLOBAL PRIVATE LIMITED,Individual,Consumer,-,,,,,,,,,,,,,,
,,,,,,,,,,,,,,,,,,,,,,,,,,,,,CUSTOMER,HETALLS GLOBAL PRIVATE LIMITED,Individual,Consumer,-,,,,,,,,,,,,,,
,,,,,,,,,,,,,,,,,,,,,,,,,,,,,CUSTOMER,HETALLS GLOBAL PRIVATE LIMITED,Individual,Consumer,-,,,,,,,,,,,,,,
,,,,,,,,,,,,,,,,,,,,,,,,,,,,,CUSTOMER,HETALLS GLOBAL PRIVATE LIMITED,Individual,Consumer,-,,,,,,,,,,,,,,
,,,,,,,,,,,,,,,,,,,,,,,,,,,,,CUSTOMER,HETALLS GLOBAL PRIVATE LIMITED,Individual,Consumer,-,,,,,,,,,,,,,,
,,,,,,,,,,,,,,,,,,,,,,,,,,,,,CUSTOMER,HETALLS GLOBAL PRIVATE LIMITED,Individual,Consumer,-,,,,,,,,,,,,,,
,,,,,,,,,,,,,,,,,,,,,,,,,,,,,CUSTOMER,HETALLS GLOBAL PRIVATE LIMITED,Individual,Consumer,-,,,,,,,,,,,,,,
,,,,,,,,,,,,,,,,,,,,,,,,,,,,,CUSTOMER,HETALLS GLOBAL PRIVATE LIMITED,Individual,Consumer,-,,,,,,,,,,,,,,
,,,,,,,,,,,,,,,,,,,,,,,,,,,,,CUSTOMER,HETALLS GLOBAL PRIVATE LIMITED,Individual,Consumer,-,,,,,,,,,,,,,,
,,,,,,,,,,,,,,,,,,,,,,,,,,,,,CUSTOMER,HETALLS GLOBAL PRIVATE LIMITED,Individual,Consumer,-,,,,,,,,,,,,,,
,,,,,,,,,,,,,,,,,,,,,,,,,,,,,CUSTOMER,HETALLS GLOBAL PRIVATE LIMITED,Individual,Consumer,-,,,,,,,,,,,,,,
,,,,,,,,,,,,,,,,,,,,,,,,,,,,,CUSTOMER,HETALLS GLOBAL PRIVATE LIMITED,Individual,Consumer,-,,,,,,,,,,,,,,
,,,,,,,,,,,,,,,,,,,,,,,,,,,,,CUSTOMER,HETALLS GLOBAL PRIVATE LIMITED,Individual,Consumer,-,,,,,,,,,,,,,,
,,,,,,,,,,,,,,,,,,,,,,,,,,,,,CUSTOMER,HETALLS GLOBAL PRIVATE LIMITED,Individual,Consumer,-,,,,,,,,,,,,,,
,,,,,,,,,,,,,,,,,,,,,,,,,,,,,CUSTOMER,HETALLS GLOBAL PRIVATE LIMITED,Individual,Consumer,-,,,,,,,,,,,,,,
,,,,,,,,,,,,,,,,,,,,,,,,,,,,,CUSTOMER,HETALLS GLOBAL PRIVATE LIMITED,Individual,Consumer,-,,,,,,,,,,,,,,
,,,,,,,,,,,,,,,,,,,,,,,,,,,,,CUSTOMER,HETALLS GLOBAL PRIVATE LIMITED,Individual,Consumer,-,,,,,,,,,,,,,,
,,,,,,,,,,,,,,,,,,,,,,,,,,,,,CUSTOMER,HETALLS GLOBAL PRIVATE LIMITED,Individual,Consumer,-,,,,,,,,,,,,,,
,,,,,,,,,,,,,,,,,,,,,,,,,,,,,CUSTOMER,HETALLS GLOBAL PRIVATE LIMITED,Individual,Consumer,-,,,,,,,,,,,,,,
,,,,,,,,,,,,,,,,,,,,,,,,,,,,,CUSTOMER,HETALLS GLOBAL PRIVATE LIMITED,Individual,Consumer,-,,,,,,,,,,,,,,
,,,,,,,,,,,,,,,,,,,,,,,,,,,,,CUSTOMER,HETALLS GLOBAL PRIVATE LIMITED,Individual,Consumer,-,,,,,,,,,,,,,,
,,,,,,,,,,,,,,,,,,,,,,,,,,,,,CUSTOMER,HETALLS GLOBAL PRIVATE LIMITED,Individual,Consumer,-,,,,,,,,,,,,,,
,,,,,,,,,,,,,,,,,,,,,,,,,,,,,CUSTOMER,HETALLS GLOBAL PRIVATE LIMITED,Individual,Consumer,-,,,,,,,,,,,,,,
,,,,,,,,,,,,,,,,,,,,,,,,,,,,,CUSTOMER,HETALLS GLOBAL PRIVATE LIMITED,Individual,Consumer,-,,,,,,,,,,,,,,
,,,,,,,,,,,,,,,,,,,,,,,,,,,,,CUSTOMER,HETALLS GLOBAL PRIVATE LIMITED,Individual,Consumer,-,,,,,,,,,,,,,,
,,,,,,,,,,,,,,,,,,,,,,,,,,,,,CUSTOMER,HETALLS GLOBAL PRIVATE LIMITED,Individual,Consumer,-,,,,,,,,,,,,,,
,,,,,,,,,,,,,,,,,,,,,,,,,,,,,CUSTOMER,HETALLS GLOBAL PRIVATE LIMITED,Individual,Consumer,-,,,,,,,,,,,,,,
,,,,,,,,,,,,,,,,,,,,,,,,,,,,,CUSTOMER,HETALLS GLOBAL PRIVATE LIMITED,Individual,Consumer,-,,,,,,,,,,,,,,
,,,,,,,,,,,,,,,,,,,,,,,,,,,,,CUSTOMER,HETALLS GLOBAL PRIVATE LIMITED,Individual,Consumer,-,,,,,,,,,,,,,,
,,,,,,,,,,,,,,,,,,,,,,,,,,,,,CUSTOMER,HETALLS GLOBAL PRIVATE LIMITED,Individual,Consumer,-,,,,,,,,,,,,,,
,,,,,,,,,,,,,,,,,,,,,,,,,,,,,CUSTOMER,HETALLS GLOBAL PRIVATE LIMITED,Individual,Consumer,-,,,,,,,,,,,,,,
,,,,,,,,,,,,,,,,,,,,,,,,,,,,,CUSTOMER,HETALLS GLOBAL PRIVATE LIMITED,Individual,Consumer,-,,,,,,,,,,,,,,
,,,,,,,,,,,,,,,,,,,,,,,,,,,,,CUSTOMER,HETALLS GLOBAL PRIVATE LIMITED,Individual,Consumer,-,,,,,,,,,,,,,,
,,,,,,,,,,,,,,,,,,,,,,,,,,,,,CUSTOMER,HETALLS GLOBAL PRIVATE LIMITED,Individual,Consumer,-,,,,,,,,,,,,,,
,,,,,,,,,,,,,,,,,,,,,,,,,,,,,CUSTOMER,HETALLS GLOBAL PRIVATE LIMITED,Individual,Consumer,-,,,,,,,,,,,,,,
,,,,,,,,,,,,,,,,,,,,,,,,,,,,,CUSTOMER,HETALLS GLOBAL PRIVATE LIMITED,Individual,Consumer,-,,,,,,,,,,,,,,
,,,,,,,,,,,,,,,,,,,,,,,,,,,,,CUSTOMER,HETALLS GLOBAL PRIVATE LIMITED,Individual,Consumer,-,,,,,,,,,,,,,,
,,,,,,,,,,,,,,,,,,,,,,,,,,,,,CUSTOMER,HETALLS GLOBAL PRIVATE LIMITED,Individual,Consumer,-,,,,,,,,,,,,,,
,,,,,,,,,,,,,,,,,,,,,,,,,,,,,CUSTOMER,HETALLS GLOBAL PRIVATE LIMITED,Individual,Consumer,-,,,,,,,,,,,,,,
,,,,,,,,,,,,,,,,,,,,,,,,,,,,,CUSTOMER,HETALLS GLOBAL PRIVATE LIMITED,Individual,Consumer,-,,,,,,,,,,,,,,
,,,,,,,,,,,,,,,,,,,,,,,,,,,,,CUSTOMER,HETALLS GLOBAL PRIVATE LIMITED,Individual,Consumer,-,,,,,,,,,,,,,,
,,,,,,,,,,,,,,,,,,,,,,,,,,,,,CUSTOMER,HETALLS GLOBAL PRIVATE LIMITED,Individual,Consumer,-,,,,,,,,,,,,,,
,,,,,,,,,,,,,,,,,,,,,,,,,,,,,CUSTOMER,HETALLS GLOBAL PRIVATE LIMITED,Individual,Consumer,-,,,,,,,,,,,,,,
,,,,,,,,,,,,,,,,,,,,,,,,,,,,,CUSTOMER,HETALLS GLOBAL PRIVATE LIMITED,Individual,Consumer,-,,,,,,,,,,,,,,
,,,,,,,,,,,,,,,,,,,,,,,,,,,,,CUSTOMER,HETALLS GLOBAL PRIVATE LIMITED,Individual,Consumer,-,,,,,,,,,,,,,,
,,,,,,,,,,,,,,,,,,,,,,,,,,,,,CUSTOMER,HETALLS GLOBAL PRIVATE LIMITED,Individual,Consumer,-,,,,,,,,,,,,,,
,,,,,,,,,,,,,,,,,,,,,,,,,,,,,CUSTOMER,HETALLS GLOBAL PRIVATE LIMITED,Individual,Consumer,-,,,,,,,,,,,,,,
,,,,,,,,,,,,,,,,,,,,,,,,,,,,,CUSTOMER,HETALLS GLOBAL PRIVATE LIMITED,Individual,Consumer,-,,,,,,,,,,,,,,
,,,,,,,,,,,,,,,,,,,,,,,,,,,,,CUSTOMER,HETALLS GLOBAL PRIVATE LIMITED,Individual,Consumer,-,,,,,,,,,,,,,,
,,,,,,,,,,,,,,,,,,,,,,,,,,,,,CUSTOMER,HETALLS GLOBAL PRIVATE LIMITED,Individual,Consumer,-,,,,,,,,,,,,,,
,,,,,,,,,,,,,,,,,,,,,,,,,,,,,CUSTOMER,HETALLS GLOBAL PRIVATE LIMITED,Individual,Consumer,-,,,,,,,,,,,,,,
,,,,,,,,,,,,,,,,,,,,,,,,,,,,,CUSTOMER,HETALLS GLOBAL PRIVATE LIMITED,Individual,Consumer,-,,,,,,,,,,,,,,
,,,,,,,,,,,,,,,,,,,,,,,,,,,,,CUSTOMER,HETALLS GLOBAL PRIVATE LIMITED,Individual,Consumer,-,,,,,,,,,,,,,,
,,,,,,,,,,,,,,,,,,,,,,,,,,,,,CUSTOMER,HETALLS GLOBAL PRIVATE LIMITED,Individual,Consumer,-,,,,,,,,,,,,,,
,,,,,,,,,,,,,,,,,,,,,,,,,,,,,CUSTOMER,HETALLS GLOBAL PRIVATE LIMITED,Individual,Consumer,-,,,,,,,,,,,,,,
,,,,,,,,,,,,,,,,,,,,,,,,,,,,,CUSTOMER,HETALLS GLOBAL PRIVATE LIMITED,Individual,Consumer,-,,,,,,,,,,,,,,
,,,,,,,,,,,,,,,,,,,,,,,,,,,,,CUSTOMER,HETALLS GLOBAL PRIVATE LIMITED,Individual,Consumer,-,,,,,,,,,,,,,,
,,,,,,,,,,,,,,,,,,,,,,,,,,,,,CUSTOMER,HETALLS GLOBAL PRIVATE LIMITED,Individual,Consumer,-,,,,,,,,,,,,,,
,,,,,,,,,,,,,,,,,,,,,,,,,,,,,CUSTOMER,HETALLS GLOBAL PRIVATE LIMITED,Individual,Consumer,-,,,,,,,,,,,,,,
,,,,,,,,,,,,,,,,,,,,,,,,,,,,,CUSTOMER,HETALLS GLOBAL PRIVATE LIMITED,Individual,Consumer,-,,,,,,,,,,,,,,
,,,,,,,,,,,,,,,,,,,,,,,,,,,,,CUSTOMER,HETALLS GLOBAL PRIVATE LIMITED,Individual,Consumer,-,,,,,,,,,,,,,,
,,,,,,,,,,,,,,,,,,,,,,,,,,,,,CUSTOMER,HETALLS GLOBAL PRIVATE LIMITED,Individual,Consumer,-,,,,,,,,,,,,,,
,,,,,,,,,,,,,,,,,,,,,,,,,,,,,CUSTOMER,HETALLS GLOBAL PRIVATE LIMITED,Individual,Consumer,-,,,,,,,,,,,,,,
,,,,,,,,,,,,,,,,,,,,,,,,,,,,,CUSTOMER,HETALLS GLOBAL PRIVATE LIMITED,Individual,Consumer,-,,,,,,,,,,,,,,
,,,,,,,,,,,,,,,,,,,,,,,,,,,,,CUSTOMER,HETALLS GLOBAL PRIVATE LIMITED,Individual,Consumer,-,,,,,,,,,,,,,,
,,,,,,,,,,,,,,,,,,,,,,,,,,,,,CUSTOMER,HETALLS GLOBAL PRIVATE LIMITED,Individual,Consumer,-,,,,,,,,,,,,,,
,,,,,,,,,,,,,,,,,,,,,,,,,,,,,CUSTOMER,HETALLS GLOBAL PRIVATE LIMITED,Individual,Consumer,-,,,,,,,,,,,,,,
,,,,,,,,,,,,,,,,,,,,,,,,,,,,,CUSTOMER,HETALLS GLOBAL PRIVATE LIMITED,Individual,Consumer,-,,,,,,,,,,,,,,
,,,,,,,,,,,,,,,,,,,,,,,,,,,,,CUSTOMER,HETALLS GLOBAL PRIVATE LIMITED,Individual,Consumer,-,,,,,,,,,,,,,,
,,,,,,,,,,,,,,,,,,,,,,,,,,,,,CUSTOMER,HETALLS GLOBAL PRIVATE LIMITED,Individual,Consumer,-,,,,,,,,,,,,,,
,,,,,,,,,,,,,,,,,,,,,,,,,,,,,CUSTOMER,HETALLS GLOBAL PRIVATE LIMITED,Individual,Consumer,-,,,,,,,,,,,,,,
,,,,,,,,,,,,,,,,,,,,,,,,,,,,,CUSTOMER,HETALLS GLOBAL PRIVATE LIMITED,Individual,Consumer,-,,,,,,,,,,,,,,
,,,,,,,,,,,,,,,,,,,,,,,,,,,,,CUSTOMER,HETALLS GLOBAL PRIVATE LIMITED,Individual,Consumer,-,,,,,,,,,,,,,,
,,,,,,,,,,,,,,,,,,,,,,,,,,,,,CUSTOMER,HETALLS GLOBAL PRIVATE LIMITED,Individual,Consumer,-,,,,,,,,,,,,,,
,,,,,,,,,,,,,,,,,,,,,,,,,,,,,CUSTOMER,HETALLS GLOBAL PRIVATE LIMITED,Individual,Consumer,-,,,,,,,,,,,,,,
,,,,,,,,,,,,,,,,,,,,,,,,,,,,,CUSTOMER,HETALLS GLOBAL PRIVATE LIMITED,Individual,Consumer,-,,,,,,,,,,,,,,
,,,,,,,,,,,,,,,,,,,,,,,,,,,,,CUSTOMER,HETALLS GLOBAL PRIVATE LIMITED,Individual,Consumer,-,,,,,,,,,,,,,,
,,,,,,,,,,,,,,,,,,,,,,,,,,,,,CUSTOMER,HETALLS GLOBAL PRIVATE LIMITED,Individual,Consumer,-,,,,,,,,,,,,,,
,,,,,,,,,,,,,,,,,,,,,,,,,,,,,CUSTOMER,HETALLS GLOBAL PRIVATE LIMITED,Individual,Consumer,-,,,,,,,,,,,,,,
,,,,,,,,,,,,,,,,,,,,,,,,,,,,,CUSTOMER,HETALLS GLOBAL PRIVATE LIMITED,Individual,Consumer,-,,,,,,,,,,,,,,
,,,,,,,,,,,,,,,,,,,,,,,,,,,,,CUSTOMER,HETALLS GLOBAL PRIVATE LIMITED,Individual,Consumer,-,,,,,,,,,,,,,,
,,,,,,,,,,,,,,,,,,,,,,,,,,,,,CUSTOMER,HETALLS GLOBAL PRIVATE LIMITED,Individual,Consumer,-,,,,,,,,,,,,,,
,,,,,,,,,,,,,,,,,,,,,,,,,,,,,CUSTOMER,HETALLS GLOBAL PRIVATE LIMITED,Individual,Consumer,-,,,,,,,,,,,,,,
,,,,,,,,,,,,,,,,,,,,,,,,,,,,,CUSTOMER,HETALLS GLOBAL PRIVATE LIMITED,Individual,Consumer,-,,,,,,,,,,,,,,
,,,,,,,,,,,,,,,,,,,,,,,,,,,,,CUSTOMER,HETALLS GLOBAL PRIVATE LIMITED,Individual,Consumer,-,,,,,,,,,,,,,,
,,,,,,,,,,,,,,,,,,,,,,,,,,,,,CUSTOMER,HETALLS GLOBAL PRIVATE LIMITED,Individual,Consumer,-,,,,,,,,,,,,,,
,,,,,,,,,,,,,,,,,,,,,,,,,,,,,CUSTOMER,HETALLS GLOBAL PRIVATE LIMITED,Individual,Consumer,-,,,,,,,,,,,,,,
,,,,,,,,,,,,,,,,,,,,,,,,,,,,,CUSTOMER,HETALLS GLOBAL PRIVATE LIMITED,Individual,Consumer,-,,,,,,,,,,,,,,
,,,,,,,,,,,,,,,,,,,,,,,,,,,,,CUSTOMER,HETALLS GLOBAL PRIVATE LIMITED,Individual,Consumer,-,,,,,,,,,,,,,,
,,,,,,,,,,,,,,,,,,,,,,,,,,,,,CUSTOMER,HETALLS GLOBAL PRIVATE LIMITED,Individual,Consumer,-,,,,,,,,,,,,,,
,,,,,,,,,,,,,,,,,,,,,,,,,,,,,CUSTOMER,HETALLS GLOBAL PRIVATE LIMITED,Individual,Consumer,-,,,,,,,,,,,,,,
,,,,,,,,,,,,,,,,,,,,,,,,,,,,,CUSTOMER,HETALLS GLOBAL PRIVATE LIMITED,Individual,Consumer,-,,,,,,,,,,,,,,
,,,,,,,,,,,,,,,,,,,,,,,,,,,,,CUSTOMER,HETALLS GLOBAL PRIVATE LIMITED,Individual,Consumer,-,,,,,,,,,,,,,,
,,,,,,,,,,,,,,,,,,,,,,,,,,,,,CUSTOMER,HETALLS GLOBAL PRIVATE LIMITED,Individual,Consumer,-,,,,,,,,,,,,,,
,,,,,,,,,,,,,,,,,,,,,,,,,,,,,CUSTOMER,HETALLS GLOBAL PRIVATE LIMITED,Individual,Consumer,-,,,,,,,,,,,,,,
,,,,,,,,,,,,,,,,,,,,,,,,,,,,,CUSTOMER,HETALLS GLOBAL PRIVATE LIMITED,Individual,Consumer,-,,,,,,,,,,,,,,
,,,,,,,,,,,,,,,,,,,,,,,,,,,,,CUSTOMER,HETALLS GLOBAL PRIVATE LIMITED,Individual,Consumer,-,,,,,,,,,,,,,,
,,,,,,,,,,,,,,,,,,,,,,,,,,,,,CUSTOMER,HETALLS GLOBAL PRIVATE LIMITED,Individual,Consumer,-,,,,,,,,,,,,,,
,,,,,,,,,,,,,,,,,,,,,,,,,,,,,CUSTOMER,HETALLS GLOBAL PRIVATE LIMITED,Individual,Consumer,-,,,,,,,,,,,,,,
,,,,,,,,,,,,,,,,,,,,,,,,,,,,,CUSTOMER,HETALLS GLOBAL PRIVATE LIMITED,Individual,Consumer,-,,,,,,,,,,,,,,
,,,,,,,,,,,,,,,,,,,,,,,,,,,,,CUSTOMER,HETALLS GLOBAL PRIVATE LIMITED,Individual,Consumer,-,,,,,,,,,,,,,,
,,,,,,,,,,,,,,,,,,,,,,,,,,,,,CUSTOMER,HETALLS GLOBAL PRIVATE LIMITED,Individual,Consumer,-,,,,,,,,,,,,,,
,,,,,,,,,,,,,,,,,,,,,,,,,,,,,CUSTOMER,HETALLS GLOBAL PRIVATE LIMITED,Individual,Consumer,-,,,,,,,,,,,,,,
,,,,,,,,,,,,,,,,,,,,,,,,,,,,,CUSTOMER,HETALLS GLOBAL PRIVATE LIMITED,Individual,Consumer,-,,,,,,,,,,,,,,
,,,,,,,,,,,,,,,,,,,,,,,,,,,,,CUSTOMER,HETALLS GLOBAL PRIVATE LIMITED,Individual,Consumer,-,,,,,,,,,,,,,,
,,,,,,,,,,,,,,,,,,,,,,,,,,,,,CUSTOMER,HETALLS GLOBAL PRIVATE LIMITED,Individual,Consumer,-,,,,,,,,,,,,,,
,,,,,,,,,,,,,,,,,,,,,,,,,,,,,CUSTOMER,HETALLS GLOBAL PRIVATE LIMITED,Individual,Consumer,-,,,,,,,,,,,,,,
,,,,,,,,,,,,,,,,,,,,,,,,,,,,,CUSTOMER,HETALLS GLOBAL PRIVATE LIMITED,Individual,Consumer,-,,,,,,,,,,,,,,
,,,,,,,,,,,,,,,,,,,,,,,,,,,,,CUSTOMER,HETALLS GLOBAL PRIVATE LIMITED,Individual,Consumer,-,,,,,,,,,,,,,,
,,,,,,,,,,,,,,,,,,,,,,,,,,,,,CUSTOMER,HETALLS GLOBAL PRIVATE LIMITED,Individual,Consumer,-,,,,,,,,,,,,,,
,,,,,,,,,,,,,,,,,,,,,,,,,,,,,CUSTOMER,HETALLS GLOBAL PRIVATE LIMITED,Individual,Consumer,-,,,,,,,,,,,,,,
,,,,,,,,,,,,,,,,,,,,,,,,,,,,,CUSTOMER,HETALLS GLOBAL PRIVATE LIMITED,Individual,Consumer,-,,,,,,,,,,,,,,
,,,,,,,,,,,,,,,,,,,,,,,,,,,,,CUSTOMER,HETALLS GLOBAL PRIVATE LIMITED,Individual,Consumer,-,,,,,,,,,,,,,,
,,,,,,,,,,,,,,,,,,,,,,,,,,,,,CUSTOMER,HETALLS GLOBAL PRIVATE LIMITED,Individual,Consumer,-,,,,,,,,,,,,,,
,,,,,,,,,,,,,,,,,,,,,,,,,,,,,CUSTOMER,HETALLS GLOBAL PRIVATE LIMITED,Individual,Consumer,-,,,,,,,,,,,,,,
,,,,,,,,,,,,,,,,,,,,,,,,,,,,,CUSTOMER,HETALLS GLOBAL PRIVATE LIMITED,Individual,Consumer,-,,,,,,,,,,,,,,
,,,,,,,,,,,,,,,,,,,,,,,,,,,,,CUSTOMER,HETALLS GLOBAL PRIVATE LIMITED,Individual,Consumer,-,,,,,,,,,,,,,,
,,,,,,,,,,,,,,,,,,,,,,,,,,,,,CUSTOMER,HETALLS GLOBAL PRIVATE LIMITED,Individual,Consumer,-,,,,,,,,,,,,,,
,,,,,,,,,,,,,,,,,,,,,,,,,,,,,CUSTOMER,HETALLS GLOBAL PRIVATE LIMITED,Individual,Consumer,-,,,,,,,,,,,,,,
,,,,,,,,,,,,,,,,,,,,,,,,,,,,,CUSTOMER,HETALLS GLOBAL PRIVATE LIMITED,Individual,Consumer,-,,,,,,,,,,,,,,
,,,,,,,,,,,,,,,,,,,,,,,,,,,,,CUSTOMER,HETALLS GLOBAL PRIVATE LIMITED,Individual,Consumer,-,,,,,,,,,,,,,,
,,,,,,,,,,,,,,,,,,,,,,,,,,,,,CUSTOMER,HETALLS GLOBAL PRIVATE LIMITED,Individual,Consumer,-,,,,,,,,,,,,,,
,,,,,,,,,,,,,,,,,,,,,,,,,,,,,CUSTOMER,HETALLS GLOBAL PRIVATE LIMITED,Individual,Consumer,-,,,,,,,,,,,,,,
,,,,,,,,,,,,,,,,,,,,,,,,,,,,,CUSTOMER,HETALLS GLOBAL PRIVATE LIMITED,Individual,Consumer,-,,,,,,,,,,,,,,
,,,,,,,,,,,,,,,,,,,,,,,,,,,,,CUSTOMER,HETALLS GLOBAL PRIVATE LIMITED,Individual,Consumer,-,,,,,,,,,,,,,,
,,,,,,,,,,,,,,,,,,,,,,,,,,,,,CUSTOMER,HETALLS GLOBAL PRIVATE LIMITED,Individual,Consumer,-,,,,,,,,,,,,,,
,,,,,,,,,,,,,,,,,,,,,,,,,,,,,CUSTOMER,HETALLS GLOBAL PRIVATE LIMITED,Individual,Consumer,-,,,,,,,,,,,,,,
,,,,,,,,,,,,,,,,,,,,,,,,,,,,,CUSTOMER,HETALLS GLOBAL PRIVATE LIMITED,Individual,Consumer,-,,,,,,,,,,,,,,
,,,,,,,,,,,,,,,,,,,,,,,,,,,,,CUSTOMER,HETALLS GLOBAL PRIVATE LIMITED,Individual,Consumer,-,,,,,,,,,,,,,,
,,,,,,,,,,,,,,,,,,,,,,,,,,,,,CUSTOMER,HETALLS GLOBAL PRIVATE LIMITED,Individual,Consumer,-,,,,,,,,,,,,,,
,,,,,,,,,,,,,,,,,,,,,,,,,,,,,CUSTOMER,HETALLS GLOBAL PRIVATE LIMITED,Individual,Consumer,-,,,,,,,,,,,,,,
,,,,,,,,,,,,,,,,,,,,,,,,,,,,,CUSTOMER,HETALLS GLOBAL PRIVATE LIMITED,Individual,Consumer,-,,,,,,,,,,,,,,
,,,,,,,,,,,,,,,,,,,,,,,,,,,,,CUSTOMER,HETALLS GLOBAL PRIVATE LIMITED,Individual,Consumer,-,,,,,,,,,,,,,,
,,,,,,,,,,,,,,,,,,,,,,,,,,,,,CUSTOMER,HETALLS GLOBAL PRIVATE LIMITED,Individual,Consumer,-,,,,,,,,,,,,,,
,,,,,,,,,,,,,,,,,,,,,,,,,,,,,CUSTOMER,HETALLS GLOBAL PRIVATE LIMITED,Individual,Consumer,-,,,,,,,,,,,,,,
,,,,,,,,,,,,,,,,,,,,,,,,,,,,,CUSTOMER,HETALLS GLOBAL PRIVATE LIMITED,Individual,Consumer,-,,,,,,,,,,,,,,
,,,,,,,,,,,,,,,,,,,,,,,,,,,,,CUSTOMER,HETALLS GLOBAL PRIVATE LIMITED,Individual,Consumer,-,,,,,,,,,,,,,,
,,,,,,,,,,,,,,,,,,,,,,,,,,,,,CUSTOMER,HETALLS GLOBAL PRIVATE LIMITED,Individual,Consumer,-,,,,,,,,,,,,,,
,,,,,,,,,,,,,,,,,,,,,,,,,,,,,CUSTOMER,HETALLS GLOBAL PRIVATE LIMITED,Individual,Consumer,-,,,,,,,,,,,,,,
,,,,,,,,,,,,,,,,,,,,,,,,,,,,,CUSTOMER,HETALLS GLOBAL PRIVATE LIMITED,Individual,Consumer,-,,,,,,,,,,,,,,
,,,,,,,,,,,,,,,,,,,,,,,,,,,,,CUSTOMER,HETALLS GLOBAL PRIVATE LIMITED,Individual,Consumer,-,,,,,,,,,,,,,,
,,,,,,,,,,,,,,,,,,,,,,,,,,,,,CUSTOMER,HETALLS GLOBAL PRIVATE LIMITED,Individual,Consumer,-,,,,,,,,,,,,,,
,,,,,,,,,,,,,,,,,,,,,,,,,,,,,CUSTOMER,HETALLS GLOBAL PRIVATE LIMITED,Individual,Consumer,-,,,,,,,,,,,,,,
,,,,,,,,,,,,,,,,,,,,,,,,,,,,,CUSTOMER,HETALLS GLOBAL PRIVATE LIMITED,Individual,Consumer,-,,,,,,,,,,,,,,
,,,,,,,,,,,,,,,,,,,,,,,,,,,,,CUSTOMER,HETALLS GLOBAL PRIVATE LIMITED,Individual,Consumer,-,,,,,,,,,,,,,,
,,,,,,,,,,,,,,,,,,,,,,,,,,,,,CUSTOMER,HETALLS GLOBAL PRIVATE LIMITED,Individual,Consumer,-,,,,,,,,,,,,,,
,,,,,,,,,,,,,,,,,,,,,,,,,,,,,CUSTOMER,HETALLS GLOBAL PRIVATE LIMITED,Individual,Consumer,-,,,,,,,,,,,,,,
,,,,,,,,,,,,,,,,,,,,,,,,,,,,,CUSTOMER,HETALLS GLOBAL PRIVATE LIMITED,Individual,Consumer,-,,,,,,,,,,,,,,
,,,,,,,,,,,,,,,,,,,,,,,,,,,,,CUSTOMER,HETALLS GLOBAL PRIVATE LIMITED,Individual,Consumer,-,,,,,,,,,,,,,,
,,,,,,,,,,,,,,,,,,,,,,,,,,,,,CUSTOMER,HETALLS GLOBAL PRIVATE LIMITED,Individual,Consumer,-,,,,,,,,,,,,,,
,,,,,,,,,,,,,,,,,,,,,,,,,,,,,CUSTOMER,HETALLS GLOBAL PRIVATE LIMITED,Individual,Consumer,-,,,,,,,,,,,,,,
,,,,,,,,,,,,,,,,,,,,,,,,,,,,,CUSTOMER,HETALLS GLOBAL PRIVATE LIMITED,Individual,Consumer,-,,,,,,,,,,,,,,
,,,,,,,,,,,,,,,,,,,,,,,,,,,,,CUSTOMER,HETALLS GLOBAL PRIVATE LIMITED,Individual,Consumer,-,,,,,,,,,,,,,,
,,,,,,,,,,,,,,,,,,,,,,,,,,,,,CUSTOMER,HETALLS GLOBAL PRIVATE LIMITED,Individual,Consumer,-,,,,,,,,,,,,,,
,,,,,,,,,,,,,,,,,,,,,,,,,,,,,CUSTOMER,HETALLS GLOBAL PRIVATE LIMITED,Individual,Consumer,-,,,,,,,,,,,,,,
,,,,,,,,,,,,,,,,,,,,,,,,,,,,,CUSTOMER,HETALLS GLOBAL PRIVATE LIMITED,Individual,Consumer,-,,,,,,,,,,,,,,
,,,,,,,,,,,,,,,,,,,,,,,,,,,,,CUSTOMER,HETALLS GLOBAL PRIVATE LIMITED,Individual,Consumer,-,,,,,,,,,,,,,,
,,,,,,,,,,,,,,,,,,,,,,,,,,,,,CUSTOMER,HETALLS GLOBAL PRIVATE LIMITED,Individual,Consumer,-,,,,,,,,,,,,,,
,,,,,,,,,,,,,,,,,,,,,,,,,,,,,CUSTOMER,HETALLS GLOBAL PRIVATE LIMITED,Individual,Consumer,-,,,,,,,,,,,,,,
,,,,,,,,,,,,,,,,,,,,,,,,,,,,,CUSTOMER,HETALLS GLOBAL PRIVATE LIMITED,Individual,Consumer,-,,,,,,,,,,,,,,
,,,,,,,,,,,,,,,,,,,,,,,,,,,,,CUSTOMER,HETALLS GLOBAL PRIVATE LIMITED,Individual,Consumer,-,,,,,,,,,,,,,,
,,,,,,,,,,,,,,,,,,,,,,,,,,,,,CUSTOMER,HETALLS GLOBAL PRIVATE LIMITED,Individual,Consumer,-,,,,,,,,,,,,,,
,,,,,,,,,,,,,,,,,,,,,,,,,,,,,CUSTOMER,HETALLS GLOBAL PRIVATE LIMITED,Individual,Consumer,-,,,,,,,,,,,,,,
,,,,,,,,,,,,,,,,,,,,,,,,,,,,,CUSTOMER,HETALLS GLOBAL PRIVATE LIMITED,Individual,Consumer,-,,,,,,,,,,,,,,
,,,,,,,,,,,,,,,,,,,,,,,,,,,,,CUSTOMER,HETALLS GLOBAL PRIVATE LIMITED,Individual,Consumer,-,,,,,,,,,,,,,,
,,,,,,,,,,,,,,,,,,,,,,,,,,,,,CUSTOMER,HETALLS GLOBAL PRIVATE LIMITED,Individual,Consumer,-,,,,,,,,,,,,,,
,,,,,,,,,,,,,,,,,,,,,,,,,,,,,CUSTOMER,HETALLS GLOBAL PRIVATE LIMITED,Individual,Consumer,-,,,,,,,,,,,,,,
,,,,,,,,,,,,,,,,,,,,,,,,,,,,,CUSTOMER,HETALLS GLOBAL PRIVATE LIMITED,Individual,Consumer,-,,,,,,,,,,,,,,
,,,,,,,,,,,,,,,,,,,,,,,,,,,,,CUSTOMER,HETALLS GLOBAL PRIVATE LIMITED,Individual,Consumer,-,,,,,,,,,,,,,,
,,,,,,,,,,,,,,,,,,,,,,,,,,,,,CUSTOMER,HETALLS GLOBAL PRIVATE LIMITED,Individual,Consumer,-,,,,,,,,,,,,,,
,,,,,,,,,,,,,,,,,,,,,,,,,,,,,CUSTOMER,HETALLS GLOBAL PRIVATE LIMITED,Individual,Consumer,-,,,,,,,,,,,,,,
,,,,,,,,,,,,,,,,,,,,,,,,,,,,,CUSTOMER,HETALLS GLOBAL PRIVATE LIMITED,Individual,Consumer,-,,,,,,,,,,,,,,
,,,,,,,,,,,,,,,,,,,,,,,,,,,,,CUSTOMER,HETALLS GLOBAL PRIVATE LIMITED,Individual,Consumer,-,,,,,,,,,,,,,,
,,,,,,,,,,,,,,,,,,,,,,,,,,,,,CUSTOMER,HETALLS GLOBAL PRIVATE LIMITED,Individual,Consumer,-,,,,,,,,,,,,,,
,,,,,,,,,,,,,,,,,,,,,,,,,,,,,CUSTOMER,HETALLS GLOBAL PRIVATE LIMITED,Individual,Consumer,-,,,,,,,,,,,,,,
,,,,,,,,,,,,,,,,,,,,,,,,,,,,,CUSTOMER,HETALLS GLOBAL PRIVATE LIMITED,Individual,Consumer,-,,,,,,,,,,,,,,
,,,,,,,,,,,,,,,,,,,,,,,,,,,,,CUSTOMER,HETALLS GLOBAL PRIVATE LIMITED,Individual,Consumer,-,,,,,,,,,,,,,,
,,,,,,,,,,,,,,,,,,,,,,,,,,,,,CUSTOMER,HETALLS GLOBAL PRIVATE LIMITED,Individual,Consumer,-,,,,,,,,,,,,,,
,,,,,,,,,,,,,,,,,,,,,,,,,,,,,CUSTOMER,HETALLS GLOBAL PRIVATE LIMITED,Individual,Consumer,-,,,,,,,,,,,,,,
,,,,,,,,,,,,,,,,,,,,,,,,,,,,,CUSTOMER,HETALLS GLOBAL PRIVATE LIMITED,Individual,Consumer,-,,,,,,,,,,,,,,
,,,,,,,,,,,,,,,,,,,,,,,,,,,,,CUSTOMER,HETALLS GLOBAL PRIVATE LIMITED,Individual,Consumer,-,,,,,,,,,,,,,,
,,,,,,,,,,,,,,,,,,,,,,,,,,,,,CUSTOMER,HETALLS GLOBAL PRIVATE LIMITED,Individual,Consumer,-,,,,,,,,,,,,,,
,,,,,,,,,,,,,,,,,,,,,,,,,,,,,CUSTOMER,HETALLS GLOBAL PRIVATE LIMITED,Individual,Consumer,-,,,,,,,,,,,,,,
,,,,,,,,,,,,,,,,,,,,,,,,,,,,,CUSTOMER,HETALLS GLOBAL PRIVATE LIMITED,Individual,Consumer,-,,,,,,,,,,,,,,
,,,,,,,,,,,,,,,,,,,,,,,,,,,,,CUSTOMER,HETALLS GLOBAL PRIVATE LIMITED,Individual,Consumer,-,,,,,,,,,,,,,,
,,,,,,,,,,,,,,,,,,,,,,,,,,,,,CUSTOMER,HETALLS GLOBAL PRIVATE LIMITED,Individual,Consumer,-,,,,,,,,,,,,,,
,,,,,,,,,,,,,,,,,,,,,,,,,,,,,CUSTOMER,HETALLS GLOBAL PRIVATE LIMITED,Individual,Consumer,-,,,,,,,,,,,,,,
,,,,,,,,,,,,,,,,,,,,,,,,,,,,,CUSTOMER,HETALLS GLOBAL PRIVATE LIMITED,Individual,Consumer,-,,,,,,,,,,,,,,
,,,,,,,,,,,,,,,,,,,,,,,,,,,,,CUSTOMER,HETALLS GLOBAL PRIVATE LIMITED,Individual,Consumer,-,,,,,,,,,,,,,,
,,,,,,,,,,,,,,,,,,,,,,,,,,,,,CUSTOMER,HETALLS GLOBAL PRIVATE LIMITED,Individual,Consumer,-,,,,,,,,,,,,,,
,,,,,,,,,,,,,,,,,,,,,,,,,,,,,CUSTOMER,HETALLS GLOBAL PRIVATE LIMITED,Individual,Consumer,-,,,,,,,,,,,,,,
,,,,,,,,,,,,,,,,,,,,,,,,,,,,,CUSTOMER,HETALLS GLOBAL PRIVATE LIMITED,Individual,Consumer,-,,,,,,,,,,,,,,
,,,,,,,,,,,,,,,,,,,,,,,,,,,,,CUSTOMER,HETALLS GLOBAL PRIVATE LIMITED,Individual,Consumer,-,,,,,,,,,,,,,,
,,,,,,,,,,,,,,,,,,,,,,,,,,,,,CUSTOMER,HETALLS GLOBAL PRIVATE LIMITED,Individual,Consumer,-,,,,,,,,,,,,,,
,,,,,,,,,,,,,,,,,,,,,,,,,,,,,CUSTOMER,HETALLS GLOBAL PRIVATE LIMITED,Individual,Consumer,-,,,,,,,,,,,,,,
,,,,,,,,,,,,,,,,,,,,,,,,,,,,,CUSTOMER,HETALLS GLOBAL PRIVATE LIMITED,Individual,Consumer,-,,,,,,,,,,,,,,
,,,,,,,,,,,,,,,,,,,,,,,,,,,,,CUSTOMER,HETALLS GLOBAL PRIVATE LIMITED,Individual,Consumer,-,,,,,,,,,,,,,,
,,,,,,,,,,,,,,,,,,,,,,,,,,,,,CUSTOMER,HETALLS GLOBAL PRIVATE LIMITED,Individual,Consumer,-,,,,,,,,,,,,,,
,,,,,,,,,,,,,,,,,,,,,,,,,,,,,CUSTOMER,HETALLS GLOBAL PRIVATE LIMITED,Individual,Consumer,-,,,,,,,,,,,,,,
,,,,,,,,,,,,,,,,,,,,,,,,,,,,,CUSTOMER,HETALLS GLOBAL PRIVATE LIMITED,Individual,Consumer,-,,,,,,,,,,,,,,
,,,,,,,,,,,,,,,,,,,,,,,,,,,,,CUSTOMER,HETALLS GLOBAL PRIVATE LIMITED,Individual,Consumer,-,,,,,,,,,,,,,,
,,,,,,,,,,,,,,,,,,,,,,,,,,,,,CUSTOMER,HETALLS GLOBAL PRIVATE LIMITED,Individual,Consumer,-,,,,,,,,,,,,,,
,,,,,,,,,,,,,,,,,,,,,,,,,,,,,CUSTOMER,HETALLS GLOBAL PRIVATE LIMITED,Individual,Consumer,-,,,,,,,,,,,,,,
,,,,,,,,,,,,,,,,,,,,,,,,,,,,,CUSTOMER,HETALLS GLOBAL PRIVATE LIMITED,Individual,Consumer,-,,,,,,,,,,,,,,
,,,,,,,,,,,,,,,,,,,,,,,,,,,,,CUSTOMER,HETALLS GLOBAL PRIVATE LIMITED,Individual,Consumer,-,,,,,,,,,,,,,,
,,,,,,,,,,,,,,,,,,,,,,,,,,,,,CUSTOMER,HETALLS GLOBAL PRIVATE LIMITED,Individual,Consumer,-,,,,,,,,,,,,,,
,,,,,,,,,,,,,,,,,,,,,,,,,,,,,CUSTOMER,HETALLS GLOBAL PRIVATE LIMITED,Individual,Consumer,-,,,,,,,,,,,,,,
,,,,,,,,,,,,,,,,,,,,,,,,,,,,,CUSTOMER,HETALLS GLOBAL PRIVATE LIMITED,Individual,Consumer,-,,,,,,,,,,,,,,
,,,,,,,,,,,,,,,,,,,,,,,,,,,,,CUSTOMER,HETALLS GLOBAL PRIVATE LIMITED,Individual,Consumer,-,,,,,,,,,,,,,,
,,,,,,,,,,,,,,,,,,,,,,,,,,,,,CUSTOMER,HETALLS GLOBAL PRIVATE LIMITED,Individual,Consumer,-,,,,,,,,,,,,,,
,,,,,,,,,,,,,,,,,,,,,,,,,,,,,CUSTOMER,HETALLS GLOBAL PRIVATE LIMITED,Individual,Consumer,-,,,,,,,,,,,,,,
,,,,,,,,,,,,,,,,,,,,,,,,,,,,,CUSTOMER,HETALLS GLOBAL PRIVATE LIMITED,Individual,Consumer,-,,,,,,,,,,,,,,
,,,,,,,,,,,,,,,,,,,,,,,,,,,,,CUSTOMER,HETALLS GLOBAL PRIVATE LIMITED,Individual,Consumer,-,,,,,,,,,,,,,,
,,,,,,,,,,,,,,,,,,,,,,,,,,,,,CUSTOMER,HETALLS GLOBAL PRIVATE LIMITED,Individual,Consumer,-,,,,,,,,,,,,,,
,,,,,,,,,,,,,,,,,,,,,,,,,,,,,CUSTOMER,HETALLS GLOBAL PRIVATE LIMITED,Individual,Consumer,-,,,,,,,,,,,,,,
,,,,,,,,,,,,,,,,,,,,,,,,,,,,,CUSTOMER,HETALLS GLOBAL PRIVATE LIMITED,Individual,Consumer,-,,,,,,,,,,,,,,
,,,,,,,,,,,,,,,,,,,,,,,,,,,,,CUSTOMER,HETALLS GLOBAL PRIVATE LIMITED,Individual,Consumer,-,,,,,,,,,,,,,,
,,,,,,,,,,,,,,,,,,,,,,,,,,,,,CUSTOMER,HETALLS GLOBAL PRIVATE LIMITED,Individual,Consumer,-,,,,,,,,,,,,,,
,,,,,,,,,,,,,,,,,,,,,,,,,,,,,CUSTOMER,HETALLS GLOBAL PRIVATE LIMITED,Individual,Consumer,-,,,,,,,,,,,,,,
,,,,,,,,,,,,,,,,,,,,,,,,,,,,,CUSTOMER,HETALLS GLOBAL PRIVATE LIMITED,Individual,Consumer,-,,,,,,,,,,,,,,
,,,,,,,,,,,,,,,,,,,,,,,,,,,,,CUSTOMER,HETALLS GLOBAL PRIVATE LIMITED,Individual,Consumer,-,,,,,,,,,,,,,,
,,,,,,,,,,,,,,,,,,,,,,,,,,,,,CUSTOMER,HETALLS GLOBAL PRIVATE LIMITED,Individual,Consumer,-,,,,,,,,,,,,,,
,,,,,,,,,,,,,,,,,,,,,,,,,,,,,CUSTOMER,HETALLS GLOBAL PRIVATE LIMITED,Individual,Consumer,-,,,,,,,,,,,,,,
,,,,,,,,,,,,,,,,,,,,,,,,,,,,,CUSTOMER,HETALLS GLOBAL PRIVATE LIMITED,Individual,Consumer,-,,,,,,,,,,,,,,
,,,,,,,,,,,,,,,,,,,,,,,,,,,,,CUSTOMER,HETALLS GLOBAL PRIVATE LIMITED,Individual,Consumer,-,,,,,,,,,,,,,,
,,,,,,,,,,,,,,,,,,,,,,,,,,,,,CUSTOMER,HETALLS GLOBAL PRIVATE LIMITED,Individual,Consumer,-,,,,,,,,,,,,,,
,,,,,,,,,,,,,,,,,,,,,,,,,,,,,CUSTOMER,HETALLS GLOBAL PRIVATE LIMITED,Individual,Consumer,-,,,,,,,,,,,,,,
,,,,,,,,,,,,,,,,,,,,,,,,,,,,,CUSTOMER,HETALLS GLOBAL PRIVATE LIMITED,Individual,Consumer,-,,,,,,,,,,,,,,
,,,,,,,,,,,,,,,,,,,,,,,,,,,,,CUSTOMER,HETALLS GLOBAL PRIVATE LIMITED,Individual,Consumer,-,,,,,,,,,,,,,,
,,,,,,,,,,,,,,,,,,,,,,,,,,,,,CUSTOMER,HETALLS GLOBAL PRIVATE LIMITED,Individual,Consumer,-,,,,,,,,,,,,,,
,,,,,,,,,,,,,,,,,,,,,,,,,,,,,CUSTOMER,HETALLS GLOBAL PRIVATE LIMITED,Individual,Consumer,-,,,,,,,,,,,,,,
,,,,,,,,,,,,,,,,,,,,,,,,,,,,,CUSTOMER,HETALLS GLOBAL PRIVATE LIMITED,Individual,Consumer,-,,,,,,,,,,,,,,
,,,,,,,,,,,,,,,,,,,,,,,,,,,,,CUSTOMER,HETALLS GLOBAL PRIVATE LIMITED,Individual,Consumer,-,,,,,,,,,,,,,,
,,,,,,,,,,,,,,,,,,,,,,,,,,,,,CUSTOMER,HETALLS GLOBAL PRIVATE LIMITED,Individual,Consumer,-,,,,,,,,,,,,,,
,,,,,,,,,,,,,,,,,,,,,,,,,,,,,CUSTOMER,HETALLS GLOBAL PRIVATE LIMITED,Individual,Consumer,-,,,,,,,,,,,,,,
,,,,,,,,,,,,,,,,,,,,,,,,,,,,,CUSTOMER,HETALLS GLOBAL PRIVATE LIMITED,Individual,Consumer,-,,,,,,,,,,,,,,
,,,,,,,,,,,,,,,,,,,,,,,,,,,,,CUSTOMER,HETALLS GLOBAL PRIVATE LIMITED,Individual,Consumer,-,,,,,,,,,,,,,,
,,,,,,,,,,,,,,,,,,,,,,,,,,,,,CUSTOMER,HETALLS GLOBAL PRIVATE LIMITED,Individual,Consumer,-,,,,,,,,,,,,,,
,,,,,,,,,,,,,,,,,,,,,,,,,,,,,CUSTOMER,HETALLS GLOBAL PRIVATE LIMITED,Individual,Consumer,-,,,,,,,,,,,,,,
,,,,,,,,,,,,,,,,,,,,,,,,,,,,,CUSTOMER,HETALLS GLOBAL PRIVATE LIMITED,Individual,Consumer,-,,,,,,,,,,,,,,
,,,,,,,,,,,,,,,,,,,,,,,,,,,,,CUSTOMER,HETALLS GLOBAL PRIVATE LIMITED,Individual,Consumer,-,,,,,,,,,,,,,,
,,,,,,,,,,,,,,,,,,,,,,,,,,,,,CUSTOMER,HETALLS GLOBAL PRIVATE LIMITED,Individual,Consumer,-,,,,,,,,,,,,,,
,,,,,,,,,,,,,,,,,,,,,,,,,,,,,CUSTOMER,HETALLS GLOBAL PRIVATE LIMITED,Individual,Consumer,-,,,,,,,,,,,,,,
,,,,,,,,,,,,,,,,,,,,,,,,,,,,,CUSTOMER,HETALLS GLOBAL PRIVATE LIMITED,Individual,Consumer,-,,,,,,,,,,,,,,
,,,,,,,,,,,,,,,,,,,,,,,,,,,,,CUSTOMER,HETALLS GLOBAL PRIVATE LIMITED,Individual,Consumer,-,,,,,,,,,,,,,,
,,,,,,,,,,,,,,,,,,,,,,,,,,,,,CUSTOMER,HETALLS GLOBAL PRIVATE LIMITED,Individual,Consumer,-,,,,,,,,,,,,,,
,,,,,,,,,,,,,,,,,,,,,,,,,,,,,CUSTOMER,HETALLS GLOBAL PRIVATE LIMITED,Individual,Consumer,-,,,,,,,,,,,,,,
,,,,,,,,,,,,,,,,,,,,,,,,,,,,,CUSTOMER,HETALLS GLOBAL PRIVATE LIMITED,Individual,Consumer,-,,,,,,,,,,,,,,
,,,,,,,,,,,,,,,,,,,,,,,,,,,,,CUSTOMER,HETALLS GLOBAL PRIVATE LIMITED,Individual,Consumer,-,,,,,,,,,,,,,,
,,,,,,,,,,,,,,,,,,,,,,,,,,,,,CUSTOMER,HETALLS GLOBAL PRIVATE LIMITED,Individual,Consumer,-,,,,,,,,,,,,,,
,,,,,,,,,,,,,,,,,,,,,,,,,,,,,CUSTOMER,HETALLS GLOBAL PRIVATE LIMITED,Individual,Consumer,-,,,,,,,,,,,,,,
,,,,,,,,,,,,,,,,,,,,,,,,,,,,,CUSTOMER,HETALLS GLOBAL PRIVATE LIMITED,Individual,Consumer,-,,,,,,,,,,,,,,
,,,,,,,,,,,,,,,,,,,,,,,,,,,,,CUSTOMER,HETALLS GLOBAL PRIVATE LIMITED,Individual,Consumer,-,,,,,,,,,,,,,,
,,,,,,,,,,,,,,,,,,,,,,,,,,,,,CUSTOMER,HETALLS GLOBAL PRIVATE LIMITED,Individual,Consumer,-,,,,,,,,,,,,,,
,,,,,,,,,,,,,,,,,,,,,,,,,,,,,CUSTOMER,HETALLS GLOBAL PRIVATE LIMITED,Individual,Consumer,-,,,,,,,,,,,,,,
,,,,,,,,,,,,,,,,,,,,,,,,,,,,,CUSTOMER,HETALLS GLOBAL PRIVATE LIMITED,Individual,Consumer,-,,,,,,,,,,,,,,
,,,,,,,,,,,,,,,,,,,,,,,,,,,,,CUSTOMER,HETALLS GLOBAL PRIVATE LIMITED,Individual,Consumer,-,,,,,,,,,,,,,,
,,,,,,,,,,,,,,,,,,,,,,,,,,,,,CUSTOMER,HETALLS GLOBAL PRIVATE LIMITED,Individual,Consumer,-,,,,,,,,,,,,,,
,,,,,,,,,,,,,,,,,,,,,,,,,,,,,CUSTOMER,HETALLS GLOBAL PRIVATE LIMITED,Individual,Consumer,-,,,,,,,,,,,,,,
,,,,,,,,,,,,,,,,,,,,,,,,,,,,,CUSTOMER,HETALLS GLOBAL PRIVATE LIMITED,Individual,Consumer,-,,,,,,,,,,,,,,
,,,,,,,,,,,,,,,,,,,,,,,,,,,,,CUSTOMER,HETALLS GLOBAL PRIVATE LIMITED,Individual,Consumer,-,,,,,,,,,,,,,,
,,,,,,,,,,,,,,,,,,,,,,,,,,,,,CUSTOMER,HETALLS GLOBAL PRIVATE LIMITED,Individual,Consumer,-,,,,,,,,,,,,,,
,,,,,,,,,,,,,,,,,,,,,,,,,,,,,CUSTOMER,HETALLS GLOBAL PRIVATE LIMITED,Individual,Consumer,-,,,,,,,,,,,,,,
,,,,,,,,,,,,,,,,,,,,,,,,,,,,,CUSTOMER,HETALLS GLOBAL PRIVATE LIMITED,Individual,Consumer,-,,,,,,,,,,,,,,
,,,,,,,,,,,,,,,,,,,,,,,,,,,,,CUSTOMER,HETALLS GLOBAL PRIVATE LIMITED,Individual,Consumer,-,,,,,,,,,,,,,,
,,,,,,,,,,,,,,,,,,,,,,,,,,,,,CUSTOMER,HETALLS GLOBAL PRIVATE LIMITED,Individual,Consumer,-,,,,,,,,,,,,,,
,,,,,,,,,,,,,,,,,,,,,,,,,,,,,CUSTOMER,HETALLS GLOBAL PRIVATE LIMITED,Individual,Consumer,-,,,,,,,,,,,,,,
,,,,,,,,,,,,,,,,,,,,,,,,,,,,,CUSTOMER,HETALLS GLOBAL PRIVATE LIMITED,Individual,Consumer,-,,,,,,,,,,,,,,
,,,,,,,,,,,,,,,,,,,,,,,,,,,,,CUSTOMER,HETALLS GLOBAL PRIVATE LIMITED,Individual,Consumer,-,,,,,,,,,,,,,,
,,,,,,,,,,,,,,,,,,,,,,,,,,,,,CUSTOMER,HETALLS GLOBAL PRIVATE LIMITED,Individual,Consumer,-,,,,,,,,,,,,,,
,,,,,,,,,,,,,,,,,,,,,,,,,,,,,CUSTOMER,HETALLS GLOBAL PRIVATE LIMITED,Individual,Consumer,-,,,,,,,,,,,,,,
,,,,,,,,,,,,,,,,,,,,,,,,,,,,,CUSTOMER,HETALLS GLOBAL PRIVATE LIMITED,Individual,Consumer,-,,,,,,,,,,,,,,
,,,,,,,,,,,,,,,,,,,,,,,,,,,,,CUSTOMER,HETALLS GLOBAL PRIVATE LIMITED,Individual,Consumer,-,,,,,,,,,,,,,,
,,,,,,,,,,,,,,,,,,,,,,,,,,,,,CUSTOMER,HETALLS GLOBAL PRIVATE LIMITED,Individual,Consumer,-,,,,,,,,,,,,,,
,,,,,,,,,,,,,,,,,,,,,,,,,,,,,CUSTOMER,HETALLS GLOBAL PRIVATE LIMITED,Individual,Consumer,-,,,,,,,,,,,,,,
,,,,,,,,,,,,,,,,,,,,,,,,,,,,,CUSTOMER,HETALLS GLOBAL PRIVATE LIMITED,Individual,Consumer,-,,,,,,,,,,,,,,
,,,,,,,,,,,,,,,,,,,,,,,,,,,,,CUSTOMER,HETALLS GLOBAL PRIVATE LIMITED,Individual,Consumer,-,,,,,,,,,,,,,,
,,,,,,,,,,,,,,,,,,,,,,,,,,,,,CUSTOMER,HETALLS GLOBAL PRIVATE LIMITED,Individual,Consumer,-,,,,,,,,,,,,,,
,,,,,,,,,,,,,,,,,,,,,,,,,,,,,CUSTOMER,HETALLS GLOBAL PRIVATE LIMITED,Individual,Consumer,-,,,,,,,,,,,,,,
,,,,,,,,,,,,,,,,,,,,,,,,,,,,,CUSTOMER,HETALLS GLOBAL PRIVATE LIMITED,Individual,Consumer,-,,,,,,,,,,,,,,
,,,,,,,,,,,,,,,,,,,,,,,,,,,,,CUSTOMER,HETALLS GLOBAL PRIVATE LIMITED,Individual,Consumer,-,,,,,,,,,,,,,,
,,,,,,,,,,,,,,,,,,,,,,,,,,,,,CUSTOMER,HETALLS GLOBAL PRIVATE LIMITED,Individual,Consumer,-,,,,,,,,,,,,,,
,,,,,,,,,,,,,,,,,,,,,,,,,,,,,CUSTOMER,HETALLS GLOBAL PRIVATE LIMITED,Individual,Consumer,-,,,,,,,,,,,,,,
,,,,,,,,,,,,,,,,,,,,,,,,,,,,,CUSTOMER,HETALLS GLOBAL PRIVATE LIMITED,Individual,Consumer,-,,,,,,,,,,,,,,
,,,,,,,,,,,,,,,,,,,,,,,,,,,,,CUSTOMER,HETALLS GLOBAL PRIVATE LIMITED,Individual,Consumer,-,,,,,,,,,,,,,,
,,,,,,,,,,,,,,,,,,,,,,,,,,,,,CUSTOMER,HETALLS GLOBAL PRIVATE LIMITED,Individual,Consumer,-,,,,,,,,,,,,,,
,,,,,,,,,,,,,,,,,,,,,,,,,,,,,CUSTOMER,HETALLS GLOBAL PRIVATE LIMITED,Individual,Consumer,-,,,,,,,,,,,,,,
,,,,,,,,,,,,,,,,,,,,,,,,,,,,,CUSTOMER,HETALLS GLOBAL PRIVATE LIMITED,Individual,Consumer,-,,,,,,,,,,,,,,
,,,,,,,,,,,,,,,,,,,,,,,,,,,,,CUSTOMER,HETALLS GLOBAL PRIVATE LIMITED,Individual,Consumer,-,,,,,,,,,,,,,,
,,,,,,,,,,,,,,,,,,,,,,,,,,,,,CUSTOMER,HETALLS GLOBAL PRIVATE LIMITED,Individual,Consumer,-,,,,,,,,,,,,,,
,,,,,,,,,,,,,,,,,,,,,,,,,,,,,CUSTOMER,HETALLS GLOBAL PRIVATE LIMITED,Individual,Consumer,-,,,,,,,,,,,,,,
,,,,,,,,,,,,,,,,,,,,,,,,,,,,,CUSTOMER,HETALLS GLOBAL PRIVATE LIMITED,Individual,Consumer,-,,,,,,,,,,,,,,
,,,,,,,,,,,,,,,,,,,,,,,,,,,,,CUSTOMER,HETALLS GLOBAL PRIVATE LIMITED,Individual,Consumer,-,,,,,,,,,,,,,,
,,,,,,,,,,,,,,,,,,,,,,,,,,,,,CUSTOMER,HETALLS GLOBAL PRIVATE LIMITED,Individual,Consumer,-,,,,,,,,,,,,,,
,,,,,,,,,,,,,,,,,,,,,,,,,,,,,CUSTOMER,HETALLS GLOBAL PRIVATE LIMITED,Individual,Consumer,-,,,,,,,,,,,,,,
,,,,,,,,,,,,,,,,,,,,,,,,,,,,,CUSTOMER,HETALLS GLOBAL PRIVATE LIMITED,Individual,Consumer,-,,,,,,,,,,,,,,
,,,,,,,,,,,,,,,,,,,,,,,,,,,,,CUSTOMER,HETALLS GLOBAL PRIVATE LIMITED,Individual,Consumer,-,,,,,,,,,,,,,,
,,,,,,,,,,,,,,,,,,,,,,,,,,,,,CUSTOMER,HETALLS GLOBAL PRIVATE LIMITED,Individual,Consumer,-,,,,,,,,,,,,,,
,,,,,,,,,,,,,,,,,,,,,,,,,,,,,CUSTOMER,HETALLS GLOBAL PRIVATE LIMITED,Individual,Consumer,-,,,,,,,,,,,,,,
,,,,,,,,,,,,,,,,,,,,,,,,,,,,,CUSTOMER,HETALLS GLOBAL PRIVATE LIMITED,Individual,Consumer,-,,,,,,,,,,,,,,
,,,,,,,,,,,,,,,,,,,,,,,,,,,,,CUSTOMER,HETALLS GLOBAL PRIVATE LIMITED,Individual,Consumer,-,,,,,,,,,,,,,,
,,,,,,,,,,,,,,,,,,,,,,,,,,,,,CUSTOMER,HETALLS GLOBAL PRIVATE LIMITED,Individual,Consumer,-,,,,,,,,,,,,,,
,,,,,,,,,,,,,,,,,,,,,,,,,,,,,CUSTOMER,HETALLS GLOBAL PRIVATE LIMITED,Individual,Consumer,-,,,,,,,,,,,,,,
,,,,,,,,,,,,,,,,,,,,,,,,,,,,,CUSTOMER,HETALLS GLOBAL PRIVATE LIMITED,Individual,Consumer,-,,,,,,,,,,,,,,
,,,,,,,,,,,,,,,,,,,,,,,,,,,,,CUSTOMER,HETALLS GLOBAL PRIVATE LIMITED,Individual,Consumer,-,,,,,,,,,,,,,,
,,,,,,,,,,,,,,,,,,,,,,,,,,,,,CUSTOMER,HETALLS GLOBAL PRIVATE LIMITED,Individual,Consumer,-,,,,,,,,,,,,,,
,,,,,,,,,,,,,,,,,,,,,,,,,,,,,CUSTOMER,HETALLS GLOBAL PRIVATE LIMITED,Individual,Consumer,-,,,,,,,,,,,,,,
,,,,,,,,,,,,,,,,,,,,,,,,,,,,,CUSTOMER,HETALLS GLOBAL PRIVATE LIMITED,Individual,Consumer,-,,,,,,,,,,,,,,
,,,,,,,,,,,,,,,,,,,,,,,,,,,,,CUSTOMER,HETALLS GLOBAL PRIVATE LIMITED,Individual,Consumer,-,,,,,,,,,,,,,,
,,,,,,,,,,,,,,,,,,,,,,,,,,,,,CUSTOMER,HETALLS GLOBAL PRIVATE LIMITED,Individual,Consumer,-,,,,,,,,,,,,,,
,,,,,,,,,,,,,,,,,,,,,,,,,,,,,CUSTOMER,HETALLS GLOBAL PRIVATE LIMITED,Individual,Consumer,-,,,,,,,,,,,,,,
,,,,,,,,,,,,,,,,,,,,,,,,,,,,,CUSTOMER,HETALLS GLOBAL PRIVATE LIMITED,Individual,Consumer,-,,,,,,,,,,,,,,
,,,,,,,,,,,,,,,,,,,,,,,,,,,,,CUSTOMER,HETALLS GLOBAL PRIVATE LIMITED,Individual,Consumer,-,,,,,,,,,,,,,,
,,,,,,,,,,,,,,,,,,,,,,,,,,,,,CUSTOMER,HETALLS GLOBAL PRIVATE LIMITED,Individual,Consumer,-,,,,,,,,,,,,,,
,,,,,,,,,,,,,,,,,,,,,,,,,,,,,CUSTOMER,HETALLS GLOBAL PRIVATE LIMITED,Individual,Consumer,-,,,,,,,,,,,,,,
,,,,,,,,,,,,,,,,,,,,,,,,,,,,,CUSTOMER,HETALLS GLOBAL PRIVATE LIMITED,Individual,Consumer,-,,,,,,,,,,,,,,
,,,,,,,,,,,,,,,,,,,,,,,,,,,,,CUSTOMER,HETALLS GLOBAL PRIVATE LIMITED,Individual,Consumer,-,,,,,,,,,,,,,,
,,,,,,,,,,,,,,,,,,,,,,,,,,,,,CUSTOMER,HETALLS GLOBAL PRIVATE LIMITED,Individual,Consumer,-,,,,,,,,,,,,,,
,,,,,,,,,,,,,,,,,,,,,,,,,,,,,CUSTOMER,HETALLS GLOBAL PRIVATE LIMITED,Individual,Consumer,-,,,,,,,,,,,,,,
,,,,,,,,,,,,,,,,,,,,,,,,,,,,,CUSTOMER,HETALLS GLOBAL PRIVATE LIMITED,Individual,Consumer,-,,,,,,,,,,,,,,
,,,,,,,,,,,,,,,,,,,,,,,,,,,,,CUSTOMER,HETALLS GLOBAL PRIVATE LIMITED,Individual,Consumer,-,,,,,,,,,,,,,,
,,,,,,,,,,,,,,,,,,,,,,,,,,,,,CUSTOMER,HETALLS GLOBAL PRIVATE LIMITED,Individual,Consumer,-,,,,,,,,,,,,,,
,,,,,,,,,,,,,,,,,,,,,,,,,,,,,CUSTOMER,HETALLS GLOBAL PRIVATE LIMITED,Individual,Consumer,-,,,,,,,,,,,,,,
,,,,,,,,,,,,,,,,,,,,,,,,,,,,,CUSTOMER,HETALLS GLOBAL PRIVATE LIMITED,Individual,Consumer,-,,,,,,,,,,,,,,
,,,,,,,,,,,,,,,,,,,,,,,,,,,,,CUSTOMER,HETALLS GLOBAL PRIVATE LIMITED,Individual,Consumer,-,,,,,,,,,,,,,,
,,,,,,,,,,,,,,,,,,,,,,,,,,,,,CUSTOMER,HETALLS GLOBAL PRIVATE LIMITED,Individual,Consumer,-,,,,,,,,,,,,,,
,,,,,,,,,,,,,,,,,,,,,,,,,,,,,CUSTOMER,HETALLS GLOBAL PRIVATE LIMITED,Individual,Consumer,-,,,,,,,,,,,,,,
,,,,,,,,,,,,,,,,,,,,,,,,,,,,,CUSTOMER,HETALLS GLOBAL PRIVATE LIMITED,Individual,Consumer,-,,,,,,,,,,,,,,
,,,,,,,,,,,,,,,,,,,,,,,,,,,,,CUSTOMER,HETALLS GLOBAL PRIVATE LIMITED,Individual,Consumer,-,,,,,,,,,,,,,,
,,,,,,,,,,,,,,,,,,,,,,,,,,,,,CUSTOMER,HETALLS GLOBAL PRIVATE LIMITED,Individual,Consumer,-,,,,,,,,,,,,,,
,,,,,,,,,,,,,,,,,,,,,,,,,,,,,CUSTOMER,HETALLS GLOBAL PRIVATE LIMITED,Individual,Consumer,-,,,,,,,,,,,,,,
,,,,,,,,,,,,,,,,,,,,,,,,,,,,,CUSTOMER,HETALLS GLOBAL PRIVATE LIMITED,Individual,Consumer,-,,,,,,,,,,,,,,
,,,,,,,,,,,,,,,,,,,,,,,,,,,,,CUSTOMER,HETALLS GLOBAL PRIVATE LIMITED,Individual,Consumer,-,,,,,,,,,,,,,,
,,,,,,,,,,,,,,,,,,,,,,,,,,,,,CUSTOMER,HETALLS GLOBAL PRIVATE LIMITED,Individual,Consumer,-,,,,,,,,,,,,,,
,,,,,,,,,,,,,,,,,,,,,,,,,,,,,CUSTOMER,HETALLS GLOBAL PRIVATE LIMITED,Individual,Consumer,-,,,,,,,,,,,,,,
,,,,,,,,,,,,,,,,,,,,,,,,,,,,,CUSTOMER,HETALLS GLOBAL PRIVATE LIMITED,Individual,Consumer,-,,,,,,,,,,,,,,
,,,,,,,,,,,,,,,,,,,,,,,,,,,,,CUSTOMER,HETALLS GLOBAL PRIVATE LIMITED,Individual,Consumer,-,,,,,,,,,,,,,,
,,,,,,,,,,,,,,,,,,,,,,,,,,,,,CUSTOMER,HETALLS GLOBAL PRIVATE LIMITED,Individual,Consumer,-,,,,,,,,,,,,,,
,,,,,,,,,,,,,,,,,,,,,,,,,,,,,CUSTOMER,HETALLS GLOBAL PRIVATE LIMITED,Individual,Consumer,-,,,,,,,,,,,,,,
,,,,,,,,,,,,,,,,,,,,,,,,,,,,,CUSTOMER,HETALLS GLOBAL PRIVATE LIMITED,Individual,Consumer,-,,,,,,,,,,,,,,
,,,,,,,,,,,,,,,,,,,,,,,,,,,,,CUSTOMER,HETALLS GLOBAL PRIVATE LIMITED,Individual,Consumer,-,,,,,,,,,,,,,,
,,,,,,,,,,,,,,,,,,,,,,,,,,,,,CUSTOMER,HETALLS GLOBAL PRIVATE LIMITED,Individual,Consumer,-,,,,,,,,,,,,,,
,,,,,,,,,,,,,,,,,,,,,,,,,,,,,CUSTOMER,HETALLS GLOBAL PRIVATE LIMITED,Individual,Consumer,-,,,,,,,,,,,,,,
,,,,,,,,,,,,,,,,,,,,,,,,,,,,,CUSTOMER,HETALLS GLOBAL PRIVATE LIMITED,Individual,Consumer,-,,,,,,,,,,,,,,
,,,,,,,,,,,,,,,,,,,,,,,,,,,,,CUSTOMER,HETALLS GLOBAL PRIVATE LIMITED,Individual,Consumer,-,,,,,,,,,,,,,,
,,,,,,,,,,,,,,,,,,,,,,,,,,,,,CUSTOMER,HETALLS GLOBAL PRIVATE LIMITED,Individual,Consumer,-,,,,,,,,,,,,,,
,,,,,,,,,,,,,,,,,,,,,,,,,,,,,CUSTOMER,HETALLS GLOBAL PRIVATE LIMITED,Individual,Consumer,-,,,,,,,,,,,,,,
,,,,,,,,,,,,,,,,,,,,,,,,,,,,,CUSTOMER,HETALLS GLOBAL PRIVATE LIMITED,Individual,Consumer,-,,,,,,,,,,,,,,
,,,,,,,,,,,,,,,,,,,,,,,,,,,,,CUSTOMER,HETALLS GLOBAL PRIVATE LIMITED,Individual,Consumer,-,,,,,,,,,,,,,,
,,,,,,,,,,,,,,,,,,,,,,,,,,,,,CUSTOMER,HETALLS GLOBAL PRIVATE LIMITED,Individual,Consumer,-,,,,,,,,,,,,,,
,,,,,,,,,,,,,,,,,,,,,,,,,,,,,CUSTOMER,HETALLS GLOBAL PRIVATE LIMITED,Individual,Consumer,-,,,,,,,,,,,,,,
,,,,,,,,,,,,,,,,,,,,,,,,,,,,,CUSTOMER,HETALLS GLOBAL PRIVATE LIMITED,Individual,Consumer,-,,,,,,,,,,,,,,
,,,,,,,,,,,,,,,,,,,,,,,,,,,,,CUSTOMER,HETALLS GLOBAL PRIVATE LIMITED,Individual,Consumer,-,,,,,,,,,,,,,,
,,,,,,,,,,,,,,,,,,,,,,,,,,,,,CUSTOMER,HETALLS GLOBAL PRIVATE LIMITED,Individual,Consumer,-,,,,,,,,,,,,,,
,,,,,,,,,,,,,,,,,,,,,,,,,,,,,CUSTOMER,HETALLS GLOBAL PRIVATE LIMITED,Individual,Consumer,-,,,,,,,,,,,,,,
,,,,,,,,,,,,,,,,,,,,,,,,,,,,,CUSTOMER,HETALLS GLOBAL PRIVATE LIMITED,Individual,Consumer,-,,,,,,,,,,,,,,
,,,,,,,,,,,,,,,,,,,,,,,,,,,,,CUSTOMER,HETALLS GLOBAL PRIVATE LIMITED,Individual,Consumer,-,,,,,,,,,,,,,,
,,,,,,,,,,,,,,,,,,,,,,,,,,,,,CUSTOMER,HETALLS GLOBAL PRIVATE LIMITED,Individual,Consumer,-,,,,,,,,,,,,,,
,,,,,,,,,,,,,,,,,,,,,,,,,,,,,CUSTOMER,HETALLS GLOBAL PRIVATE LIMITED,Individual,Consumer,-,,,,,,,,,,,,,,
,,,,,,,,,,,,,,,,,,,,,,,,,,,,,CUSTOMER,HETALLS GLOBAL PRIVATE LIMITED,Individual,Consumer,-,,,,,,,,,,,,,,
,,,,,,,,,,,,,,,,,,,,,,,,,,,,,CUSTOMER,HETALLS GLOBAL PRIVATE LIMITED,Individual,Consumer,-,,,,,,,,,,,,,,
,,,,,,,,,,,,,,,,,,,,,,,,,,,,,CUSTOMER,HETALLS GLOBAL PRIVATE LIMITED,Individual,Consumer,-,,,,,,,,,,,,,,
,,,,,,,,,,,,,,,,,,,,,,,,,,,,,CUSTOMER,HETALLS GLOBAL PRIVATE LIMITED,Individual,Consumer,-,,,,,,,,,,,,,,
,,,,,,,,,,,,,,,,,,,,,,,,,,,,,CUSTOMER,HETALLS GLOBAL PRIVATE LIMITED,Individual,Consumer,-,,,,,,,,,,,,,,
,,,,,,,,,,,,,,,,,,,,,,,,,,,,,CUSTOMER,HETALLS GLOBAL PRIVATE LIMITED,Individual,Consumer,-,,,,,,,,,,,,,,
,,,,,,,,,,,,,,,,,,,,,,,,,,,,,CUSTOMER,HETALLS GLOBAL PRIVATE LIMITED,Individual,Consumer,-,,,,,,,,,,,,,,
,,,,,,,,,,,,,,,,,,,,,,,,,,,,,CUSTOMER,HETALLS GLOBAL PRIVATE LIMITED,Individual,Consumer,-,,,,,,,,,,,,,,
,,,,,,,,,,,,,,,,,,,,,,,,,,,,,CUSTOMER,HETALLS GLOBAL PRIVATE LIMITED,Individual,Consumer,-,,,,,,,,,,,,,,
,,,,,,,,,,,,,,,,,,,,,,,,,,,,,CUSTOMER,HETALLS GLOBAL PRIVATE LIMITED,Individual,Consumer,-,,,,,,,,,,,,,,
,,,,,,,,,,,,,,,,,,,,,,,,,,,,,CUSTOMER,HETALLS GLOBAL PRIVATE LIMITED,Individual,Consumer,-,,,,,,,,,,,,,,
,,,,,,,,,,,,,,,,,,,,,,,,,,,,,CUSTOMER,HETALLS GLOBAL PRIVATE LIMITED,Individual,Consumer,-,,,,,,,,,,,,,,
,,,,,,,,,,,,,,,,,,,,,,,,,,,,,CUSTOMER,HETALLS GLOBAL PRIVATE LIMITED,Individual,Consumer,-,,,,,,,,,,,,,,
,,,,,,,,,,,,,,,,,,,,,,,,,,,,,CUSTOMER,HETALLS GLOBAL PRIVATE LIMITED,Individual,Consumer,-,,,,,,,,,,,,,,
,,,,,,,,,,,,,,,,,,,,,,,,,,,,,CUSTOMER,HETALLS GLOBAL PRIVATE LIMITED,Individual,Consumer,-,,,,,,,,,,,,,,
,,,,,,,,,,,,,,,,,,,,,,,,,,,,,CUSTOMER,HETALLS GLOBAL PRIVATE LIMITED,Individual,Consumer,-,,,,,,,,,,,,,,
,,,,,,,,,,,,,,,,,,,,,,,,,,,,,CUSTOMER,HETALLS GLOBAL PRIVATE LIMITED,Individual,Consumer,-,,,,,,,,,,,,,,
,,,,,,,,,,,,,,,,,,,,,,,,,,,,,CUSTOMER,HETALLS GLOBAL PRIVATE LIMITED,Individual,Consumer,-,,,,,,,,,,,,,,
,,,,,,,,,,,,,,,,,,,,,,,,,,,,,CUSTOMER,HETALLS GLOBAL PRIVATE LIMITED,Individual,Consumer,-,,,,,,,,,,,,,,
,,,,,,,,,,,,,,,,,,,,,,,,,,,,,CUSTOMER,HETALLS GLOBAL PRIVATE LIMITED,Individual,Consumer,-,,,,,,,,,,,,,,
,,,,,,,,,,,,,,,,,,,,,,,,,,,,,CUSTOMER,HETALLS GLOBAL PRIVATE LIMITED,Individual,Consumer,-,,,,,,,,,,,,,,
,,,,,,,,,,,,,,,,,,,,,,,,,,,,,CUSTOMER,HETALLS GLOBAL PRIVATE LIMITED,Individual,Consumer,-,,,,,,,,,,,,,,
,,,,,,,,,,,,,,,,,,,,,,,,,,,,,CUSTOMER,HETALLS GLOBAL PRIVATE LIMITED,Individual,Consumer,-,,,,,,,,,,,,,,
,,,,,,,,,,,,,,,,,,,,,,,,,,,,,CUSTOMER,HETALLS GLOBAL PRIVATE LIMITED,Individual,Consumer,-,,,,,,,,,,,,,,
,,,,,,,,,,,,,,,,,,,,,,,,,,,,,CUSTOMER,HETALLS GLOBAL PRIVATE LIMITED,Individual,Consumer,-,,,,,,,,,,,,,,
,,,,,,,,,,,,,,,,,,,,,,,,,,,,,CUSTOMER,HETALLS GLOBAL PRIVATE LIMITED,Individual,Consumer,-,,,,,,,,,,,,,,
,,,,,,,,,,,,,,,,,,,,,,,,,,,,,CUSTOMER,HETALLS GLOBAL PRIVATE LIMITED,Individual,Consumer,-,,,,,,,,,,,,,,
,,,,,,,,,,,,,,,,,,,,,,,,,,,,,CUSTOMER,HETALLS GLOBAL PRIVATE LIMITED,Individual,Consumer,-,,,,,,,,,,,,,,
,,,,,,,,,,,,,,,,,,,,,,,,,,,,,CUSTOMER,HETALLS GLOBAL PRIVATE LIMITED,Individual,Consumer,-,,,,,,,,,,,,,,
,,,,,,,,,,,,,,,,,,,,,,,,,,,,,CUSTOMER,HETALLS GLOBAL PRIVATE LIMITED,Individual,Consumer,-,,,,,,,,,,,,,,
,,,,,,,,,,,,,,,,,,,,,,,,,,,,,CUSTOMER,HETALLS GLOBAL PRIVATE LIMITED,Individual,Consumer,-,,,,,,,,,,,,,,
,,,,,,,,,,,,,,,,,,,,,,,,,,,,,CUSTOMER,HETALLS GLOBAL PRIVATE LIMITED,Individual,Consumer,-,,,,,,,,,,,,,,
,,,,,,,,,,,,,,,,,,,,,,,,,,,,,CUSTOMER,HETALLS GLOBAL PRIVATE LIMITED,Individual,Consumer,-,,,,,,,,,,,,,,
,,,,,,,,,,,,,,,,,,,,,,,,,,,,,CUSTOMER,HETALLS GLOBAL PRIVATE LIMITED,Individual,Consumer,-,,,,,,,,,,,,,,
,,,,,,,,,,,,,,,,,,,,,,,,,,,,,CUSTOMER,HETALLS GLOBAL PRIVATE LIMITED,Individual,Consumer,-,,,,,,,,,,,,,,
,,,,,,,,,,,,,,,,,,,,,,,,,,,,,CUSTOMER,HETALLS GLOBAL PRIVATE LIMITED,Individual,Consumer,-,,,,,,,,,,,,,,
,,,,,,,,,,,,,,,,,,,,,,,,,,,,,CUSTOMER,HETALLS GLOBAL PRIVATE LIMITED,Individual,Consumer,-,,,,,,,,,,,,,,
,,,,,,,,,,,,,,,,,,,,,,,,,,,,,CUSTOMER,HETALLS GLOBAL PRIVATE LIMITED,Individual,Consumer,-,,,,,,,,,,,,,,
,,,,,,,,,,,,,,,,,,,,,,,,,,,,,CUSTOMER,HETALLS GLOBAL PRIVATE LIMITED,Individual,Consumer,-,,,,,,,,,,,,,,
,,,,,,,,,,,,,,,,,,,,,,,,,,,,,CUSTOMER,HETALLS GLOBAL PRIVATE LIMITED,Individual,Consumer,-,,,,,,,,,,,,,,
,,,,,,,,,,,,,,,,,,,,,,,,,,,,,CUSTOMER,HETALLS GLOBAL PRIVATE LIMITED,Individual,Consumer,-,,,,,,,,,,,,,,
,,,,,,,,,,,,,,,,,,,,,,,,,,,,,CUSTOMER,HETALLS GLOBAL PRIVATE LIMITED,Individual,Consumer,-,,,,,,,,,,,,,,
,,,,,,,,,,,,,,,,,,,,,,,,,,,,,CUSTOMER,HETALLS GLOBAL PRIVATE LIMITED,Individual,Consumer,-,,,,,,,,,,,,,,
,,,,,,,,,,,,,,,,,,,,,,,,,,,,,CUSTOMER,HETALLS GLOBAL PRIVATE LIMITED,Individual,Consumer,-,,,,,,,,,,,,,,
,,,,,,,,,,,,,,,,,,,,,,,,,,,,,CUSTOMER,HETALLS GLOBAL PRIVATE LIMITED,Individual,Consumer,-,,,,,,,,,,,,,,
,,,,,,,,,,,,,,,,,,,,,,,,,,,,,CUSTOMER,HETALLS GLOBAL PRIVATE LIMITED,Individual,Consumer,-,,,,,,,,,,,,,,
,,,,,,,,,,,,,,,,,,,,,,,,,,,,,CUSTOMER,HETALLS GLOBAL PRIVATE LIMITED,Individual,Consumer,-,,,,,,,,,,,,,,
,,,,,,,,,,,,,,,,,,,,,,,,,,,,,CUSTOMER,HETALLS GLOBAL PRIVATE LIMITED,Individual,Consumer,-,,,,,,,,,,,,,,
,,,,,,,,,,,,,,,,,,,,,,,,,,,,,CUSTOMER,HETALLS GLOBAL PRIVATE LIMITED,Individual,Consumer,-,,,,,,,,,,,,,,
,,,,,,,,,,,,,,,,,,,,,,,,,,,,,CUSTOMER,HETALLS GLOBAL PRIVATE LIMITED,Individual,Consumer,-,,,,,,,,,,,,,,